game_date,away_team,home_team,away_points,home_points,away_main_10,home_main_10
2025-10-21,GSW,LAL,119,109,Brandin Podziemski; Draymond Green; Moses Moody; Gui Santos; Will Richard; Stephen Curry; Pat Spencer; Jimmy Butler; Quinten Post; Gary Payton II,Luka Dončić; Jake LaRavia; LeBron James; Deandre Ayton; Rui Hachimura; Marcus Smart; Austin Reaves; Jaxson Hayes; Jarred Vanderbilt; Luke Kennard
2025-10-21,HOU,OKC,124,125,Amen Thompson; Kevin Durant; Jabari Smith Jr.; Alperen Sengun; Reed Sheppard; Tari Eason; Josh Okogie; Clint Capela; Aaron Holiday; Steven Adams,Shai Gilgeous-Alexander; Cason Wallace; Chet Holmgren; Luguentz Dort; Isaiah Joe; Ajay Mitchell; Aaron Wiggins; Jaylin Williams; Isaiah Hartenstein; Alex Caruso
2025-10-22,BKN,CHA,117,136,Nic Claxton; Noah Clowney; Michael Porter Jr.; Terance Mann; Drake Powell; Egor Dёmin; Ziaire Williams; Nolan Traoré; Danny Wolf; Day'Ron Sharpe,Kon Knueppel; Miles Bridges; LaMelo Ball; Brandon Miller; Moussa Diabaté; Sion James; Ryan Kalkbrenner; Collin Sexton; Josh Green; Grant Williams
2025-10-22,CLE,NYK,111,119,Donovan Mitchell; Evan Mobley; Jaylon Tyson; Jarrett Allen; Sam Merrill; Dean Wade; Craig Porter Jr.; De'Andre Hunter; Nae'Qwan Tomlin; James Harden,Mikal Bridges; Jalen Brunson; Karl-Anthony Towns; OG Anunoby; Josh Hart; Jordan Clarkson; Mitchell Robinson; Landry Shamet; Miles McBride; Tyler Kolek
2025-10-22,DET,CHI,111,115,Cade Cunningham; Duncan Robinson; Jalen Duren; Ausar Thompson; Tobias Harris; Ron Holland; Daniss Jenkins; Javonte Green; Isaiah Stewart; Caris LeVert,Matas Buzelis; Tre Jones; Josh Giddey; Isaac Okoro; Nikola Vučević; Patrick Williams; Ayo Dosunmu; Jalen Smith; Kevin Huerter; Coby White
2025-10-22,LAC,UTA,108,129,Kris Dunn; Kawhi Leonard; John Collins; Brook Lopez; James Harden; Kobe Sanders; Derrick Jones Jr.; Ivica Zubac; Jordan Miller; Nicolas Batum,Ace Bailey; Kyle Filipowski; Keyonte George; Brice Sensabaugh; Cody Williams; Isaiah Collier; Lauri Markkanen; Svi Mykhailiuk; Jusuf Nurkić; Walter Clayton
2025-10-22,MIA,ORL,121,125,Bam Adebayo; Jaime Jaquez Jr.; Andrew Wiggins; Davion Mitchell; Pelle Larsson; Norman Powell; Kel'el Ware; Simone Fontecchio; Dru Smith; Tyler Herro,Desmond Bane; Paolo Banchero; Wendell Carter Jr.; Anthony Black; Tristan Da Silva; Jalen Suggs; Franz Wagner; Goga Bitadze; Noah Penda; Tyus Jones
2025-10-22,MIN,POR,118,114,Julius Randle; Donte DiVincenzo; Rudy Gobert; Jaden McDaniels; Anthony Edwards; Naz Reid; Bones Hyland; Mike Conley; Jaylen Clark; Ayo Dosunmu,Toumani Camara; Deni Avdija; Donovan Clingan; Jerami Grant; Jrue Holiday; Shaedon Sharpe; Sidy Cissoko; Kris Murray; Caleb Love; Robert Williams
2025-10-22,NOP,MEM,122,128,Trey Murphy III; Saddiq Bey; Jeremiah Fears; Derik Queen; Zion Williamson; Herbert Jones; Yves Missi; Jordan Poole; Micah Peavy; Karlo Matković,Jaylen Wells; Cam Spencer; Cedric Coward; Jaren Jackson Jr.; Santi Aldama; GG Jackson II; Kentavious Caldwell-Pope; Jock Landale; Olivier-Maxence Prosper; Javon Small
2025-10-22,PHI,BOS,117,116,Tyrese Maxey; VJ Edgecombe; Quentin Grimes; Dominick Barlow; Kelly Oubre Jr.; Adem Bona; Andre Drummond; Joel Embiid; Paul George; Justin Edwards,Derrick White; Payton Pritchard; Jaylen Brown; Sam Hauser; Neemias Queta; Baylor Scheierman; Jordan Walsh; Anfernee Simons; Luka Garza; Hugo González
2025-10-22,SAC,PHX,116,120,DeMar DeRozan; Maxime Raynaud; Nique Clifford; Russell Westbrook; Precious Achiuwa; Malik Monk; Zach LaVine; Dennis Schröder; Dylan Cardwell; Daeqwon Plowden,Collin Gillespie; Royce O'Neale; Devin Booker; Oso Ighodaro; Dillon Brooks; Jordan Goodwin; Grayson Allen; Mark Williams; Ryan Dunn; Jalen Green
2025-10-22,SAS,DAL,125,92,Julian Champagnie; De'Aaron Fox; Devin Vassell; Stephon Castle; Harrison Barnes; Keldon Johnson; Victor Wembanyama; Dylan Harper; Luke Kornet; Carter Bryant,Cooper Flagg; Max Christie; Naji Marshall; P.J. Washington; Klay Thompson; Brandon Williams; Daniel Gafford; Ryan Nembhard; Dwight Powell; Caleb Martin
2025-10-22,TOR,ATL,138,118,Scottie Barnes; Brandon Ingram; Immanuel Quickley; Jamal Shead; Sandro Mamukelashvili; RJ Barrett; Ja'Kobe Walter; Collin Murray-Boyles; Jakob Poeltl; Gradey Dick,Nickeil Alexander-Walker; Jalen Johnson; Dyson Daniels; Onyeka Okongwu; Zaccharie Risacher; CJ McCollum; Mouhamed Gueye; Vít Krejčí; Luke Kennard; Corey Kispert
2025-10-22,WAS,MIL,120,133,Bub Carrington; Will Riley; Bilal Coulibaly; Tre Johnson; Kyshawn George; Justin Champagnie; Alex Sarr; CJ McCollum; Jamir Watkins; Anthony Gill,Ryan Rollins; A.J. Green; Myles Turner; Kyle Kuzma; Bobby Portis; Gary Trent Jr.; Jericho Sims; Kevin Porter Jr.; Giannis Antetokounmpo; Ousmane Dieng
2025-10-23,DEN,GSW,131,137,Jamal Murray; Nikola Jokić; Tim Hardaway Jr.; Bruce Brown; Cameron Johnson; Peyton Watson; Spencer Jones; Christian Braun; Aaron Gordon; Jonas Valančiūnas,Brandin Podziemski; Draymond Green; Moses Moody; Gui Santos; Will Richard; Stephen Curry; Pat Spencer; Jimmy Butler; Quinten Post; Gary Payton II
2025-10-23,OKC,IND,141,135,Shai Gilgeous-Alexander; Cason Wallace; Chet Holmgren; Luguentz Dort; Isaiah Joe; Ajay Mitchell; Aaron Wiggins; Jaylin Williams; Isaiah Hartenstein; Alex Caruso,Pascal Siakam; Jarace Walker; Andrew Nembhard; Jay Huff; Ben Sheppard; Aaron Nesmith; T.J. McConnell; Micah Potter; Quenton Jackson; Bennedict Mathurin
2025-10-24,ATL,ORL,111,107,Nickeil Alexander-Walker; Jalen Johnson; Dyson Daniels; Onyeka Okongwu; Zaccharie Risacher; CJ McCollum; Mouhamed Gueye; Vít Krejčí; Luke Kennard; Corey Kispert,Desmond Bane; Paolo Banchero; Wendell Carter Jr.; Anthony Black; Tristan Da Silva; Jalen Suggs; Franz Wagner; Goga Bitadze; Noah Penda; Tyus Jones
2025-10-24,BOS,NYK,95,105,Derrick White; Payton Pritchard; Jaylen Brown; Sam Hauser; Neemias Queta; Baylor Scheierman; Jordan Walsh; Anfernee Simons; Luka Garza; Hugo González,Mikal Bridges; Jalen Brunson; Karl-Anthony Towns; OG Anunoby; Josh Hart; Jordan Clarkson; Mitchell Robinson; Landry Shamet; Miles McBride; Tyler Kolek
2025-10-24,CLE,BKN,131,124,Donovan Mitchell; Evan Mobley; Jaylon Tyson; Jarrett Allen; Sam Merrill; Dean Wade; Craig Porter Jr.; De'Andre Hunter; Nae'Qwan Tomlin; James Harden,Nic Claxton; Noah Clowney; Michael Porter Jr.; Terance Mann; Drake Powell; Egor Dёmin; Ziaire Williams; Nolan Traoré; Danny Wolf; Day'Ron Sharpe
2025-10-24,DET,HOU,115,111,Cade Cunningham; Duncan Robinson; Jalen Duren; Ausar Thompson; Tobias Harris; Ron Holland; Daniss Jenkins; Javonte Green; Isaiah Stewart; Caris LeVert,Amen Thompson; Kevin Durant; Jabari Smith Jr.; Alperen Sengun; Reed Sheppard; Tari Eason; Josh Okogie; Clint Capela; Aaron Holiday; Steven Adams
2025-10-24,GSW,POR,119,139,Brandin Podziemski; Draymond Green; Moses Moody; Gui Santos; Will Richard; Stephen Curry; Pat Spencer; Jimmy Butler; Quinten Post; Gary Payton II,Toumani Camara; Deni Avdija; Donovan Clingan; Jerami Grant; Jrue Holiday; Shaedon Sharpe; Sidy Cissoko; Kris Murray; Caleb Love; Robert Williams
2025-10-24,MIA,MEM,146,114,Bam Adebayo; Jaime Jaquez Jr.; Andrew Wiggins; Davion Mitchell; Pelle Larsson; Norman Powell; Kel'el Ware; Simone Fontecchio; Dru Smith; Tyler Herro,Jaylen Wells; Cam Spencer; Cedric Coward; Jaren Jackson Jr.; Santi Aldama; GG Jackson II; Kentavious Caldwell-Pope; Jock Landale; Olivier-Maxence Prosper; Javon Small
2025-10-24,MIL,TOR,122,116,Ryan Rollins; A.J. Green; Myles Turner; Kyle Kuzma; Bobby Portis; Gary Trent Jr.; Jericho Sims; Kevin Porter Jr.; Giannis Antetokounmpo; Ousmane Dieng,Scottie Barnes; Brandon Ingram; Immanuel Quickley; Jamal Shead; Sandro Mamukelashvili; RJ Barrett; Ja'Kobe Walter; Collin Murray-Boyles; Jakob Poeltl; Gradey Dick
2025-10-24,MIN,LAL,110,128,Julius Randle; Donte DiVincenzo; Rudy Gobert; Jaden McDaniels; Anthony Edwards; Naz Reid; Bones Hyland; Mike Conley; Jaylen Clark; Ayo Dosunmu,Luka Dončić; Jake LaRavia; LeBron James; Deandre Ayton; Rui Hachimura; Marcus Smart; Austin Reaves; Jaxson Hayes; Jarred Vanderbilt; Luke Kennard
2025-10-24,PHX,LAC,102,129,Collin Gillespie; Royce O'Neale; Devin Booker; Oso Ighodaro; Dillon Brooks; Jordan Goodwin; Grayson Allen; Mark Williams; Ryan Dunn; Jalen Green,Kris Dunn; Kawhi Leonard; John Collins; Brook Lopez; James Harden; Kobe Sanders; Derrick Jones Jr.; Ivica Zubac; Jordan Miller; Nicolas Batum
2025-10-24,SAS,NOP,120,116,Julian Champagnie; De'Aaron Fox; Devin Vassell; Stephon Castle; Harrison Barnes; Keldon Johnson; Victor Wembanyama; Dylan Harper; Luke Kornet; Carter Bryant,Trey Murphy III; Saddiq Bey; Jeremiah Fears; Derik Queen; Zion Williamson; Herbert Jones; Yves Missi; Jordan Poole; Micah Peavy; Karlo Matković
2025-10-24,UTA,SAC,104,105,Ace Bailey; Kyle Filipowski; Keyonte George; Brice Sensabaugh; Cody Williams; Isaiah Collier; Lauri Markkanen; Svi Mykhailiuk; Jusuf Nurkić; Walter Clayton,DeMar DeRozan; Maxime Raynaud; Nique Clifford; Russell Westbrook; Precious Achiuwa; Malik Monk; Zach LaVine; Dennis Schröder; Dylan Cardwell; Daeqwon Plowden
2025-10-24,WAS,DAL,117,107,Bub Carrington; Will Riley; Bilal Coulibaly; Tre Johnson; Kyshawn George; Justin Champagnie; Alex Sarr; CJ McCollum; Jamir Watkins; Anthony Gill,Cooper Flagg; Max Christie; Naji Marshall; P.J. Washington; Klay Thompson; Brandon Williams; Daniel Gafford; Ryan Nembhard; Dwight Powell; Caleb Martin
2025-10-25,CHA,PHI,121,125,Kon Knueppel; Miles Bridges; LaMelo Ball; Brandon Miller; Moussa Diabaté; Sion James; Ryan Kalkbrenner; Collin Sexton; Josh Green; Grant Williams,Tyrese Maxey; VJ Edgecombe; Quentin Grimes; Dominick Barlow; Kelly Oubre Jr.; Adem Bona; Andre Drummond; Joel Embiid; Paul George; Justin Edwards
2025-10-25,CHI,ORL,110,98,Matas Buzelis; Tre Jones; Josh Giddey; Isaac Okoro; Nikola Vučević; Patrick Williams; Ayo Dosunmu; Jalen Smith; Kevin Huerter; Coby White,Desmond Bane; Paolo Banchero; Wendell Carter Jr.; Anthony Black; Tristan Da Silva; Jalen Suggs; Franz Wagner; Goga Bitadze; Noah Penda; Tyus Jones
2025-10-25,IND,MEM,103,128,Pascal Siakam; Jarace Walker; Andrew Nembhard; Jay Huff; Ben Sheppard; Aaron Nesmith; T.J. McConnell; Micah Potter; Quenton Jackson; Bennedict Mathurin,Jaylen Wells; Cam Spencer; Cedric Coward; Jaren Jackson Jr.; Santi Aldama; GG Jackson II; Kentavious Caldwell-Pope; Jock Landale; Olivier-Maxence Prosper; Javon Small
2025-10-25,OKC,ATL,117,100,Shai Gilgeous-Alexander; Cason Wallace; Chet Holmgren; Luguentz Dort; Isaiah Joe; Ajay Mitchell; Aaron Wiggins; Jaylin Williams; Isaiah Hartenstein; Alex Caruso,Nickeil Alexander-Walker; Jalen Johnson; Dyson Daniels; Onyeka Okongwu; Zaccharie Risacher; CJ McCollum; Mouhamed Gueye; Vít Krejčí; Luke Kennard; Corey Kispert
2025-10-25,PHX,DEN,111,133,Collin Gillespie; Royce O'Neale; Devin Booker; Oso Ighodaro; Dillon Brooks; Jordan Goodwin; Grayson Allen; Mark Williams; Ryan Dunn; Jalen Green,Jamal Murray; Nikola Jokić; Tim Hardaway Jr.; Bruce Brown; Cameron Johnson; Peyton Watson; Spencer Jones; Christian Braun; Aaron Gordon; Jonas Valančiūnas
2025-10-26,BKN,SAS,107,118,Nic Claxton; Noah Clowney; Michael Porter Jr.; Terance Mann; Drake Powell; Egor Dёmin; Ziaire Williams; Nolan Traoré; Danny Wolf; Day'Ron Sharpe,Julian Champagnie; De'Aaron Fox; Devin Vassell; Stephon Castle; Harrison Barnes; Keldon Johnson; Victor Wembanyama; Dylan Harper; Luke Kornet; Carter Bryant
2025-10-26,BOS,DET,113,119,Derrick White; Payton Pritchard; Jaylen Brown; Sam Hauser; Neemias Queta; Baylor Scheierman; Jordan Walsh; Anfernee Simons; Luka Garza; Hugo González,Cade Cunningham; Duncan Robinson; Jalen Duren; Ausar Thompson; Tobias Harris; Ron Holland; Daniss Jenkins; Javonte Green; Isaiah Stewart; Caris LeVert
2025-10-26,CHA,WAS,139,113,Kon Knueppel; Miles Bridges; LaMelo Ball; Brandon Miller; Moussa Diabaté; Sion James; Ryan Kalkbrenner; Collin Sexton; Josh Green; Grant Williams,Bub Carrington; Will Riley; Bilal Coulibaly; Tre Johnson; Kyshawn George; Justin Champagnie; Alex Sarr; CJ McCollum; Jamir Watkins; Anthony Gill
2025-10-26,IND,MIN,110,114,Pascal Siakam; Jarace Walker; Andrew Nembhard; Jay Huff; Ben Sheppard; Aaron Nesmith; T.J. McConnell; Micah Potter; Quenton Jackson; Bennedict Mathurin,Julius Randle; Donte DiVincenzo; Rudy Gobert; Jaden McDaniels; Anthony Edwards; Naz Reid; Bones Hyland; Mike Conley; Jaylen Clark; Ayo Dosunmu
2025-10-26,LAL,SAC,127,120,Luka Dončić; Jake LaRavia; LeBron James; Deandre Ayton; Rui Hachimura; Marcus Smart; Austin Reaves; Jaxson Hayes; Jarred Vanderbilt; Luke Kennard,DeMar DeRozan; Maxime Raynaud; Nique Clifford; Russell Westbrook; Precious Achiuwa; Malik Monk; Zach LaVine; Dennis Schröder; Dylan Cardwell; Daeqwon Plowden
2025-10-26,MIL,CLE,113,118,Ryan Rollins; A.J. Green; Myles Turner; Kyle Kuzma; Bobby Portis; Gary Trent Jr.; Jericho Sims; Kevin Porter Jr.; Giannis Antetokounmpo; Ousmane Dieng,Donovan Mitchell; Evan Mobley; Jaylon Tyson; Jarrett Allen; Sam Merrill; Dean Wade; Craig Porter Jr.; De'Andre Hunter; Nae'Qwan Tomlin; James Harden
2025-10-26,NYK,MIA,107,115,Mikal Bridges; Jalen Brunson; Karl-Anthony Towns; OG Anunoby; Josh Hart; Jordan Clarkson; Mitchell Robinson; Landry Shamet; Miles McBride; Tyler Kolek,Bam Adebayo; Jaime Jaquez Jr.; Andrew Wiggins; Davion Mitchell; Pelle Larsson; Norman Powell; Kel'el Ware; Simone Fontecchio; Dru Smith; Tyler Herro
2025-10-26,POR,LAC,107,114,Toumani Camara; Deni Avdija; Donovan Clingan; Jerami Grant; Jrue Holiday; Shaedon Sharpe; Sidy Cissoko; Kris Murray; Caleb Love; Robert Williams,Kris Dunn; Kawhi Leonard; John Collins; Brook Lopez; James Harden; Kobe Sanders; Derrick Jones Jr.; Ivica Zubac; Jordan Miller; Nicolas Batum
2025-10-26,TOR,DAL,129,139,Scottie Barnes; Brandon Ingram; Immanuel Quickley; Jamal Shead; Sandro Mamukelashvili; RJ Barrett; Ja'Kobe Walter; Collin Murray-Boyles; Jakob Poeltl; Gradey Dick,Cooper Flagg; Max Christie; Naji Marshall; P.J. Washington; Klay Thompson; Brandon Williams; Daniel Gafford; Ryan Nembhard; Dwight Powell; Caleb Martin
2025-10-27,ATL,CHI,123,128,Nickeil Alexander-Walker; Jalen Johnson; Dyson Daniels; Onyeka Okongwu; Zaccharie Risacher; CJ McCollum; Mouhamed Gueye; Vít Krejčí; Luke Kennard; Corey Kispert,Matas Buzelis; Tre Jones; Josh Giddey; Isaac Okoro; Nikola Vučević; Patrick Williams; Ayo Dosunmu; Jalen Smith; Kevin Huerter; Coby White
2025-10-27,BKN,HOU,109,137,Nic Claxton; Noah Clowney; Michael Porter Jr.; Terance Mann; Drake Powell; Egor Dёmin; Ziaire Williams; Nolan Traoré; Danny Wolf; Day'Ron Sharpe,Amen Thompson; Kevin Durant; Jabari Smith Jr.; Alperen Sengun; Reed Sheppard; Tari Eason; Josh Okogie; Clint Capela; Aaron Holiday; Steven Adams
2025-10-27,BOS,NOP,122,90,Derrick White; Payton Pritchard; Jaylen Brown; Sam Hauser; Neemias Queta; Baylor Scheierman; Jordan Walsh; Anfernee Simons; Luka Garza; Hugo González,Trey Murphy III; Saddiq Bey; Jeremiah Fears; Derik Queen; Zion Williamson; Herbert Jones; Yves Missi; Jordan Poole; Micah Peavy; Karlo Matković
2025-10-27,CLE,DET,116,95,Donovan Mitchell; Evan Mobley; Jaylon Tyson; Jarrett Allen; Sam Merrill; Dean Wade; Craig Porter Jr.; De'Andre Hunter; Nae'Qwan Tomlin; James Harden,Cade Cunningham; Duncan Robinson; Jalen Duren; Ausar Thompson; Tobias Harris; Ron Holland; Daniss Jenkins; Javonte Green; Isaiah Stewart; Caris LeVert
2025-10-27,DEN,MIN,127,114,Jamal Murray; Nikola Jokić; Tim Hardaway Jr.; Bruce Brown; Cameron Johnson; Peyton Watson; Spencer Jones; Christian Braun; Aaron Gordon; Jonas Valančiūnas,Julius Randle; Donte DiVincenzo; Rudy Gobert; Jaden McDaniels; Anthony Edwards; Naz Reid; Bones Hyland; Mike Conley; Jaylen Clark; Ayo Dosunmu
2025-10-27,MEM,GSW,118,131,Jaylen Wells; Cam Spencer; Cedric Coward; Jaren Jackson Jr.; Santi Aldama; GG Jackson II; Kentavious Caldwell-Pope; Jock Landale; Olivier-Maxence Prosper; Javon Small,Brandin Podziemski; Draymond Green; Moses Moody; Gui Santos; Will Richard; Stephen Curry; Pat Spencer; Jimmy Butler; Quinten Post; Gary Payton II
2025-10-27,OKC,DAL,101,94,Shai Gilgeous-Alexander; Cason Wallace; Chet Holmgren; Luguentz Dort; Isaiah Joe; Ajay Mitchell; Aaron Wiggins; Jaylin Williams; Isaiah Hartenstein; Alex Caruso,Cooper Flagg; Max Christie; Naji Marshall; P.J. Washington; Klay Thompson; Brandon Williams; Daniel Gafford; Ryan Nembhard; Dwight Powell; Caleb Martin
2025-10-27,ORL,PHI,124,136,Desmond Bane; Paolo Banchero; Wendell Carter Jr.; Anthony Black; Tristan Da Silva; Jalen Suggs; Franz Wagner; Goga Bitadze; Noah Penda; Tyus Jones,Tyrese Maxey; VJ Edgecombe; Quentin Grimes; Dominick Barlow; Kelly Oubre Jr.; Adem Bona; Andre Drummond; Joel Embiid; Paul George; Justin Edwards
2025-10-27,PHX,UTA,134,138,Collin Gillespie; Royce O'Neale; Devin Booker; Oso Ighodaro; Dillon Brooks; Jordan Goodwin; Grayson Allen; Mark Williams; Ryan Dunn; Jalen Green,Ace Bailey; Kyle Filipowski; Keyonte George; Brice Sensabaugh; Cody Williams; Isaiah Collier; Lauri Markkanen; Svi Mykhailiuk; Jusuf Nurkić; Walter Clayton
2025-10-27,POR,LAL,122,108,Toumani Camara; Deni Avdija; Donovan Clingan; Jerami Grant; Jrue Holiday; Shaedon Sharpe; Sidy Cissoko; Kris Murray; Caleb Love; Robert Williams,Luka Dončić; Jake LaRavia; LeBron James; Deandre Ayton; Rui Hachimura; Marcus Smart; Austin Reaves; Jaxson Hayes; Jarred Vanderbilt; Luke Kennard
2025-10-27,TOR,SAS,103,121,Scottie Barnes; Brandon Ingram; Immanuel Quickley; Jamal Shead; Sandro Mamukelashvili; RJ Barrett; Ja'Kobe Walter; Collin Murray-Boyles; Jakob Poeltl; Gradey Dick,Julian Champagnie; De'Aaron Fox; Devin Vassell; Stephon Castle; Harrison Barnes; Keldon Johnson; Victor Wembanyama; Dylan Harper; Luke Kornet; Carter Bryant
2025-10-28,CHA,MIA,117,144,Kon Knueppel; Miles Bridges; LaMelo Ball; Brandon Miller; Moussa Diabaté; Sion James; Ryan Kalkbrenner; Collin Sexton; Josh Green; Grant Williams,Bam Adebayo; Jaime Jaquez Jr.; Andrew Wiggins; Davion Mitchell; Pelle Larsson; Norman Powell; Kel'el Ware; Simone Fontecchio; Dru Smith; Tyler Herro
2025-10-28,LAC,GSW,79,98,Kris Dunn; Kawhi Leonard; John Collins; Brook Lopez; James Harden; Kobe Sanders; Derrick Jones Jr.; Ivica Zubac; Jordan Miller; Nicolas Batum,Brandin Podziemski; Draymond Green; Moses Moody; Gui Santos; Will Richard; Stephen Curry; Pat Spencer; Jimmy Butler; Quinten Post; Gary Payton II
2025-10-28,NYK,MIL,111,121,Mikal Bridges; Jalen Brunson; Karl-Anthony Towns; OG Anunoby; Josh Hart; Jordan Clarkson; Mitchell Robinson; Landry Shamet; Miles McBride; Tyler Kolek,Ryan Rollins; A.J. Green; Myles Turner; Kyle Kuzma; Bobby Portis; Gary Trent Jr.; Jericho Sims; Kevin Porter Jr.; Giannis Antetokounmpo; Ousmane Dieng
2025-10-28,PHI,WAS,139,134,Tyrese Maxey; VJ Edgecombe; Quentin Grimes; Dominick Barlow; Kelly Oubre Jr.; Adem Bona; Andre Drummond; Joel Embiid; Paul George; Justin Edwards,Bub Carrington; Will Riley; Bilal Coulibaly; Tre Johnson; Kyshawn George; Justin Champagnie; Alex Sarr; CJ McCollum; Jamir Watkins; Anthony Gill
2025-10-28,SAC,OKC,101,107,DeMar DeRozan; Maxime Raynaud; Nique Clifford; Russell Westbrook; Precious Achiuwa; Malik Monk; Zach LaVine; Dennis Schröder; Dylan Cardwell; Daeqwon Plowden,Shai Gilgeous-Alexander; Cason Wallace; Chet Holmgren; Luguentz Dort; Isaiah Joe; Ajay Mitchell; Aaron Wiggins; Jaylin Williams; Isaiah Hartenstein; Alex Caruso
2025-10-29,ATL,BKN,117,112,Nickeil Alexander-Walker; Jalen Johnson; Dyson Daniels; Onyeka Okongwu; Zaccharie Risacher; CJ McCollum; Mouhamed Gueye; Vít Krejčí; Luke Kennard; Corey Kispert,Nic Claxton; Noah Clowney; Michael Porter Jr.; Terance Mann; Drake Powell; Egor Dёmin; Ziaire Williams; Nolan Traoré; Danny Wolf; Day'Ron Sharpe
2025-10-29,CLE,BOS,105,125,Donovan Mitchell; Evan Mobley; Jaylon Tyson; Jarrett Allen; Sam Merrill; Dean Wade; Craig Porter Jr.; De'Andre Hunter; Nae'Qwan Tomlin; James Harden,Derrick White; Payton Pritchard; Jaylen Brown; Sam Hauser; Neemias Queta; Baylor Scheierman; Jordan Walsh; Anfernee Simons; Luka Garza; Hugo González
2025-10-29,HOU,TOR,139,121,Amen Thompson; Kevin Durant; Jabari Smith Jr.; Alperen Sengun; Reed Sheppard; Tari Eason; Josh Okogie; Clint Capela; Aaron Holiday; Steven Adams,Scottie Barnes; Brandon Ingram; Immanuel Quickley; Jamal Shead; Sandro Mamukelashvili; RJ Barrett; Ja'Kobe Walter; Collin Murray-Boyles; Jakob Poeltl; Gradey Dick
2025-10-29,IND,DAL,105,107,Pascal Siakam; Jarace Walker; Andrew Nembhard; Jay Huff; Ben Sheppard; Aaron Nesmith; T.J. McConnell; Micah Potter; Quenton Jackson; Bennedict Mathurin,Cooper Flagg; Max Christie; Naji Marshall; P.J. Washington; Klay Thompson; Brandon Williams; Daniel Gafford; Ryan Nembhard; Dwight Powell; Caleb Martin
2025-10-29,LAL,MIN,116,115,Luka Dončić; Jake LaRavia; LeBron James; Deandre Ayton; Rui Hachimura; Marcus Smart; Austin Reaves; Jaxson Hayes; Jarred Vanderbilt; Luke Kennard,Julius Randle; Donte DiVincenzo; Rudy Gobert; Jaden McDaniels; Anthony Edwards; Naz Reid; Bones Hyland; Mike Conley; Jaylen Clark; Ayo Dosunmu
2025-10-29,MEM,PHX,114,113,Jaylen Wells; Cam Spencer; Cedric Coward; Jaren Jackson Jr.; Santi Aldama; GG Jackson II; Kentavious Caldwell-Pope; Jock Landale; Olivier-Maxence Prosper; Javon Small,Collin Gillespie; Royce O'Neale; Devin Booker; Oso Ighodaro; Dillon Brooks; Jordan Goodwin; Grayson Allen; Mark Williams; Ryan Dunn; Jalen Green
2025-10-29,NOP,DEN,88,122,Trey Murphy III; Saddiq Bey; Jeremiah Fears; Derik Queen; Zion Williamson; Herbert Jones; Yves Missi; Jordan Poole; Micah Peavy; Karlo Matković,Jamal Murray; Nikola Jokić; Tim Hardaway Jr.; Bruce Brown; Cameron Johnson; Peyton Watson; Spencer Jones; Christian Braun; Aaron Gordon; Jonas Valančiūnas
2025-10-29,ORL,DET,116,135,Desmond Bane; Paolo Banchero; Wendell Carter Jr.; Anthony Black; Tristan Da Silva; Jalen Suggs; Franz Wagner; Goga Bitadze; Noah Penda; Tyus Jones,Cade Cunningham; Duncan Robinson; Jalen Duren; Ausar Thompson; Tobias Harris; Ron Holland; Daniss Jenkins; Javonte Green; Isaiah Stewart; Caris LeVert
2025-10-29,POR,UTA,136,134,Toumani Camara; Deni Avdija; Donovan Clingan; Jerami Grant; Jrue Holiday; Shaedon Sharpe; Sidy Cissoko; Kris Murray; Caleb Love; Robert Williams,Ace Bailey; Kyle Filipowski; Keyonte George; Brice Sensabaugh; Cody Williams; Isaiah Collier; Lauri Markkanen; Svi Mykhailiuk; Jusuf Nurkić; Walter Clayton
2025-10-29,SAC,CHI,113,126,DeMar DeRozan; Maxime Raynaud; Nique Clifford; Russell Westbrook; Precious Achiuwa; Malik Monk; Zach LaVine; Dennis Schröder; Dylan Cardwell; Daeqwon Plowden,Matas Buzelis; Tre Jones; Josh Giddey; Isaac Okoro; Nikola Vučević; Patrick Williams; Ayo Dosunmu; Jalen Smith; Kevin Huerter; Coby White
2025-10-30,GSW,MIL,110,120,Brandin Podziemski; Draymond Green; Moses Moody; Gui Santos; Will Richard; Stephen Curry; Pat Spencer; Jimmy Butler; Quinten Post; Gary Payton II,Ryan Rollins; A.J. Green; Myles Turner; Kyle Kuzma; Bobby Portis; Gary Trent Jr.; Jericho Sims; Kevin Porter Jr.; Giannis Antetokounmpo; Ousmane Dieng
2025-10-30,MIA,SAS,101,107,Bam Adebayo; Jaime Jaquez Jr.; Andrew Wiggins; Davion Mitchell; Pelle Larsson; Norman Powell; Kel'el Ware; Simone Fontecchio; Dru Smith; Tyler Herro,Julian Champagnie; De'Aaron Fox; Devin Vassell; Stephon Castle; Harrison Barnes; Keldon Johnson; Victor Wembanyama; Dylan Harper; Luke Kornet; Carter Bryant
2025-10-30,ORL,CHA,123,107,Desmond Bane; Paolo Banchero; Wendell Carter Jr.; Anthony Black; Tristan Da Silva; Jalen Suggs; Franz Wagner; Goga Bitadze; Noah Penda; Tyus Jones,Kon Knueppel; Miles Bridges; LaMelo Ball; Brandon Miller; Moussa Diabaté; Sion James; Ryan Kalkbrenner; Collin Sexton; Josh Green; Grant Williams
2025-10-30,WAS,OKC,108,127,Bub Carrington; Will Riley; Bilal Coulibaly; Tre Johnson; Kyshawn George; Justin Champagnie; Alex Sarr; CJ McCollum; Jamir Watkins; Anthony Gill,Shai Gilgeous-Alexander; Cason Wallace; Chet Holmgren; Luguentz Dort; Isaiah Joe; Ajay Mitchell; Aaron Wiggins; Jaylin Williams; Isaiah Hartenstein; Alex Caruso
2025-10-31,ATL,IND,128,108,Nickeil Alexander-Walker; Jalen Johnson; Dyson Daniels; Onyeka Okongwu; Zaccharie Risacher; CJ McCollum; Mouhamed Gueye; Vít Krejčí; Luke Kennard; Corey Kispert,Pascal Siakam; Jarace Walker; Andrew Nembhard; Jay Huff; Ben Sheppard; Aaron Nesmith; T.J. McConnell; Micah Potter; Quenton Jackson; Bennedict Mathurin
2025-10-31,BOS,PHI,109,108,Derrick White; Payton Pritchard; Jaylen Brown; Sam Hauser; Neemias Queta; Baylor Scheierman; Jordan Walsh; Anfernee Simons; Luka Garza; Hugo González,Tyrese Maxey; VJ Edgecombe; Quentin Grimes; Dominick Barlow; Kelly Oubre Jr.; Adem Bona; Andre Drummond; Joel Embiid; Paul George; Justin Edwards
2025-10-31,DEN,POR,107,109,Jamal Murray; Nikola Jokić; Tim Hardaway Jr.; Bruce Brown; Cameron Johnson; Peyton Watson; Spencer Jones; Christian Braun; Aaron Gordon; Jonas Valančiūnas,Toumani Camara; Deni Avdija; Donovan Clingan; Jerami Grant; Jrue Holiday; Shaedon Sharpe; Sidy Cissoko; Kris Murray; Caleb Love; Robert Williams
2025-10-31,LAL,MEM,117,112,Luka Dončić; Jake LaRavia; LeBron James; Deandre Ayton; Rui Hachimura; Marcus Smart; Austin Reaves; Jaxson Hayes; Jarred Vanderbilt; Luke Kennard,Jaylen Wells; Cam Spencer; Cedric Coward; Jaren Jackson Jr.; Santi Aldama; GG Jackson II; Kentavious Caldwell-Pope; Jock Landale; Olivier-Maxence Prosper; Javon Small
2025-10-31,NOP,LAC,124,126,Trey Murphy III; Saddiq Bey; Jeremiah Fears; Derik Queen; Zion Williamson; Herbert Jones; Yves Missi; Jordan Poole; Micah Peavy; Karlo Matković,Kris Dunn; Kawhi Leonard; John Collins; Brook Lopez; James Harden; Kobe Sanders; Derrick Jones Jr.; Ivica Zubac; Jordan Miller; Nicolas Batum
2025-10-31,NYK,CHI,125,135,Mikal Bridges; Jalen Brunson; Karl-Anthony Towns; OG Anunoby; Josh Hart; Jordan Clarkson; Mitchell Robinson; Landry Shamet; Miles McBride; Tyler Kolek,Matas Buzelis; Tre Jones; Josh Giddey; Isaac Okoro; Nikola Vučević; Patrick Williams; Ayo Dosunmu; Jalen Smith; Kevin Huerter; Coby White
2025-10-31,TOR,CLE,112,101,Scottie Barnes; Brandon Ingram; Immanuel Quickley; Jamal Shead; Sandro Mamukelashvili; RJ Barrett; Ja'Kobe Walter; Collin Murray-Boyles; Jakob Poeltl; Gradey Dick,Donovan Mitchell; Evan Mobley; Jaylon Tyson; Jarrett Allen; Sam Merrill; Dean Wade; Craig Porter Jr.; De'Andre Hunter; Nae'Qwan Tomlin; James Harden
2025-10-31,UTA,PHX,96,118,Ace Bailey; Kyle Filipowski; Keyonte George; Brice Sensabaugh; Cody Williams; Isaiah Collier; Lauri Markkanen; Svi Mykhailiuk; Jusuf Nurkić; Walter Clayton,Collin Gillespie; Royce O'Neale; Devin Booker; Oso Ighodaro; Dillon Brooks; Jordan Goodwin; Grayson Allen; Mark Williams; Ryan Dunn; Jalen Green
2025-11-01,DAL,DET,110,122,Cooper Flagg; Max Christie; Naji Marshall; P.J. Washington; Klay Thompson; Brandon Williams; Daniel Gafford; Ryan Nembhard; Dwight Powell; Caleb Martin,Cade Cunningham; Duncan Robinson; Jalen Duren; Ausar Thompson; Tobias Harris; Ron Holland; Daniss Jenkins; Javonte Green; Isaiah Stewart; Caris LeVert
2025-11-01,GSW,IND,109,114,Brandin Podziemski; Draymond Green; Moses Moody; Gui Santos; Will Richard; Stephen Curry; Pat Spencer; Jimmy Butler; Quinten Post; Gary Payton II,Pascal Siakam; Jarace Walker; Andrew Nembhard; Jay Huff; Ben Sheppard; Aaron Nesmith; T.J. McConnell; Micah Potter; Quenton Jackson; Bennedict Mathurin
2025-11-01,HOU,BOS,128,101,Amen Thompson; Kevin Durant; Jabari Smith Jr.; Alperen Sengun; Reed Sheppard; Tari Eason; Josh Okogie; Clint Capela; Aaron Holiday; Steven Adams,Derrick White; Payton Pritchard; Jaylen Brown; Sam Hauser; Neemias Queta; Baylor Scheierman; Jordan Walsh; Anfernee Simons; Luka Garza; Hugo González
2025-11-01,MIN,CHA,122,105,Julius Randle; Donte DiVincenzo; Rudy Gobert; Jaden McDaniels; Anthony Edwards; Naz Reid; Bones Hyland; Mike Conley; Jaylen Clark; Ayo Dosunmu,Kon Knueppel; Miles Bridges; LaMelo Ball; Brandon Miller; Moussa Diabaté; Sion James; Ryan Kalkbrenner; Collin Sexton; Josh Green; Grant Williams
2025-11-01,ORL,WAS,125,94,Desmond Bane; Paolo Banchero; Wendell Carter Jr.; Anthony Black; Tristan Da Silva; Jalen Suggs; Franz Wagner; Goga Bitadze; Noah Penda; Tyus Jones,Bub Carrington; Will Riley; Bilal Coulibaly; Tre Johnson; Kyshawn George; Justin Champagnie; Alex Sarr; CJ McCollum; Jamir Watkins; Anthony Gill
2025-11-01,SAC,MIL,135,133,DeMar DeRozan; Maxime Raynaud; Nique Clifford; Russell Westbrook; Precious Achiuwa; Malik Monk; Zach LaVine; Dennis Schröder; Dylan Cardwell; Daeqwon Plowden,Ryan Rollins; A.J. Green; Myles Turner; Kyle Kuzma; Bobby Portis; Gary Trent Jr.; Jericho Sims; Kevin Porter Jr.; Giannis Antetokounmpo; Ousmane Dieng
2025-11-02,ATL,CLE,109,117,Nickeil Alexander-Walker; Jalen Johnson; Dyson Daniels; Onyeka Okongwu; Zaccharie Risacher; CJ McCollum; Mouhamed Gueye; Vít Krejčí; Luke Kennard; Corey Kispert,Donovan Mitchell; Evan Mobley; Jaylon Tyson; Jarrett Allen; Sam Merrill; Dean Wade; Craig Porter Jr.; De'Andre Hunter; Nae'Qwan Tomlin; James Harden
2025-11-02,CHI,NYK,116,128,Matas Buzelis; Tre Jones; Josh Giddey; Isaac Okoro; Nikola Vučević; Patrick Williams; Ayo Dosunmu; Jalen Smith; Kevin Huerter; Coby White,Mikal Bridges; Jalen Brunson; Karl-Anthony Towns; OG Anunoby; Josh Hart; Jordan Clarkson; Mitchell Robinson; Landry Shamet; Miles McBride; Tyler Kolek
2025-11-02,MEM,TOR,104,117,Jaylen Wells; Cam Spencer; Cedric Coward; Jaren Jackson Jr.; Santi Aldama; GG Jackson II; Kentavious Caldwell-Pope; Jock Landale; Olivier-Maxence Prosper; Javon Small,Scottie Barnes; Brandon Ingram; Immanuel Quickley; Jamal Shead; Sandro Mamukelashvili; RJ Barrett; Ja'Kobe Walter; Collin Murray-Boyles; Jakob Poeltl; Gradey Dick
2025-11-02,MIA,LAL,120,130,Bam Adebayo; Jaime Jaquez Jr.; Andrew Wiggins; Davion Mitchell; Pelle Larsson; Norman Powell; Kel'el Ware; Simone Fontecchio; Dru Smith; Tyler Herro,Luka Dončić; Jake LaRavia; LeBron James; Deandre Ayton; Rui Hachimura; Marcus Smart; Austin Reaves; Jaxson Hayes; Jarred Vanderbilt; Luke Kennard
2025-11-02,NOP,OKC,106,137,Trey Murphy III; Saddiq Bey; Jeremiah Fears; Derik Queen; Zion Williamson; Herbert Jones; Yves Missi; Jordan Poole; Micah Peavy; Karlo Matković,Shai Gilgeous-Alexander; Cason Wallace; Chet Holmgren; Luguentz Dort; Isaiah Joe; Ajay Mitchell; Aaron Wiggins; Jaylin Williams; Isaiah Hartenstein; Alex Caruso
2025-11-02,PHI,BKN,129,105,Tyrese Maxey; VJ Edgecombe; Quentin Grimes; Dominick Barlow; Kelly Oubre Jr.; Adem Bona; Andre Drummond; Joel Embiid; Paul George; Justin Edwards,Nic Claxton; Noah Clowney; Michael Porter Jr.; Terance Mann; Drake Powell; Egor Dёmin; Ziaire Williams; Nolan Traoré; Danny Wolf; Day'Ron Sharpe
2025-11-02,SAS,PHX,118,130,Julian Champagnie; De'Aaron Fox; Devin Vassell; Stephon Castle; Harrison Barnes; Keldon Johnson; Victor Wembanyama; Dylan Harper; Luke Kornet; Carter Bryant,Collin Gillespie; Royce O'Neale; Devin Booker; Oso Ighodaro; Dillon Brooks; Jordan Goodwin; Grayson Allen; Mark Williams; Ryan Dunn; Jalen Green
2025-11-02,UTA,CHA,103,126,Ace Bailey; Kyle Filipowski; Keyonte George; Brice Sensabaugh; Cody Williams; Isaiah Collier; Lauri Markkanen; Svi Mykhailiuk; Jusuf Nurkić; Walter Clayton,Kon Knueppel; Miles Bridges; LaMelo Ball; Brandon Miller; Moussa Diabaté; Sion James; Ryan Kalkbrenner; Collin Sexton; Josh Green; Grant Williams
2025-11-03,DAL,HOU,102,110,Cooper Flagg; Max Christie; Naji Marshall; P.J. Washington; Klay Thompson; Brandon Williams; Daniel Gafford; Ryan Nembhard; Dwight Powell; Caleb Martin,Amen Thompson; Kevin Durant; Jabari Smith Jr.; Alperen Sengun; Reed Sheppard; Tari Eason; Josh Okogie; Clint Capela; Aaron Holiday; Steven Adams
2025-11-03,DET,MEM,114,106,Cade Cunningham; Duncan Robinson; Jalen Duren; Ausar Thompson; Tobias Harris; Ron Holland; Daniss Jenkins; Javonte Green; Isaiah Stewart; Caris LeVert,Jaylen Wells; Cam Spencer; Cedric Coward; Jaren Jackson Jr.; Santi Aldama; GG Jackson II; Kentavious Caldwell-Pope; Jock Landale; Olivier-Maxence Prosper; Javon Small
2025-11-03,LAL,POR,123,115,Luka Dončić; Jake LaRavia; LeBron James; Deandre Ayton; Rui Hachimura; Marcus Smart; Austin Reaves; Jaxson Hayes; Jarred Vanderbilt; Luke Kennard,Toumani Camara; Deni Avdija; Donovan Clingan; Jerami Grant; Jrue Holiday; Shaedon Sharpe; Sidy Cissoko; Kris Murray; Caleb Love; Robert Williams
2025-11-03,MIA,LAC,120,119,Bam Adebayo; Jaime Jaquez Jr.; Andrew Wiggins; Davion Mitchell; Pelle Larsson; Norman Powell; Kel'el Ware; Simone Fontecchio; Dru Smith; Tyler Herro,Kris Dunn; Kawhi Leonard; John Collins; Brook Lopez; James Harden; Kobe Sanders; Derrick Jones Jr.; Ivica Zubac; Jordan Miller; Nicolas Batum
2025-11-03,MIL,IND,117,115,Ryan Rollins; A.J. Green; Myles Turner; Kyle Kuzma; Bobby Portis; Gary Trent Jr.; Jericho Sims; Kevin Porter Jr.; Giannis Antetokounmpo; Ousmane Dieng,Pascal Siakam; Jarace Walker; Andrew Nembhard; Jay Huff; Ben Sheppard; Aaron Nesmith; T.J. McConnell; Micah Potter; Quenton Jackson; Bennedict Mathurin
2025-11-03,MIN,BKN,125,109,Julius Randle; Donte DiVincenzo; Rudy Gobert; Jaden McDaniels; Anthony Edwards; Naz Reid; Bones Hyland; Mike Conley; Jaylen Clark; Ayo Dosunmu,Nic Claxton; Noah Clowney; Michael Porter Jr.; Terance Mann; Drake Powell; Egor Dёmin; Ziaire Williams; Nolan Traoré; Danny Wolf; Day'Ron Sharpe
2025-11-03,SAC,DEN,124,130,DeMar DeRozan; Maxime Raynaud; Nique Clifford; Russell Westbrook; Precious Achiuwa; Malik Monk; Zach LaVine; Dennis Schröder; Dylan Cardwell; Daeqwon Plowden,Jamal Murray; Nikola Jokić; Tim Hardaway Jr.; Bruce Brown; Cameron Johnson; Peyton Watson; Spencer Jones; Christian Braun; Aaron Gordon; Jonas Valančiūnas
2025-11-03,UTA,BOS,105,103,Ace Bailey; Kyle Filipowski; Keyonte George; Brice Sensabaugh; Cody Williams; Isaiah Collier; Lauri Markkanen; Svi Mykhailiuk; Jusuf Nurkić; Walter Clayton,Derrick White; Payton Pritchard; Jaylen Brown; Sam Hauser; Neemias Queta; Baylor Scheierman; Jordan Walsh; Anfernee Simons; Luka Garza; Hugo González
2025-11-03,WAS,NYK,102,119,Bub Carrington; Will Riley; Bilal Coulibaly; Tre Johnson; Kyshawn George; Justin Champagnie; Alex Sarr; CJ McCollum; Jamir Watkins; Anthony Gill,Mikal Bridges; Jalen Brunson; Karl-Anthony Towns; OG Anunoby; Josh Hart; Jordan Clarkson; Mitchell Robinson; Landry Shamet; Miles McBride; Tyler Kolek
2025-11-04,CHA,NOP,112,116,Kon Knueppel; Miles Bridges; LaMelo Ball; Brandon Miller; Moussa Diabaté; Sion James; Ryan Kalkbrenner; Collin Sexton; Josh Green; Grant Williams,Trey Murphy III; Saddiq Bey; Jeremiah Fears; Derik Queen; Zion Williamson; Herbert Jones; Yves Missi; Jordan Poole; Micah Peavy; Karlo Matković
2025-11-04,MIL,TOR,100,128,Ryan Rollins; A.J. Green; Myles Turner; Kyle Kuzma; Bobby Portis; Gary Trent Jr.; Jericho Sims; Kevin Porter Jr.; Giannis Antetokounmpo; Ousmane Dieng,Scottie Barnes; Brandon Ingram; Immanuel Quickley; Jamal Shead; Sandro Mamukelashvili; RJ Barrett; Ja'Kobe Walter; Collin Murray-Boyles; Jakob Poeltl; Gradey Dick
2025-11-04,OKC,LAC,126,107,Shai Gilgeous-Alexander; Cason Wallace; Chet Holmgren; Luguentz Dort; Isaiah Joe; Ajay Mitchell; Aaron Wiggins; Jaylin Williams; Isaiah Hartenstein; Alex Caruso,Kris Dunn; Kawhi Leonard; John Collins; Brook Lopez; James Harden; Kobe Sanders; Derrick Jones Jr.; Ivica Zubac; Jordan Miller; Nicolas Batum
2025-11-04,ORL,ATL,112,127,Desmond Bane; Paolo Banchero; Wendell Carter Jr.; Anthony Black; Tristan Da Silva; Jalen Suggs; Franz Wagner; Goga Bitadze; Noah Penda; Tyus Jones,Nickeil Alexander-Walker; Jalen Johnson; Dyson Daniels; Onyeka Okongwu; Zaccharie Risacher; CJ McCollum; Mouhamed Gueye; Vít Krejčí; Luke Kennard; Corey Kispert
2025-11-04,PHI,CHI,111,113,Tyrese Maxey; VJ Edgecombe; Quentin Grimes; Dominick Barlow; Kelly Oubre Jr.; Adem Bona; Andre Drummond; Joel Embiid; Paul George; Justin Edwards,Matas Buzelis; Tre Jones; Josh Giddey; Isaac Okoro; Nikola Vučević; Patrick Williams; Ayo Dosunmu; Jalen Smith; Kevin Huerter; Coby White
2025-11-04,PHX,GSW,107,118,Collin Gillespie; Royce O'Neale; Devin Booker; Oso Ighodaro; Dillon Brooks; Jordan Goodwin; Grayson Allen; Mark Williams; Ryan Dunn; Jalen Green,Brandin Podziemski; Draymond Green; Moses Moody; Gui Santos; Will Richard; Stephen Curry; Pat Spencer; Jimmy Butler; Quinten Post; Gary Payton II
2025-11-05,BKN,IND,112,103,Nic Claxton; Noah Clowney; Michael Porter Jr.; Terance Mann; Drake Powell; Egor Dёmin; Ziaire Williams; Nolan Traoré; Danny Wolf; Day'Ron Sharpe,Pascal Siakam; Jarace Walker; Andrew Nembhard; Jay Huff; Ben Sheppard; Aaron Nesmith; T.J. McConnell; Micah Potter; Quenton Jackson; Bennedict Mathurin
2025-11-05,GSW,SAC,116,121,Brandin Podziemski; Draymond Green; Moses Moody; Gui Santos; Will Richard; Stephen Curry; Pat Spencer; Jimmy Butler; Quinten Post; Gary Payton II,DeMar DeRozan; Maxime Raynaud; Nique Clifford; Russell Westbrook; Precious Achiuwa; Malik Monk; Zach LaVine; Dennis Schröder; Dylan Cardwell; Daeqwon Plowden
2025-11-05,HOU,MEM,124,109,Amen Thompson; Kevin Durant; Jabari Smith Jr.; Alperen Sengun; Reed Sheppard; Tari Eason; Josh Okogie; Clint Capela; Aaron Holiday; Steven Adams,Jaylen Wells; Cam Spencer; Cedric Coward; Jaren Jackson Jr.; Santi Aldama; GG Jackson II; Kentavious Caldwell-Pope; Jock Landale; Olivier-Maxence Prosper; Javon Small
2025-11-05,MIA,DEN,112,122,Bam Adebayo; Jaime Jaquez Jr.; Andrew Wiggins; Davion Mitchell; Pelle Larsson; Norman Powell; Kel'el Ware; Simone Fontecchio; Dru Smith; Tyler Herro,Jamal Murray; Nikola Jokić; Tim Hardaway Jr.; Bruce Brown; Cameron Johnson; Peyton Watson; Spencer Jones; Christian Braun; Aaron Gordon; Jonas Valančiūnas
2025-11-05,MIN,NYK,114,137,Julius Randle; Donte DiVincenzo; Rudy Gobert; Jaden McDaniels; Anthony Edwards; Naz Reid; Bones Hyland; Mike Conley; Jaylen Clark; Ayo Dosunmu,Mikal Bridges; Jalen Brunson; Karl-Anthony Towns; OG Anunoby; Josh Hart; Jordan Clarkson; Mitchell Robinson; Landry Shamet; Miles McBride; Tyler Kolek
2025-11-05,NOP,DAL,101,99,Trey Murphy III; Saddiq Bey; Jeremiah Fears; Derik Queen; Zion Williamson; Herbert Jones; Yves Missi; Jordan Poole; Micah Peavy; Karlo Matković,Cooper Flagg; Max Christie; Naji Marshall; P.J. Washington; Klay Thompson; Brandon Williams; Daniel Gafford; Ryan Nembhard; Dwight Powell; Caleb Martin
2025-11-05,OKC,POR,119,121,Shai Gilgeous-Alexander; Cason Wallace; Chet Holmgren; Luguentz Dort; Isaiah Joe; Ajay Mitchell; Aaron Wiggins; Jaylin Williams; Isaiah Hartenstein; Alex Caruso,Toumani Camara; Deni Avdija; Donovan Clingan; Jerami Grant; Jrue Holiday; Shaedon Sharpe; Sidy Cissoko; Kris Murray; Caleb Love; Robert Williams
2025-11-05,PHI,CLE,121,132,Tyrese Maxey; VJ Edgecombe; Quentin Grimes; Dominick Barlow; Kelly Oubre Jr.; Adem Bona; Andre Drummond; Joel Embiid; Paul George; Justin Edwards,Donovan Mitchell; Evan Mobley; Jaylon Tyson; Jarrett Allen; Sam Merrill; Dean Wade; Craig Porter Jr.; De'Andre Hunter; Nae'Qwan Tomlin; James Harden
2025-11-05,SAS,LAL,116,118,Julian Champagnie; De'Aaron Fox; Devin Vassell; Stephon Castle; Harrison Barnes; Keldon Johnson; Victor Wembanyama; Dylan Harper; Luke Kornet; Carter Bryant,Luka Dončić; Jake LaRavia; LeBron James; Deandre Ayton; Rui Hachimura; Marcus Smart; Austin Reaves; Jaxson Hayes; Jarred Vanderbilt; Luke Kennard
2025-11-05,UTA,DET,103,114,Ace Bailey; Kyle Filipowski; Keyonte George; Brice Sensabaugh; Cody Williams; Isaiah Collier; Lauri Markkanen; Svi Mykhailiuk; Jusuf Nurkić; Walter Clayton,Cade Cunningham; Duncan Robinson; Jalen Duren; Ausar Thompson; Tobias Harris; Ron Holland; Daniss Jenkins; Javonte Green; Isaiah Stewart; Caris LeVert
2025-11-05,WAS,BOS,107,136,Bub Carrington; Will Riley; Bilal Coulibaly; Tre Johnson; Kyshawn George; Justin Champagnie; Alex Sarr; CJ McCollum; Jamir Watkins; Anthony Gill,Derrick White; Payton Pritchard; Jaylen Brown; Sam Hauser; Neemias Queta; Baylor Scheierman; Jordan Walsh; Anfernee Simons; Luka Garza; Hugo González
2025-11-06,LAC,PHX,102,115,Kris Dunn; Kawhi Leonard; John Collins; Brook Lopez; James Harden; Kobe Sanders; Derrick Jones Jr.; Ivica Zubac; Jordan Miller; Nicolas Batum,Collin Gillespie; Royce O'Neale; Devin Booker; Oso Ighodaro; Dillon Brooks; Jordan Goodwin; Grayson Allen; Mark Williams; Ryan Dunn; Jalen Green
2025-11-07,BOS,ORL,110,123,Derrick White; Payton Pritchard; Jaylen Brown; Sam Hauser; Neemias Queta; Baylor Scheierman; Jordan Walsh; Anfernee Simons; Luka Garza; Hugo González,Desmond Bane; Paolo Banchero; Wendell Carter Jr.; Anthony Black; Tristan Da Silva; Jalen Suggs; Franz Wagner; Goga Bitadze; Noah Penda; Tyus Jones
2025-11-07,CHA,MIA,108,126,Kon Knueppel; Miles Bridges; LaMelo Ball; Brandon Miller; Moussa Diabaté; Sion James; Ryan Kalkbrenner; Collin Sexton; Josh Green; Grant Williams,Bam Adebayo; Jaime Jaquez Jr.; Andrew Wiggins; Davion Mitchell; Pelle Larsson; Norman Powell; Kel'el Ware; Simone Fontecchio; Dru Smith; Tyler Herro
2025-11-07,CHI,MIL,110,126,Matas Buzelis; Tre Jones; Josh Giddey; Isaac Okoro; Nikola Vučević; Patrick Williams; Ayo Dosunmu; Jalen Smith; Kevin Huerter; Coby White,Ryan Rollins; A.J. Green; Myles Turner; Kyle Kuzma; Bobby Portis; Gary Trent Jr.; Jericho Sims; Kevin Porter Jr.; Giannis Antetokounmpo; Ousmane Dieng
2025-11-07,CLE,WAS,148,115,Donovan Mitchell; Evan Mobley; Jaylon Tyson; Jarrett Allen; Sam Merrill; Dean Wade; Craig Porter Jr.; De'Andre Hunter; Nae'Qwan Tomlin; James Harden,Bub Carrington; Will Riley; Bilal Coulibaly; Tre Johnson; Kyshawn George; Justin Champagnie; Alex Sarr; CJ McCollum; Jamir Watkins; Anthony Gill
2025-11-07,DAL,MEM,104,118,Cooper Flagg; Max Christie; Naji Marshall; P.J. Washington; Klay Thompson; Brandon Williams; Daniel Gafford; Ryan Nembhard; Dwight Powell; Caleb Martin,Jaylen Wells; Cam Spencer; Cedric Coward; Jaren Jackson Jr.; Santi Aldama; GG Jackson II; Kentavious Caldwell-Pope; Jock Landale; Olivier-Maxence Prosper; Javon Small
2025-11-07,DET,BKN,125,107,Cade Cunningham; Duncan Robinson; Jalen Duren; Ausar Thompson; Tobias Harris; Ron Holland; Daniss Jenkins; Javonte Green; Isaiah Stewart; Caris LeVert,Nic Claxton; Noah Clowney; Michael Porter Jr.; Terance Mann; Drake Powell; Egor Dёmin; Ziaire Williams; Nolan Traoré; Danny Wolf; Day'Ron Sharpe
2025-11-07,GSW,DEN,104,129,Brandin Podziemski; Draymond Green; Moses Moody; Gui Santos; Will Richard; Stephen Curry; Pat Spencer; Jimmy Butler; Quinten Post; Gary Payton II,Jamal Murray; Nikola Jokić; Tim Hardaway Jr.; Bruce Brown; Cameron Johnson; Peyton Watson; Spencer Jones; Christian Braun; Aaron Gordon; Jonas Valančiūnas
2025-11-07,HOU,SAS,110,121,Amen Thompson; Kevin Durant; Jabari Smith Jr.; Alperen Sengun; Reed Sheppard; Tari Eason; Josh Okogie; Clint Capela; Aaron Holiday; Steven Adams,Julian Champagnie; De'Aaron Fox; Devin Vassell; Stephon Castle; Harrison Barnes; Keldon Johnson; Victor Wembanyama; Dylan Harper; Luke Kornet; Carter Bryant
2025-11-07,OKC,SAC,132,101,Shai Gilgeous-Alexander; Cason Wallace; Chet Holmgren; Luguentz Dort; Isaiah Joe; Ajay Mitchell; Aaron Wiggins; Jaylin Williams; Isaiah Hartenstein; Alex Caruso,DeMar DeRozan; Maxime Raynaud; Nique Clifford; Russell Westbrook; Precious Achiuwa; Malik Monk; Zach LaVine; Dennis Schröder; Dylan Cardwell; Daeqwon Plowden
2025-11-07,TOR,ATL,109,97,Scottie Barnes; Brandon Ingram; Immanuel Quickley; Jamal Shead; Sandro Mamukelashvili; RJ Barrett; Ja'Kobe Walter; Collin Murray-Boyles; Jakob Poeltl; Gradey Dick,Nickeil Alexander-Walker; Jalen Johnson; Dyson Daniels; Onyeka Okongwu; Zaccharie Risacher; CJ McCollum; Mouhamed Gueye; Vít Krejčí; Luke Kennard; Corey Kispert
2025-11-07,UTA,MIN,97,137,Ace Bailey; Kyle Filipowski; Keyonte George; Brice Sensabaugh; Cody Williams; Isaiah Collier; Lauri Markkanen; Svi Mykhailiuk; Jusuf Nurkić; Walter Clayton,Julius Randle; Donte DiVincenzo; Rudy Gobert; Jaden McDaniels; Anthony Edwards; Naz Reid; Bones Hyland; Mike Conley; Jaylen Clark; Ayo Dosunmu
2025-11-08,CHI,CLE,122,128,Matas Buzelis; Tre Jones; Josh Giddey; Isaac Okoro; Nikola Vučević; Patrick Williams; Ayo Dosunmu; Jalen Smith; Kevin Huerter; Coby White,Donovan Mitchell; Evan Mobley; Jaylon Tyson; Jarrett Allen; Sam Merrill; Dean Wade; Craig Porter Jr.; De'Andre Hunter; Nae'Qwan Tomlin; James Harden
2025-11-08,DAL,WAS,111,105,Cooper Flagg; Max Christie; Naji Marshall; P.J. Washington; Klay Thompson; Brandon Williams; Daniel Gafford; Ryan Nembhard; Dwight Powell; Caleb Martin,Bub Carrington; Will Riley; Bilal Coulibaly; Tre Johnson; Kyshawn George; Justin Champagnie; Alex Sarr; CJ McCollum; Jamir Watkins; Anthony Gill
2025-11-08,IND,DEN,100,117,Pascal Siakam; Jarace Walker; Andrew Nembhard; Jay Huff; Ben Sheppard; Aaron Nesmith; T.J. McConnell; Micah Potter; Quenton Jackson; Bennedict Mathurin,Jamal Murray; Nikola Jokić; Tim Hardaway Jr.; Bruce Brown; Cameron Johnson; Peyton Watson; Spencer Jones; Christian Braun; Aaron Gordon; Jonas Valančiūnas
2025-11-08,LAL,ATL,102,122,Luka Dončić; Jake LaRavia; LeBron James; Deandre Ayton; Rui Hachimura; Marcus Smart; Austin Reaves; Jaxson Hayes; Jarred Vanderbilt; Luke Kennard,Nickeil Alexander-Walker; Jalen Johnson; Dyson Daniels; Onyeka Okongwu; Zaccharie Risacher; CJ McCollum; Mouhamed Gueye; Vít Krejčí; Luke Kennard; Corey Kispert
2025-11-08,NOP,SAS,119,126,Trey Murphy III; Saddiq Bey; Jeremiah Fears; Derik Queen; Zion Williamson; Herbert Jones; Yves Missi; Jordan Poole; Micah Peavy; Karlo Matković,Julian Champagnie; De'Aaron Fox; Devin Vassell; Stephon Castle; Harrison Barnes; Keldon Johnson; Victor Wembanyama; Dylan Harper; Luke Kornet; Carter Bryant
2025-11-08,PHX,LAC,114,103,Collin Gillespie; Royce O'Neale; Devin Booker; Oso Ighodaro; Dillon Brooks; Jordan Goodwin; Grayson Allen; Mark Williams; Ryan Dunn; Jalen Green,Kris Dunn; Kawhi Leonard; John Collins; Brook Lopez; James Harden; Kobe Sanders; Derrick Jones Jr.; Ivica Zubac; Jordan Miller; Nicolas Batum
2025-11-08,POR,MIA,131,136,Toumani Camara; Deni Avdija; Donovan Clingan; Jerami Grant; Jrue Holiday; Shaedon Sharpe; Sidy Cissoko; Kris Murray; Caleb Love; Robert Williams,Bam Adebayo; Jaime Jaquez Jr.; Andrew Wiggins; Davion Mitchell; Pelle Larsson; Norman Powell; Kel'el Ware; Simone Fontecchio; Dru Smith; Tyler Herro
2025-11-08,TOR,PHI,120,130,Scottie Barnes; Brandon Ingram; Immanuel Quickley; Jamal Shead; Sandro Mamukelashvili; RJ Barrett; Ja'Kobe Walter; Collin Murray-Boyles; Jakob Poeltl; Gradey Dick,Tyrese Maxey; VJ Edgecombe; Quentin Grimes; Dominick Barlow; Kelly Oubre Jr.; Adem Bona; Andre Drummond; Joel Embiid; Paul George; Justin Edwards
2025-11-09,BKN,NYK,98,134,Nic Claxton; Noah Clowney; Michael Porter Jr.; Terance Mann; Drake Powell; Egor Dёmin; Ziaire Williams; Nolan Traoré; Danny Wolf; Day'Ron Sharpe,Mikal Bridges; Jalen Brunson; Karl-Anthony Towns; OG Anunoby; Josh Hart; Jordan Clarkson; Mitchell Robinson; Landry Shamet; Miles McBride; Tyler Kolek
2025-11-09,BOS,ORL,111,107,Derrick White; Payton Pritchard; Jaylen Brown; Sam Hauser; Neemias Queta; Baylor Scheierman; Jordan Walsh; Anfernee Simons; Luka Garza; Hugo González,Desmond Bane; Paolo Banchero; Wendell Carter Jr.; Anthony Black; Tristan Da Silva; Jalen Suggs; Franz Wagner; Goga Bitadze; Noah Penda; Tyus Jones
2025-11-09,DET,PHI,111,108,Cade Cunningham; Duncan Robinson; Jalen Duren; Ausar Thompson; Tobias Harris; Ron Holland; Daniss Jenkins; Javonte Green; Isaiah Stewart; Caris LeVert,Tyrese Maxey; VJ Edgecombe; Quentin Grimes; Dominick Barlow; Kelly Oubre Jr.; Adem Bona; Andre Drummond; Joel Embiid; Paul George; Justin Edwards
2025-11-09,HOU,MIL,122,115,Amen Thompson; Kevin Durant; Jabari Smith Jr.; Alperen Sengun; Reed Sheppard; Tari Eason; Josh Okogie; Clint Capela; Aaron Holiday; Steven Adams,Ryan Rollins; A.J. Green; Myles Turner; Kyle Kuzma; Bobby Portis; Gary Trent Jr.; Jericho Sims; Kevin Porter Jr.; Giannis Antetokounmpo; Ousmane Dieng
2025-11-09,IND,GSW,83,114,Pascal Siakam; Jarace Walker; Andrew Nembhard; Jay Huff; Ben Sheppard; Aaron Nesmith; T.J. McConnell; Micah Potter; Quenton Jackson; Bennedict Mathurin,Brandin Podziemski; Draymond Green; Moses Moody; Gui Santos; Will Richard; Stephen Curry; Pat Spencer; Jimmy Butler; Quinten Post; Gary Payton II
2025-11-09,MIN,SAC,144,117,Julius Randle; Donte DiVincenzo; Rudy Gobert; Jaden McDaniels; Anthony Edwards; Naz Reid; Bones Hyland; Mike Conley; Jaylen Clark; Ayo Dosunmu,DeMar DeRozan; Maxime Raynaud; Nique Clifford; Russell Westbrook; Precious Achiuwa; Malik Monk; Zach LaVine; Dennis Schröder; Dylan Cardwell; Daeqwon Plowden
2025-11-09,OKC,MEM,114,100,Shai Gilgeous-Alexander; Cason Wallace; Chet Holmgren; Luguentz Dort; Isaiah Joe; Ajay Mitchell; Aaron Wiggins; Jaylin Williams; Isaiah Hartenstein; Alex Caruso,Jaylen Wells; Cam Spencer; Cedric Coward; Jaren Jackson Jr.; Santi Aldama; GG Jackson II; Kentavious Caldwell-Pope; Jock Landale; Olivier-Maxence Prosper; Javon Small
2025-11-10,ATL,LAC,105,102,Nickeil Alexander-Walker; Jalen Johnson; Dyson Daniels; Onyeka Okongwu; Zaccharie Risacher; CJ McCollum; Mouhamed Gueye; Vít Krejčí; Luke Kennard; Corey Kispert,Kris Dunn; Kawhi Leonard; John Collins; Brook Lopez; James Harden; Kobe Sanders; Derrick Jones Jr.; Ivica Zubac; Jordan Miller; Nicolas Batum
2025-11-10,CLE,MIA,138,140,Donovan Mitchell; Evan Mobley; Jaylon Tyson; Jarrett Allen; Sam Merrill; Dean Wade; Craig Porter Jr.; De'Andre Hunter; Nae'Qwan Tomlin; James Harden,Bam Adebayo; Jaime Jaquez Jr.; Andrew Wiggins; Davion Mitchell; Pelle Larsson; Norman Powell; Kel'el Ware; Simone Fontecchio; Dru Smith; Tyler Herro
2025-11-10,LAL,CHA,121,111,Luka Dončić; Jake LaRavia; LeBron James; Deandre Ayton; Rui Hachimura; Marcus Smart; Austin Reaves; Jaxson Hayes; Jarred Vanderbilt; Luke Kennard,Kon Knueppel; Miles Bridges; LaMelo Ball; Brandon Miller; Moussa Diabaté; Sion James; Ryan Kalkbrenner; Collin Sexton; Josh Green; Grant Williams
2025-11-10,MIL,DAL,116,114,Ryan Rollins; A.J. Green; Myles Turner; Kyle Kuzma; Bobby Portis; Gary Trent Jr.; Jericho Sims; Kevin Porter Jr.; Giannis Antetokounmpo; Ousmane Dieng,Cooper Flagg; Max Christie; Naji Marshall; P.J. Washington; Klay Thompson; Brandon Williams; Daniel Gafford; Ryan Nembhard; Dwight Powell; Caleb Martin
2025-11-10,MIN,UTA,120,113,Julius Randle; Donte DiVincenzo; Rudy Gobert; Jaden McDaniels; Anthony Edwards; Naz Reid; Bones Hyland; Mike Conley; Jaylen Clark; Ayo Dosunmu,Ace Bailey; Kyle Filipowski; Keyonte George; Brice Sensabaugh; Cody Williams; Isaiah Collier; Lauri Markkanen; Svi Mykhailiuk; Jusuf Nurkić; Walter Clayton
2025-11-10,NOP,PHX,98,121,Trey Murphy III; Saddiq Bey; Jeremiah Fears; Derik Queen; Zion Williamson; Herbert Jones; Yves Missi; Jordan Poole; Micah Peavy; Karlo Matković,Collin Gillespie; Royce O'Neale; Devin Booker; Oso Ighodaro; Dillon Brooks; Jordan Goodwin; Grayson Allen; Mark Williams; Ryan Dunn; Jalen Green
2025-11-10,POR,ORL,112,115,Toumani Camara; Deni Avdija; Donovan Clingan; Jerami Grant; Jrue Holiday; Shaedon Sharpe; Sidy Cissoko; Kris Murray; Caleb Love; Robert Williams,Desmond Bane; Paolo Banchero; Wendell Carter Jr.; Anthony Black; Tristan Da Silva; Jalen Suggs; Franz Wagner; Goga Bitadze; Noah Penda; Tyus Jones
2025-11-10,SAS,CHI,121,117,Julian Champagnie; De'Aaron Fox; Devin Vassell; Stephon Castle; Harrison Barnes; Keldon Johnson; Victor Wembanyama; Dylan Harper; Luke Kornet; Carter Bryant,Matas Buzelis; Tre Jones; Josh Giddey; Isaac Okoro; Nikola Vučević; Patrick Williams; Ayo Dosunmu; Jalen Smith; Kevin Huerter; Coby White
2025-11-10,WAS,DET,135,137,Bub Carrington; Will Riley; Bilal Coulibaly; Tre Johnson; Kyshawn George; Justin Champagnie; Alex Sarr; CJ McCollum; Jamir Watkins; Anthony Gill,Cade Cunningham; Duncan Robinson; Jalen Duren; Ausar Thompson; Tobias Harris; Ron Holland; Daniss Jenkins; Javonte Green; Isaiah Stewart; Caris LeVert
2025-11-11,BOS,PHI,100,102,Derrick White; Payton Pritchard; Jaylen Brown; Sam Hauser; Neemias Queta; Baylor Scheierman; Jordan Walsh; Anfernee Simons; Luka Garza; Hugo González,Tyrese Maxey; VJ Edgecombe; Quentin Grimes; Dominick Barlow; Kelly Oubre Jr.; Adem Bona; Andre Drummond; Joel Embiid; Paul George; Justin Edwards
2025-11-11,DEN,SAC,122,108,Jamal Murray; Nikola Jokić; Tim Hardaway Jr.; Bruce Brown; Cameron Johnson; Peyton Watson; Spencer Jones; Christian Braun; Aaron Gordon; Jonas Valančiūnas,DeMar DeRozan; Maxime Raynaud; Nique Clifford; Russell Westbrook; Precious Achiuwa; Malik Monk; Zach LaVine; Dennis Schröder; Dylan Cardwell; Daeqwon Plowden
2025-11-11,GSW,OKC,102,126,Brandin Podziemski; Draymond Green; Moses Moody; Gui Santos; Will Richard; Stephen Curry; Pat Spencer; Jimmy Butler; Quinten Post; Gary Payton II,Shai Gilgeous-Alexander; Cason Wallace; Chet Holmgren; Luguentz Dort; Isaiah Joe; Ajay Mitchell; Aaron Wiggins; Jaylin Williams; Isaiah Hartenstein; Alex Caruso
2025-11-11,IND,UTA,128,152,Pascal Siakam; Jarace Walker; Andrew Nembhard; Jay Huff; Ben Sheppard; Aaron Nesmith; T.J. McConnell; Micah Potter; Quenton Jackson; Bennedict Mathurin,Ace Bailey; Kyle Filipowski; Keyonte George; Brice Sensabaugh; Cody Williams; Isaiah Collier; Lauri Markkanen; Svi Mykhailiuk; Jusuf Nurkić; Walter Clayton
2025-11-11,MEM,NYK,120,133,Jaylen Wells; Cam Spencer; Cedric Coward; Jaren Jackson Jr.; Santi Aldama; GG Jackson II; Kentavious Caldwell-Pope; Jock Landale; Olivier-Maxence Prosper; Javon Small,Mikal Bridges; Jalen Brunson; Karl-Anthony Towns; OG Anunoby; Josh Hart; Jordan Clarkson; Mitchell Robinson; Landry Shamet; Miles McBride; Tyler Kolek
2025-11-11,TOR,BKN,119,109,Scottie Barnes; Brandon Ingram; Immanuel Quickley; Jamal Shead; Sandro Mamukelashvili; RJ Barrett; Ja'Kobe Walter; Collin Murray-Boyles; Jakob Poeltl; Gradey Dick,Nic Claxton; Noah Clowney; Michael Porter Jr.; Terance Mann; Drake Powell; Egor Dёmin; Ziaire Williams; Nolan Traoré; Danny Wolf; Day'Ron Sharpe
2025-11-12,ATL,SAC,133,100,Nickeil Alexander-Walker; Jalen Johnson; Dyson Daniels; Onyeka Okongwu; Zaccharie Risacher; CJ McCollum; Mouhamed Gueye; Vít Krejčí; Luke Kennard; Corey Kispert,DeMar DeRozan; Maxime Raynaud; Nique Clifford; Russell Westbrook; Precious Achiuwa; Malik Monk; Zach LaVine; Dennis Schröder; Dylan Cardwell; Daeqwon Plowden
2025-11-12,CHI,DET,113,124,Matas Buzelis; Tre Jones; Josh Giddey; Isaac Okoro; Nikola Vučević; Patrick Williams; Ayo Dosunmu; Jalen Smith; Kevin Huerter; Coby White,Cade Cunningham; Duncan Robinson; Jalen Duren; Ausar Thompson; Tobias Harris; Ron Holland; Daniss Jenkins; Javonte Green; Isaiah Stewart; Caris LeVert
2025-11-12,CLE,MIA,130,116,Donovan Mitchell; Evan Mobley; Jaylon Tyson; Jarrett Allen; Sam Merrill; Dean Wade; Craig Porter Jr.; De'Andre Hunter; Nae'Qwan Tomlin; James Harden,Bam Adebayo; Jaime Jaquez Jr.; Andrew Wiggins; Davion Mitchell; Pelle Larsson; Norman Powell; Kel'el Ware; Simone Fontecchio; Dru Smith; Tyler Herro
2025-11-12,DEN,LAC,130,116,Jamal Murray; Nikola Jokić; Tim Hardaway Jr.; Bruce Brown; Cameron Johnson; Peyton Watson; Spencer Jones; Christian Braun; Aaron Gordon; Jonas Valančiūnas,Kris Dunn; Kawhi Leonard; John Collins; Brook Lopez; James Harden; Kobe Sanders; Derrick Jones Jr.; Ivica Zubac; Jordan Miller; Nicolas Batum
2025-11-12,GSW,SAS,125,120,Brandin Podziemski; Draymond Green; Moses Moody; Gui Santos; Will Richard; Stephen Curry; Pat Spencer; Jimmy Butler; Quinten Post; Gary Payton II,Julian Champagnie; De'Aaron Fox; Devin Vassell; Stephon Castle; Harrison Barnes; Keldon Johnson; Victor Wembanyama; Dylan Harper; Luke Kornet; Carter Bryant
2025-11-12,LAL,OKC,92,121,Luka Dončić; Jake LaRavia; LeBron James; Deandre Ayton; Rui Hachimura; Marcus Smart; Austin Reaves; Jaxson Hayes; Jarred Vanderbilt; Luke Kennard,Shai Gilgeous-Alexander; Cason Wallace; Chet Holmgren; Luguentz Dort; Isaiah Joe; Ajay Mitchell; Aaron Wiggins; Jaylin Williams; Isaiah Hartenstein; Alex Caruso
2025-11-12,MEM,BOS,95,131,Jaylen Wells; Cam Spencer; Cedric Coward; Jaren Jackson Jr.; Santi Aldama; GG Jackson II; Kentavious Caldwell-Pope; Jock Landale; Olivier-Maxence Prosper; Javon Small,Derrick White; Payton Pritchard; Jaylen Brown; Sam Hauser; Neemias Queta; Baylor Scheierman; Jordan Walsh; Anfernee Simons; Luka Garza; Hugo González
2025-11-12,MIL,CHA,100,111,Ryan Rollins; A.J. Green; Myles Turner; Kyle Kuzma; Bobby Portis; Gary Trent Jr.; Jericho Sims; Kevin Porter Jr.; Giannis Antetokounmpo; Ousmane Dieng,Kon Knueppel; Miles Bridges; LaMelo Ball; Brandon Miller; Moussa Diabaté; Sion James; Ryan Kalkbrenner; Collin Sexton; Josh Green; Grant Williams
2025-11-12,ORL,NYK,124,107,Desmond Bane; Paolo Banchero; Wendell Carter Jr.; Anthony Black; Tristan Da Silva; Jalen Suggs; Franz Wagner; Goga Bitadze; Noah Penda; Tyus Jones,Mikal Bridges; Jalen Brunson; Karl-Anthony Towns; OG Anunoby; Josh Hart; Jordan Clarkson; Mitchell Robinson; Landry Shamet; Miles McBride; Tyler Kolek
2025-11-12,PHX,DAL,123,114,Collin Gillespie; Royce O'Neale; Devin Booker; Oso Ighodaro; Dillon Brooks; Jordan Goodwin; Grayson Allen; Mark Williams; Ryan Dunn; Jalen Green,Cooper Flagg; Max Christie; Naji Marshall; P.J. Washington; Klay Thompson; Brandon Williams; Daniel Gafford; Ryan Nembhard; Dwight Powell; Caleb Martin
2025-11-12,POR,NOP,125,117,Toumani Camara; Deni Avdija; Donovan Clingan; Jerami Grant; Jrue Holiday; Shaedon Sharpe; Sidy Cissoko; Kris Murray; Caleb Love; Robert Williams,Trey Murphy III; Saddiq Bey; Jeremiah Fears; Derik Queen; Zion Williamson; Herbert Jones; Yves Missi; Jordan Poole; Micah Peavy; Karlo Matković
2025-11-12,WAS,HOU,112,135,Bub Carrington; Will Riley; Bilal Coulibaly; Tre Johnson; Kyshawn George; Justin Champagnie; Alex Sarr; CJ McCollum; Jamir Watkins; Anthony Gill,Amen Thompson; Kevin Durant; Jabari Smith Jr.; Alperen Sengun; Reed Sheppard; Tari Eason; Josh Okogie; Clint Capela; Aaron Holiday; Steven Adams
2025-11-13,ATL,UTA,132,122,Nickeil Alexander-Walker; Jalen Johnson; Dyson Daniels; Onyeka Okongwu; Zaccharie Risacher; CJ McCollum; Mouhamed Gueye; Vít Krejčí; Luke Kennard; Corey Kispert,Ace Bailey; Kyle Filipowski; Keyonte George; Brice Sensabaugh; Cody Williams; Isaiah Collier; Lauri Markkanen; Svi Mykhailiuk; Jusuf Nurkić; Walter Clayton
2025-11-13,IND,PHX,98,133,Pascal Siakam; Jarace Walker; Andrew Nembhard; Jay Huff; Ben Sheppard; Aaron Nesmith; T.J. McConnell; Micah Potter; Quenton Jackson; Bennedict Mathurin,Collin Gillespie; Royce O'Neale; Devin Booker; Oso Ighodaro; Dillon Brooks; Jordan Goodwin; Grayson Allen; Mark Williams; Ryan Dunn; Jalen Green
2025-11-13,TOR,CLE,126,113,Scottie Barnes; Brandon Ingram; Immanuel Quickley; Jamal Shead; Sandro Mamukelashvili; RJ Barrett; Ja'Kobe Walter; Collin Murray-Boyles; Jakob Poeltl; Gradey Dick,Donovan Mitchell; Evan Mobley; Jaylon Tyson; Jarrett Allen; Sam Merrill; Dean Wade; Craig Porter Jr.; De'Andre Hunter; Nae'Qwan Tomlin; James Harden
2025-11-14,BKN,ORL,98,105,Nic Claxton; Noah Clowney; Michael Porter Jr.; Terance Mann; Drake Powell; Egor Dёmin; Ziaire Williams; Nolan Traoré; Danny Wolf; Day'Ron Sharpe,Desmond Bane; Paolo Banchero; Wendell Carter Jr.; Anthony Black; Tristan Da Silva; Jalen Suggs; Franz Wagner; Goga Bitadze; Noah Penda; Tyus Jones
2025-11-14,CHA,MIL,134,147,Kon Knueppel; Miles Bridges; LaMelo Ball; Brandon Miller; Moussa Diabaté; Sion James; Ryan Kalkbrenner; Collin Sexton; Josh Green; Grant Williams,Ryan Rollins; A.J. Green; Myles Turner; Kyle Kuzma; Bobby Portis; Gary Trent Jr.; Jericho Sims; Kevin Porter Jr.; Giannis Antetokounmpo; Ousmane Dieng
2025-11-14,GSW,SAS,109,108,Brandin Podziemski; Draymond Green; Moses Moody; Gui Santos; Will Richard; Stephen Curry; Pat Spencer; Jimmy Butler; Quinten Post; Gary Payton II,Julian Champagnie; De'Aaron Fox; Devin Vassell; Stephon Castle; Harrison Barnes; Keldon Johnson; Victor Wembanyama; Dylan Harper; Luke Kornet; Carter Bryant
2025-11-14,LAC,DAL,133,127,Kris Dunn; Kawhi Leonard; John Collins; Brook Lopez; James Harden; Kobe Sanders; Derrick Jones Jr.; Ivica Zubac; Jordan Miller; Nicolas Batum,Cooper Flagg; Max Christie; Naji Marshall; P.J. Washington; Klay Thompson; Brandon Williams; Daniel Gafford; Ryan Nembhard; Dwight Powell; Caleb Martin
2025-11-14,LAL,NOP,118,104,Luka Dončić; Jake LaRavia; LeBron James; Deandre Ayton; Rui Hachimura; Marcus Smart; Austin Reaves; Jaxson Hayes; Jarred Vanderbilt; Luke Kennard,Trey Murphy III; Saddiq Bey; Jeremiah Fears; Derik Queen; Zion Williamson; Herbert Jones; Yves Missi; Jordan Poole; Micah Peavy; Karlo Matković
2025-11-14,MIA,NYK,132,140,Bam Adebayo; Jaime Jaquez Jr.; Andrew Wiggins; Davion Mitchell; Pelle Larsson; Norman Powell; Kel'el Ware; Simone Fontecchio; Dru Smith; Tyler Herro,Mikal Bridges; Jalen Brunson; Karl-Anthony Towns; OG Anunoby; Josh Hart; Jordan Clarkson; Mitchell Robinson; Landry Shamet; Miles McBride; Tyler Kolek
2025-11-14,PHI,DET,105,114,Tyrese Maxey; VJ Edgecombe; Quentin Grimes; Dominick Barlow; Kelly Oubre Jr.; Adem Bona; Andre Drummond; Joel Embiid; Paul George; Justin Edwards,Cade Cunningham; Duncan Robinson; Jalen Duren; Ausar Thompson; Tobias Harris; Ron Holland; Daniss Jenkins; Javonte Green; Isaiah Stewart; Caris LeVert
2025-11-14,POR,HOU,116,140,Toumani Camara; Deni Avdija; Donovan Clingan; Jerami Grant; Jrue Holiday; Shaedon Sharpe; Sidy Cissoko; Kris Murray; Caleb Love; Robert Williams,Amen Thompson; Kevin Durant; Jabari Smith Jr.; Alperen Sengun; Reed Sheppard; Tari Eason; Josh Okogie; Clint Capela; Aaron Holiday; Steven Adams
2025-11-14,SAC,MIN,110,124,DeMar DeRozan; Maxime Raynaud; Nique Clifford; Russell Westbrook; Precious Achiuwa; Malik Monk; Zach LaVine; Dennis Schröder; Dylan Cardwell; Daeqwon Plowden,Julius Randle; Donte DiVincenzo; Rudy Gobert; Jaden McDaniels; Anthony Edwards; Naz Reid; Bones Hyland; Mike Conley; Jaylen Clark; Ayo Dosunmu
2025-11-15,DEN,MIN,123,112,Jamal Murray; Nikola Jokić; Tim Hardaway Jr.; Bruce Brown; Cameron Johnson; Peyton Watson; Spencer Jones; Christian Braun; Aaron Gordon; Jonas Valančiūnas,Julius Randle; Donte DiVincenzo; Rudy Gobert; Jaden McDaniels; Anthony Edwards; Naz Reid; Bones Hyland; Mike Conley; Jaylen Clark; Ayo Dosunmu
2025-11-15,LAL,MIL,119,95,Luka Dončić; Jake LaRavia; LeBron James; Deandre Ayton; Rui Hachimura; Marcus Smart; Austin Reaves; Jaxson Hayes; Jarred Vanderbilt; Luke Kennard,Ryan Rollins; A.J. Green; Myles Turner; Kyle Kuzma; Bobby Portis; Gary Trent Jr.; Jericho Sims; Kevin Porter Jr.; Giannis Antetokounmpo; Ousmane Dieng
2025-11-15,MEM,CLE,100,108,Jaylen Wells; Cam Spencer; Cedric Coward; Jaren Jackson Jr.; Santi Aldama; GG Jackson II; Kentavious Caldwell-Pope; Jock Landale; Olivier-Maxence Prosper; Javon Small,Donovan Mitchell; Evan Mobley; Jaylon Tyson; Jarrett Allen; Sam Merrill; Dean Wade; Craig Porter Jr.; De'Andre Hunter; Nae'Qwan Tomlin; James Harden
2025-11-15,OKC,CHA,109,96,Shai Gilgeous-Alexander; Cason Wallace; Chet Holmgren; Luguentz Dort; Isaiah Joe; Ajay Mitchell; Aaron Wiggins; Jaylin Williams; Isaiah Hartenstein; Alex Caruso,Kon Knueppel; Miles Bridges; LaMelo Ball; Brandon Miller; Moussa Diabaté; Sion James; Ryan Kalkbrenner; Collin Sexton; Josh Green; Grant Williams
2025-11-15,TOR,IND,129,111,Scottie Barnes; Brandon Ingram; Immanuel Quickley; Jamal Shead; Sandro Mamukelashvili; RJ Barrett; Ja'Kobe Walter; Collin Murray-Boyles; Jakob Poeltl; Gradey Dick,Pascal Siakam; Jarace Walker; Andrew Nembhard; Jay Huff; Ben Sheppard; Aaron Nesmith; T.J. McConnell; Micah Potter; Quenton Jackson; Bennedict Mathurin
2025-11-16,ATL,PHX,124,122,Nickeil Alexander-Walker; Jalen Johnson; Dyson Daniels; Onyeka Okongwu; Zaccharie Risacher; CJ McCollum; Mouhamed Gueye; Vít Krejčí; Luke Kennard; Corey Kispert,Collin Gillespie; Royce O'Neale; Devin Booker; Oso Ighodaro; Dillon Brooks; Jordan Goodwin; Grayson Allen; Mark Williams; Ryan Dunn; Jalen Green
2025-11-16,BKN,WAS,129,106,Nic Claxton; Noah Clowney; Michael Porter Jr.; Terance Mann; Drake Powell; Egor Dёmin; Ziaire Williams; Nolan Traoré; Danny Wolf; Day'Ron Sharpe,Bub Carrington; Will Riley; Bilal Coulibaly; Tre Johnson; Kyshawn George; Justin Champagnie; Alex Sarr; CJ McCollum; Jamir Watkins; Anthony Gill
2025-11-16,CHI,UTA,147,150,Matas Buzelis; Tre Jones; Josh Giddey; Isaac Okoro; Nikola Vučević; Patrick Williams; Ayo Dosunmu; Jalen Smith; Kevin Huerter; Coby White,Ace Bailey; Kyle Filipowski; Keyonte George; Brice Sensabaugh; Cody Williams; Isaiah Collier; Lauri Markkanen; Svi Mykhailiuk; Jusuf Nurkić; Walter Clayton
2025-11-16,GSW,NOP,124,106,Brandin Podziemski; Draymond Green; Moses Moody; Gui Santos; Will Richard; Stephen Curry; Pat Spencer; Jimmy Butler; Quinten Post; Gary Payton II,Trey Murphy III; Saddiq Bey; Jeremiah Fears; Derik Queen; Zion Williamson; Herbert Jones; Yves Missi; Jordan Poole; Micah Peavy; Karlo Matković
2025-11-16,LAC,BOS,118,121,Kris Dunn; Kawhi Leonard; John Collins; Brook Lopez; James Harden; Kobe Sanders; Derrick Jones Jr.; Ivica Zubac; Jordan Miller; Nicolas Batum,Derrick White; Payton Pritchard; Jaylen Brown; Sam Hauser; Neemias Queta; Baylor Scheierman; Jordan Walsh; Anfernee Simons; Luka Garza; Hugo González
2025-11-16,ORL,HOU,113,117,Desmond Bane; Paolo Banchero; Wendell Carter Jr.; Anthony Black; Tristan Da Silva; Jalen Suggs; Franz Wagner; Goga Bitadze; Noah Penda; Tyus Jones,Amen Thompson; Kevin Durant; Jabari Smith Jr.; Alperen Sengun; Reed Sheppard; Tari Eason; Josh Okogie; Clint Capela; Aaron Holiday; Steven Adams
2025-11-16,POR,DAL,133,138,Toumani Camara; Deni Avdija; Donovan Clingan; Jerami Grant; Jrue Holiday; Shaedon Sharpe; Sidy Cissoko; Kris Murray; Caleb Love; Robert Williams,Cooper Flagg; Max Christie; Naji Marshall; P.J. Washington; Klay Thompson; Brandon Williams; Daniel Gafford; Ryan Nembhard; Dwight Powell; Caleb Martin
2025-11-16,SAC,SAS,110,123,DeMar DeRozan; Maxime Raynaud; Nique Clifford; Russell Westbrook; Precious Achiuwa; Malik Monk; Zach LaVine; Dennis Schröder; Dylan Cardwell; Daeqwon Plowden,Julian Champagnie; De'Aaron Fox; Devin Vassell; Stephon Castle; Harrison Barnes; Keldon Johnson; Victor Wembanyama; Dylan Harper; Luke Kornet; Carter Bryant
2025-11-17,CHA,TOR,108,110,Kon Knueppel; Miles Bridges; LaMelo Ball; Brandon Miller; Moussa Diabaté; Sion James; Ryan Kalkbrenner; Collin Sexton; Josh Green; Grant Williams,Scottie Barnes; Brandon Ingram; Immanuel Quickley; Jamal Shead; Sandro Mamukelashvili; RJ Barrett; Ja'Kobe Walter; Collin Murray-Boyles; Jakob Poeltl; Gradey Dick
2025-11-17,CHI,DEN,130,127,Matas Buzelis; Tre Jones; Josh Giddey; Isaac Okoro; Nikola Vučević; Patrick Williams; Ayo Dosunmu; Jalen Smith; Kevin Huerter; Coby White,Jamal Murray; Nikola Jokić; Tim Hardaway Jr.; Bruce Brown; Cameron Johnson; Peyton Watson; Spencer Jones; Christian Braun; Aaron Gordon; Jonas Valančiūnas
2025-11-17,DAL,MIN,96,120,Cooper Flagg; Max Christie; Naji Marshall; P.J. Washington; Klay Thompson; Brandon Williams; Daniel Gafford; Ryan Nembhard; Dwight Powell; Caleb Martin,Julius Randle; Donte DiVincenzo; Rudy Gobert; Jaden McDaniels; Anthony Edwards; Naz Reid; Bones Hyland; Mike Conley; Jaylen Clark; Ayo Dosunmu
2025-11-17,IND,DET,112,127,Pascal Siakam; Jarace Walker; Andrew Nembhard; Jay Huff; Ben Sheppard; Aaron Nesmith; T.J. McConnell; Micah Potter; Quenton Jackson; Bennedict Mathurin,Cade Cunningham; Duncan Robinson; Jalen Duren; Ausar Thompson; Tobias Harris; Ron Holland; Daniss Jenkins; Javonte Green; Isaiah Stewart; Caris LeVert
2025-11-17,LAC,PHI,108,110,Kris Dunn; Kawhi Leonard; John Collins; Brook Lopez; James Harden; Kobe Sanders; Derrick Jones Jr.; Ivica Zubac; Jordan Miller; Nicolas Batum,Tyrese Maxey; VJ Edgecombe; Quentin Grimes; Dominick Barlow; Kelly Oubre Jr.; Adem Bona; Andre Drummond; Joel Embiid; Paul George; Justin Edwards
2025-11-17,MIL,CLE,106,118,Ryan Rollins; A.J. Green; Myles Turner; Kyle Kuzma; Bobby Portis; Gary Trent Jr.; Jericho Sims; Kevin Porter Jr.; Giannis Antetokounmpo; Ousmane Dieng,Donovan Mitchell; Evan Mobley; Jaylon Tyson; Jarrett Allen; Sam Merrill; Dean Wade; Craig Porter Jr.; De'Andre Hunter; Nae'Qwan Tomlin; James Harden
2025-11-17,NYK,MIA,113,115,Mikal Bridges; Jalen Brunson; Karl-Anthony Towns; OG Anunoby; Josh Hart; Jordan Clarkson; Mitchell Robinson; Landry Shamet; Miles McBride; Tyler Kolek,Bam Adebayo; Jaime Jaquez Jr.; Andrew Wiggins; Davion Mitchell; Pelle Larsson; Norman Powell; Kel'el Ware; Simone Fontecchio; Dru Smith; Tyler Herro
2025-11-17,OKC,NOP,126,109,Shai Gilgeous-Alexander; Cason Wallace; Chet Holmgren; Luguentz Dort; Isaiah Joe; Ajay Mitchell; Aaron Wiggins; Jaylin Williams; Isaiah Hartenstein; Alex Caruso,Trey Murphy III; Saddiq Bey; Jeremiah Fears; Derik Queen; Zion Williamson; Herbert Jones; Yves Missi; Jordan Poole; Micah Peavy; Karlo Matković
2025-11-18,BOS,BKN,113,99,Derrick White; Payton Pritchard; Jaylen Brown; Sam Hauser; Neemias Queta; Baylor Scheierman; Jordan Walsh; Anfernee Simons; Luka Garza; Hugo González,Nic Claxton; Noah Clowney; Michael Porter Jr.; Terance Mann; Drake Powell; Egor Dёmin; Ziaire Williams; Nolan Traoré; Danny Wolf; Day'Ron Sharpe
2025-11-18,DET,ATL,120,112,Cade Cunningham; Duncan Robinson; Jalen Duren; Ausar Thompson; Tobias Harris; Ron Holland; Daniss Jenkins; Javonte Green; Isaiah Stewart; Caris LeVert,Nickeil Alexander-Walker; Jalen Johnson; Dyson Daniels; Onyeka Okongwu; Zaccharie Risacher; CJ McCollum; Mouhamed Gueye; Vít Krejčí; Luke Kennard; Corey Kispert
2025-11-18,GSW,ORL,113,121,Brandin Podziemski; Draymond Green; Moses Moody; Gui Santos; Will Richard; Stephen Curry; Pat Spencer; Jimmy Butler; Quinten Post; Gary Payton II,Desmond Bane; Paolo Banchero; Wendell Carter Jr.; Anthony Black; Tristan Da Silva; Jalen Suggs; Franz Wagner; Goga Bitadze; Noah Penda; Tyus Jones
2025-11-18,MEM,SAS,101,111,Jaylen Wells; Cam Spencer; Cedric Coward; Jaren Jackson Jr.; Santi Aldama; GG Jackson II; Kentavious Caldwell-Pope; Jock Landale; Olivier-Maxence Prosper; Javon Small,Julian Champagnie; De'Aaron Fox; Devin Vassell; Stephon Castle; Harrison Barnes; Keldon Johnson; Victor Wembanyama; Dylan Harper; Luke Kornet; Carter Bryant
2025-11-18,PHX,POR,127,110,Collin Gillespie; Royce O'Neale; Devin Booker; Oso Ighodaro; Dillon Brooks; Jordan Goodwin; Grayson Allen; Mark Williams; Ryan Dunn; Jalen Green,Toumani Camara; Deni Avdija; Donovan Clingan; Jerami Grant; Jrue Holiday; Shaedon Sharpe; Sidy Cissoko; Kris Murray; Caleb Love; Robert Williams
2025-11-18,UTA,LAL,126,140,Ace Bailey; Kyle Filipowski; Keyonte George; Brice Sensabaugh; Cody Williams; Isaiah Collier; Lauri Markkanen; Svi Mykhailiuk; Jusuf Nurkić; Walter Clayton,Luka Dončić; Jake LaRavia; LeBron James; Deandre Ayton; Rui Hachimura; Marcus Smart; Austin Reaves; Jaxson Hayes; Jarred Vanderbilt; Luke Kennard
2025-11-19,CHA,IND,118,127,Kon Knueppel; Miles Bridges; LaMelo Ball; Brandon Miller; Moussa Diabaté; Sion James; Ryan Kalkbrenner; Collin Sexton; Josh Green; Grant Williams,Pascal Siakam; Jarace Walker; Andrew Nembhard; Jay Huff; Ben Sheppard; Aaron Nesmith; T.J. McConnell; Micah Potter; Quenton Jackson; Bennedict Mathurin
2025-11-19,CHI,POR,122,121,Matas Buzelis; Tre Jones; Josh Giddey; Isaac Okoro; Nikola Vučević; Patrick Williams; Ayo Dosunmu; Jalen Smith; Kevin Huerter; Coby White,Toumani Camara; Deni Avdija; Donovan Clingan; Jerami Grant; Jrue Holiday; Shaedon Sharpe; Sidy Cissoko; Kris Murray; Caleb Love; Robert Williams
2025-11-19,DEN,NOP,125,118,Jamal Murray; Nikola Jokić; Tim Hardaway Jr.; Bruce Brown; Cameron Johnson; Peyton Watson; Spencer Jones; Christian Braun; Aaron Gordon; Jonas Valančiūnas,Trey Murphy III; Saddiq Bey; Jeremiah Fears; Derik Queen; Zion Williamson; Herbert Jones; Yves Missi; Jordan Poole; Micah Peavy; Karlo Matković
2025-11-19,GSW,MIA,96,110,Brandin Podziemski; Draymond Green; Moses Moody; Gui Santos; Will Richard; Stephen Curry; Pat Spencer; Jimmy Butler; Quinten Post; Gary Payton II,Bam Adebayo; Jaime Jaquez Jr.; Andrew Wiggins; Davion Mitchell; Pelle Larsson; Norman Powell; Kel'el Ware; Simone Fontecchio; Dru Smith; Tyler Herro
2025-11-19,HOU,CLE,114,104,Amen Thompson; Kevin Durant; Jabari Smith Jr.; Alperen Sengun; Reed Sheppard; Tari Eason; Josh Okogie; Clint Capela; Aaron Holiday; Steven Adams,Donovan Mitchell; Evan Mobley; Jaylon Tyson; Jarrett Allen; Sam Merrill; Dean Wade; Craig Porter Jr.; De'Andre Hunter; Nae'Qwan Tomlin; James Harden
2025-11-19,NYK,DAL,113,111,Mikal Bridges; Jalen Brunson; Karl-Anthony Towns; OG Anunoby; Josh Hart; Jordan Clarkson; Mitchell Robinson; Landry Shamet; Miles McBride; Tyler Kolek,Cooper Flagg; Max Christie; Naji Marshall; P.J. Washington; Klay Thompson; Brandon Williams; Daniel Gafford; Ryan Nembhard; Dwight Powell; Caleb Martin
2025-11-19,SAC,OKC,99,113,DeMar DeRozan; Maxime Raynaud; Nique Clifford; Russell Westbrook; Precious Achiuwa; Malik Monk; Zach LaVine; Dennis Schröder; Dylan Cardwell; Daeqwon Plowden,Shai Gilgeous-Alexander; Cason Wallace; Chet Holmgren; Luguentz Dort; Isaiah Joe; Ajay Mitchell; Aaron Wiggins; Jaylin Williams; Isaiah Hartenstein; Alex Caruso
2025-11-19,TOR,PHI,121,112,Scottie Barnes; Brandon Ingram; Immanuel Quickley; Jamal Shead; Sandro Mamukelashvili; RJ Barrett; Ja'Kobe Walter; Collin Murray-Boyles; Jakob Poeltl; Gradey Dick,Tyrese Maxey; VJ Edgecombe; Quentin Grimes; Dominick Barlow; Kelly Oubre Jr.; Adem Bona; Andre Drummond; Joel Embiid; Paul George; Justin Edwards
2025-11-19,WAS,MIN,109,120,Bub Carrington; Will Riley; Bilal Coulibaly; Tre Johnson; Kyshawn George; Justin Champagnie; Alex Sarr; CJ McCollum; Jamir Watkins; Anthony Gill,Julius Randle; Donte DiVincenzo; Rudy Gobert; Jaden McDaniels; Anthony Edwards; Naz Reid; Bones Hyland; Mike Conley; Jaylen Clark; Ayo Dosunmu
2025-11-20,ATL,SAS,126,135,Nickeil Alexander-Walker; Jalen Johnson; Dyson Daniels; Onyeka Okongwu; Zaccharie Risacher; CJ McCollum; Mouhamed Gueye; Vít Krejčí; Luke Kennard; Corey Kispert,Julian Champagnie; De'Aaron Fox; Devin Vassell; Stephon Castle; Harrison Barnes; Keldon Johnson; Victor Wembanyama; Dylan Harper; Luke Kornet; Carter Bryant
2025-11-20,LAC,ORL,101,129,Kris Dunn; Kawhi Leonard; John Collins; Brook Lopez; James Harden; Kobe Sanders; Derrick Jones Jr.; Ivica Zubac; Jordan Miller; Nicolas Batum,Desmond Bane; Paolo Banchero; Wendell Carter Jr.; Anthony Black; Tristan Da Silva; Jalen Suggs; Franz Wagner; Goga Bitadze; Noah Penda; Tyus Jones
2025-11-20,PHI,MIL,123,114,Tyrese Maxey; VJ Edgecombe; Quentin Grimes; Dominick Barlow; Kelly Oubre Jr.; Adem Bona; Andre Drummond; Joel Embiid; Paul George; Justin Edwards,Ryan Rollins; A.J. Green; Myles Turner; Kyle Kuzma; Bobby Portis; Gary Trent Jr.; Jericho Sims; Kevin Porter Jr.; Giannis Antetokounmpo; Ousmane Dieng
2025-11-20,SAC,MEM,96,137,DeMar DeRozan; Maxime Raynaud; Nique Clifford; Russell Westbrook; Precious Achiuwa; Malik Monk; Zach LaVine; Dennis Schröder; Dylan Cardwell; Daeqwon Plowden,Jaylen Wells; Cam Spencer; Cedric Coward; Jaren Jackson Jr.; Santi Aldama; GG Jackson II; Kentavious Caldwell-Pope; Jock Landale; Olivier-Maxence Prosper; Javon Small
2025-11-21,BKN,BOS,113,105,Nic Claxton; Noah Clowney; Michael Porter Jr.; Terance Mann; Drake Powell; Egor Dёmin; Ziaire Williams; Nolan Traoré; Danny Wolf; Day'Ron Sharpe,Derrick White; Payton Pritchard; Jaylen Brown; Sam Hauser; Neemias Queta; Baylor Scheierman; Jordan Walsh; Anfernee Simons; Luka Garza; Hugo González
2025-11-21,DEN,HOU,112,109,Jamal Murray; Nikola Jokić; Tim Hardaway Jr.; Bruce Brown; Cameron Johnson; Peyton Watson; Spencer Jones; Christian Braun; Aaron Gordon; Jonas Valančiūnas,Amen Thompson; Kevin Durant; Jabari Smith Jr.; Alperen Sengun; Reed Sheppard; Tari Eason; Josh Okogie; Clint Capela; Aaron Holiday; Steven Adams
2025-11-21,IND,CLE,109,120,Pascal Siakam; Jarace Walker; Andrew Nembhard; Jay Huff; Ben Sheppard; Aaron Nesmith; T.J. McConnell; Micah Potter; Quenton Jackson; Bennedict Mathurin,Donovan Mitchell; Evan Mobley; Jaylon Tyson; Jarrett Allen; Sam Merrill; Dean Wade; Craig Porter Jr.; De'Andre Hunter; Nae'Qwan Tomlin; James Harden
2025-11-21,MIA,CHI,143,107,Bam Adebayo; Jaime Jaquez Jr.; Andrew Wiggins; Davion Mitchell; Pelle Larsson; Norman Powell; Kel'el Ware; Simone Fontecchio; Dru Smith; Tyler Herro,Matas Buzelis; Tre Jones; Josh Giddey; Isaac Okoro; Nikola Vučević; Patrick Williams; Ayo Dosunmu; Jalen Smith; Kevin Huerter; Coby White
2025-11-21,MIN,PHX,113,114,Julius Randle; Donte DiVincenzo; Rudy Gobert; Jaden McDaniels; Anthony Edwards; Naz Reid; Bones Hyland; Mike Conley; Jaylen Clark; Ayo Dosunmu,Collin Gillespie; Royce O'Neale; Devin Booker; Oso Ighodaro; Dillon Brooks; Jordan Goodwin; Grayson Allen; Mark Williams; Ryan Dunn; Jalen Green
2025-11-21,NOP,DAL,115,118,Trey Murphy III; Saddiq Bey; Jeremiah Fears; Derik Queen; Zion Williamson; Herbert Jones; Yves Missi; Jordan Poole; Micah Peavy; Karlo Matković,Cooper Flagg; Max Christie; Naji Marshall; P.J. Washington; Klay Thompson; Brandon Williams; Daniel Gafford; Ryan Nembhard; Dwight Powell; Caleb Martin
2025-11-21,OKC,UTA,144,112,Shai Gilgeous-Alexander; Cason Wallace; Chet Holmgren; Luguentz Dort; Isaiah Joe; Ajay Mitchell; Aaron Wiggins; Jaylin Williams; Isaiah Hartenstein; Alex Caruso,Ace Bailey; Kyle Filipowski; Keyonte George; Brice Sensabaugh; Cody Williams; Isaiah Collier; Lauri Markkanen; Svi Mykhailiuk; Jusuf Nurkić; Walter Clayton
2025-11-21,POR,GSW,127,123,Toumani Camara; Deni Avdija; Donovan Clingan; Jerami Grant; Jrue Holiday; Shaedon Sharpe; Sidy Cissoko; Kris Murray; Caleb Love; Robert Williams,Brandin Podziemski; Draymond Green; Moses Moody; Gui Santos; Will Richard; Stephen Curry; Pat Spencer; Jimmy Butler; Quinten Post; Gary Payton II
2025-11-21,WAS,TOR,110,140,Bub Carrington; Will Riley; Bilal Coulibaly; Tre Johnson; Kyshawn George; Justin Champagnie; Alex Sarr; CJ McCollum; Jamir Watkins; Anthony Gill,Scottie Barnes; Brandon Ingram; Immanuel Quickley; Jamal Shead; Sandro Mamukelashvili; RJ Barrett; Ja'Kobe Walter; Collin Murray-Boyles; Jakob Poeltl; Gradey Dick
2025-11-22,ATL,NOP,115,98,Nickeil Alexander-Walker; Jalen Johnson; Dyson Daniels; Onyeka Okongwu; Zaccharie Risacher; CJ McCollum; Mouhamed Gueye; Vít Krejčí; Luke Kennard; Corey Kispert,Trey Murphy III; Saddiq Bey; Jeremiah Fears; Derik Queen; Zion Williamson; Herbert Jones; Yves Missi; Jordan Poole; Micah Peavy; Karlo Matković
2025-11-22,DET,MIL,129,116,Cade Cunningham; Duncan Robinson; Jalen Duren; Ausar Thompson; Tobias Harris; Ron Holland; Daniss Jenkins; Javonte Green; Isaiah Stewart; Caris LeVert,Ryan Rollins; A.J. Green; Myles Turner; Kyle Kuzma; Bobby Portis; Gary Trent Jr.; Jericho Sims; Kevin Porter Jr.; Giannis Antetokounmpo; Ousmane Dieng
2025-11-22,LAC,CHA,131,116,Kris Dunn; Kawhi Leonard; John Collins; Brook Lopez; James Harden; Kobe Sanders; Derrick Jones Jr.; Ivica Zubac; Jordan Miller; Nicolas Batum,Kon Knueppel; Miles Bridges; LaMelo Ball; Brandon Miller; Moussa Diabaté; Sion James; Ryan Kalkbrenner; Collin Sexton; Josh Green; Grant Williams
2025-11-22,MEM,DAL,102,96,Jaylen Wells; Cam Spencer; Cedric Coward; Jaren Jackson Jr.; Santi Aldama; GG Jackson II; Kentavious Caldwell-Pope; Jock Landale; Olivier-Maxence Prosper; Javon Small,Cooper Flagg; Max Christie; Naji Marshall; P.J. Washington; Klay Thompson; Brandon Williams; Daniel Gafford; Ryan Nembhard; Dwight Powell; Caleb Martin
2025-11-22,NYK,ORL,121,133,Mikal Bridges; Jalen Brunson; Karl-Anthony Towns; OG Anunoby; Josh Hart; Jordan Clarkson; Mitchell Robinson; Landry Shamet; Miles McBride; Tyler Kolek,Desmond Bane; Paolo Banchero; Wendell Carter Jr.; Anthony Black; Tristan Da Silva; Jalen Suggs; Franz Wagner; Goga Bitadze; Noah Penda; Tyus Jones
2025-11-22,SAC,DEN,128,123,DeMar DeRozan; Maxime Raynaud; Nique Clifford; Russell Westbrook; Precious Achiuwa; Malik Monk; Zach LaVine; Dennis Schröder; Dylan Cardwell; Daeqwon Plowden,Jamal Murray; Nikola Jokić; Tim Hardaway Jr.; Bruce Brown; Cameron Johnson; Peyton Watson; Spencer Jones; Christian Braun; Aaron Gordon; Jonas Valančiūnas
2025-11-22,WAS,CHI,120,121,Bub Carrington; Will Riley; Bilal Coulibaly; Tre Johnson; Kyshawn George; Justin Champagnie; Alex Sarr; CJ McCollum; Jamir Watkins; Anthony Gill,Matas Buzelis; Tre Jones; Josh Giddey; Isaac Okoro; Nikola Vučević; Patrick Williams; Ayo Dosunmu; Jalen Smith; Kevin Huerter; Coby White
2025-11-23,BKN,TOR,109,119,Nic Claxton; Noah Clowney; Michael Porter Jr.; Terance Mann; Drake Powell; Egor Dёmin; Ziaire Williams; Nolan Traoré; Danny Wolf; Day'Ron Sharpe,Scottie Barnes; Brandon Ingram; Immanuel Quickley; Jamal Shead; Sandro Mamukelashvili; RJ Barrett; Ja'Kobe Walter; Collin Murray-Boyles; Jakob Poeltl; Gradey Dick
2025-11-23,CHA,ATL,110,113,Kon Knueppel; Miles Bridges; LaMelo Ball; Brandon Miller; Moussa Diabaté; Sion James; Ryan Kalkbrenner; Collin Sexton; Josh Green; Grant Williams,Nickeil Alexander-Walker; Jalen Johnson; Dyson Daniels; Onyeka Okongwu; Zaccharie Risacher; CJ McCollum; Mouhamed Gueye; Vít Krejčí; Luke Kennard; Corey Kispert
2025-11-23,LAC,CLE,105,120,Kris Dunn; Kawhi Leonard; John Collins; Brook Lopez; James Harden; Kobe Sanders; Derrick Jones Jr.; Ivica Zubac; Jordan Miller; Nicolas Batum,Donovan Mitchell; Evan Mobley; Jaylon Tyson; Jarrett Allen; Sam Merrill; Dean Wade; Craig Porter Jr.; De'Andre Hunter; Nae'Qwan Tomlin; James Harden
2025-11-23,LAL,UTA,108,106,Luka Dončić; Jake LaRavia; LeBron James; Deandre Ayton; Rui Hachimura; Marcus Smart; Austin Reaves; Jaxson Hayes; Jarred Vanderbilt; Luke Kennard,Ace Bailey; Kyle Filipowski; Keyonte George; Brice Sensabaugh; Cody Williams; Isaiah Collier; Lauri Markkanen; Svi Mykhailiuk; Jusuf Nurkić; Walter Clayton
2025-11-23,MIA,PHI,127,117,Bam Adebayo; Jaime Jaquez Jr.; Andrew Wiggins; Davion Mitchell; Pelle Larsson; Norman Powell; Kel'el Ware; Simone Fontecchio; Dru Smith; Tyler Herro,Tyrese Maxey; VJ Edgecombe; Quentin Grimes; Dominick Barlow; Kelly Oubre Jr.; Adem Bona; Andre Drummond; Joel Embiid; Paul George; Justin Edwards
2025-11-23,ORL,BOS,129,138,Desmond Bane; Paolo Banchero; Wendell Carter Jr.; Anthony Black; Tristan Da Silva; Jalen Suggs; Franz Wagner; Goga Bitadze; Noah Penda; Tyus Jones,Derrick White; Payton Pritchard; Jaylen Brown; Sam Hauser; Neemias Queta; Baylor Scheierman; Jordan Walsh; Anfernee Simons; Luka Garza; Hugo González
2025-11-23,POR,OKC,95,122,Toumani Camara; Deni Avdija; Donovan Clingan; Jerami Grant; Jrue Holiday; Shaedon Sharpe; Sidy Cissoko; Kris Murray; Caleb Love; Robert Williams,Shai Gilgeous-Alexander; Cason Wallace; Chet Holmgren; Luguentz Dort; Isaiah Joe; Ajay Mitchell; Aaron Wiggins; Jaylin Williams; Isaiah Hartenstein; Alex Caruso
2025-11-23,SAS,PHX,102,111,Julian Champagnie; De'Aaron Fox; Devin Vassell; Stephon Castle; Harrison Barnes; Keldon Johnson; Victor Wembanyama; Dylan Harper; Luke Kornet; Carter Bryant,Collin Gillespie; Royce O'Neale; Devin Booker; Oso Ighodaro; Dillon Brooks; Jordan Goodwin; Grayson Allen; Mark Williams; Ryan Dunn; Jalen Green
2025-11-24,CHI,NOP,130,143,Matas Buzelis; Tre Jones; Josh Giddey; Isaac Okoro; Nikola Vučević; Patrick Williams; Ayo Dosunmu; Jalen Smith; Kevin Huerter; Coby White,Trey Murphy III; Saddiq Bey; Jeremiah Fears; Derik Queen; Zion Williamson; Herbert Jones; Yves Missi; Jordan Poole; Micah Peavy; Karlo Matković
2025-11-24,CLE,TOR,99,110,Donovan Mitchell; Evan Mobley; Jaylon Tyson; Jarrett Allen; Sam Merrill; Dean Wade; Craig Porter Jr.; De'Andre Hunter; Nae'Qwan Tomlin; James Harden,Scottie Barnes; Brandon Ingram; Immanuel Quickley; Jamal Shead; Sandro Mamukelashvili; RJ Barrett; Ja'Kobe Walter; Collin Murray-Boyles; Jakob Poeltl; Gradey Dick
2025-11-24,DAL,MIA,102,106,Cooper Flagg; Max Christie; Naji Marshall; P.J. Washington; Klay Thompson; Brandon Williams; Daniel Gafford; Ryan Nembhard; Dwight Powell; Caleb Martin,Bam Adebayo; Jaime Jaquez Jr.; Andrew Wiggins; Davion Mitchell; Pelle Larsson; Norman Powell; Kel'el Ware; Simone Fontecchio; Dru Smith; Tyler Herro
2025-11-24,DEN,MEM,125,115,Jamal Murray; Nikola Jokić; Tim Hardaway Jr.; Bruce Brown; Cameron Johnson; Peyton Watson; Spencer Jones; Christian Braun; Aaron Gordon; Jonas Valančiūnas,Jaylen Wells; Cam Spencer; Cedric Coward; Jaren Jackson Jr.; Santi Aldama; GG Jackson II; Kentavious Caldwell-Pope; Jock Landale; Olivier-Maxence Prosper; Javon Small
2025-11-24,DET,IND,122,117,Cade Cunningham; Duncan Robinson; Jalen Duren; Ausar Thompson; Tobias Harris; Ron Holland; Daniss Jenkins; Javonte Green; Isaiah Stewart; Caris LeVert,Pascal Siakam; Jarace Walker; Andrew Nembhard; Jay Huff; Ben Sheppard; Aaron Nesmith; T.J. McConnell; Micah Potter; Quenton Jackson; Bennedict Mathurin
2025-11-24,HOU,PHX,114,92,Amen Thompson; Kevin Durant; Jabari Smith Jr.; Alperen Sengun; Reed Sheppard; Tari Eason; Josh Okogie; Clint Capela; Aaron Holiday; Steven Adams,Collin Gillespie; Royce O'Neale; Devin Booker; Oso Ighodaro; Dillon Brooks; Jordan Goodwin; Grayson Allen; Mark Williams; Ryan Dunn; Jalen Green
2025-11-24,MIN,SAC,112,117,Julius Randle; Donte DiVincenzo; Rudy Gobert; Jaden McDaniels; Anthony Edwards; Naz Reid; Bones Hyland; Mike Conley; Jaylen Clark; Ayo Dosunmu,DeMar DeRozan; Maxime Raynaud; Nique Clifford; Russell Westbrook; Precious Achiuwa; Malik Monk; Zach LaVine; Dennis Schröder; Dylan Cardwell; Daeqwon Plowden
2025-11-24,NYK,BKN,113,100,Mikal Bridges; Jalen Brunson; Karl-Anthony Towns; OG Anunoby; Josh Hart; Jordan Clarkson; Mitchell Robinson; Landry Shamet; Miles McBride; Tyler Kolek,Nic Claxton; Noah Clowney; Michael Porter Jr.; Terance Mann; Drake Powell; Egor Dёmin; Ziaire Williams; Nolan Traoré; Danny Wolf; Day'Ron Sharpe
2025-11-24,POR,MIL,115,103,Toumani Camara; Deni Avdija; Donovan Clingan; Jerami Grant; Jrue Holiday; Shaedon Sharpe; Sidy Cissoko; Kris Murray; Caleb Love; Robert Williams,Ryan Rollins; A.J. Green; Myles Turner; Kyle Kuzma; Bobby Portis; Gary Trent Jr.; Jericho Sims; Kevin Porter Jr.; Giannis Antetokounmpo; Ousmane Dieng
2025-11-24,UTA,GSW,117,134,Ace Bailey; Kyle Filipowski; Keyonte George; Brice Sensabaugh; Cody Williams; Isaiah Collier; Lauri Markkanen; Svi Mykhailiuk; Jusuf Nurkić; Walter Clayton,Brandin Podziemski; Draymond Green; Moses Moody; Gui Santos; Will Richard; Stephen Curry; Pat Spencer; Jimmy Butler; Quinten Post; Gary Payton II
2025-11-25,ATL,WAS,113,132,Nickeil Alexander-Walker; Jalen Johnson; Dyson Daniels; Onyeka Okongwu; Zaccharie Risacher; CJ McCollum; Mouhamed Gueye; Vít Krejčí; Luke Kennard; Corey Kispert,Bub Carrington; Will Riley; Bilal Coulibaly; Tre Johnson; Kyshawn George; Justin Champagnie; Alex Sarr; CJ McCollum; Jamir Watkins; Anthony Gill
2025-11-25,LAC,LAL,118,135,Kris Dunn; Kawhi Leonard; John Collins; Brook Lopez; James Harden; Kobe Sanders; Derrick Jones Jr.; Ivica Zubac; Jordan Miller; Nicolas Batum,Luka Dončić; Jake LaRavia; LeBron James; Deandre Ayton; Rui Hachimura; Marcus Smart; Austin Reaves; Jaxson Hayes; Jarred Vanderbilt; Luke Kennard
2025-11-25,ORL,PHI,144,103,Desmond Bane; Paolo Banchero; Wendell Carter Jr.; Anthony Black; Tristan Da Silva; Jalen Suggs; Franz Wagner; Goga Bitadze; Noah Penda; Tyus Jones,Tyrese Maxey; VJ Edgecombe; Quentin Grimes; Dominick Barlow; Kelly Oubre Jr.; Adem Bona; Andre Drummond; Joel Embiid; Paul George; Justin Edwards
2025-11-26,DET,BOS,114,117,Cade Cunningham; Duncan Robinson; Jalen Duren; Ausar Thompson; Tobias Harris; Ron Holland; Daniss Jenkins; Javonte Green; Isaiah Stewart; Caris LeVert,Derrick White; Payton Pritchard; Jaylen Brown; Sam Hauser; Neemias Queta; Baylor Scheierman; Jordan Walsh; Anfernee Simons; Luka Garza; Hugo González
2025-11-26,HOU,GSW,104,100,Amen Thompson; Kevin Durant; Jabari Smith Jr.; Alperen Sengun; Reed Sheppard; Tari Eason; Josh Okogie; Clint Capela; Aaron Holiday; Steven Adams,Brandin Podziemski; Draymond Green; Moses Moody; Gui Santos; Will Richard; Stephen Curry; Pat Spencer; Jimmy Butler; Quinten Post; Gary Payton II
2025-11-26,IND,TOR,95,97,Pascal Siakam; Jarace Walker; Andrew Nembhard; Jay Huff; Ben Sheppard; Aaron Nesmith; T.J. McConnell; Micah Potter; Quenton Jackson; Bennedict Mathurin,Scottie Barnes; Brandon Ingram; Immanuel Quickley; Jamal Shead; Sandro Mamukelashvili; RJ Barrett; Ja'Kobe Walter; Collin Murray-Boyles; Jakob Poeltl; Gradey Dick
2025-11-26,MEM,NOP,133,128,Jaylen Wells; Cam Spencer; Cedric Coward; Jaren Jackson Jr.; Santi Aldama; GG Jackson II; Kentavious Caldwell-Pope; Jock Landale; Olivier-Maxence Prosper; Javon Small,Trey Murphy III; Saddiq Bey; Jeremiah Fears; Derik Queen; Zion Williamson; Herbert Jones; Yves Missi; Jordan Poole; Micah Peavy; Karlo Matković
2025-11-26,MIL,MIA,103,106,Ryan Rollins; A.J. Green; Myles Turner; Kyle Kuzma; Bobby Portis; Gary Trent Jr.; Jericho Sims; Kevin Porter Jr.; Giannis Antetokounmpo; Ousmane Dieng,Bam Adebayo; Jaime Jaquez Jr.; Andrew Wiggins; Davion Mitchell; Pelle Larsson; Norman Powell; Kel'el Ware; Simone Fontecchio; Dru Smith; Tyler Herro
2025-11-26,MIN,OKC,105,113,Julius Randle; Donte DiVincenzo; Rudy Gobert; Jaden McDaniels; Anthony Edwards; Naz Reid; Bones Hyland; Mike Conley; Jaylen Clark; Ayo Dosunmu,Shai Gilgeous-Alexander; Cason Wallace; Chet Holmgren; Luguentz Dort; Isaiah Joe; Ajay Mitchell; Aaron Wiggins; Jaylin Williams; Isaiah Hartenstein; Alex Caruso
2025-11-26,NYK,CHA,129,101,Mikal Bridges; Jalen Brunson; Karl-Anthony Towns; OG Anunoby; Josh Hart; Jordan Clarkson; Mitchell Robinson; Landry Shamet; Miles McBride; Tyler Kolek,Kon Knueppel; Miles Bridges; LaMelo Ball; Brandon Miller; Moussa Diabaté; Sion James; Ryan Kalkbrenner; Collin Sexton; Josh Green; Grant Williams
2025-11-26,PHX,SAC,112,100,Collin Gillespie; Royce O'Neale; Devin Booker; Oso Ighodaro; Dillon Brooks; Jordan Goodwin; Grayson Allen; Mark Williams; Ryan Dunn; Jalen Green,DeMar DeRozan; Maxime Raynaud; Nique Clifford; Russell Westbrook; Precious Achiuwa; Malik Monk; Zach LaVine; Dennis Schröder; Dylan Cardwell; Daeqwon Plowden
2025-11-26,SAS,POR,115,102,Julian Champagnie; De'Aaron Fox; Devin Vassell; Stephon Castle; Harrison Barnes; Keldon Johnson; Victor Wembanyama; Dylan Harper; Luke Kornet; Carter Bryant,Toumani Camara; Deni Avdija; Donovan Clingan; Jerami Grant; Jrue Holiday; Shaedon Sharpe; Sidy Cissoko; Kris Murray; Caleb Love; Robert Williams
2025-11-28,CHI,CHA,116,123,Matas Buzelis; Tre Jones; Josh Giddey; Isaac Okoro; Nikola Vučević; Patrick Williams; Ayo Dosunmu; Jalen Smith; Kevin Huerter; Coby White,Kon Knueppel; Miles Bridges; LaMelo Ball; Brandon Miller; Moussa Diabaté; Sion James; Ryan Kalkbrenner; Collin Sexton; Josh Green; Grant Williams
2025-11-28,CLE,ATL,123,130,Donovan Mitchell; Evan Mobley; Jaylon Tyson; Jarrett Allen; Sam Merrill; Dean Wade; Craig Porter Jr.; De'Andre Hunter; Nae'Qwan Tomlin; James Harden,Nickeil Alexander-Walker; Jalen Johnson; Dyson Daniels; Onyeka Okongwu; Zaccharie Risacher; CJ McCollum; Mouhamed Gueye; Vít Krejčí; Luke Kennard; Corey Kispert
2025-11-28,DAL,LAL,119,129,Cooper Flagg; Max Christie; Naji Marshall; P.J. Washington; Klay Thompson; Brandon Williams; Daniel Gafford; Ryan Nembhard; Dwight Powell; Caleb Martin,Luka Dončić; Jake LaRavia; LeBron James; Deandre Ayton; Rui Hachimura; Marcus Smart; Austin Reaves; Jaxson Hayes; Jarred Vanderbilt; Luke Kennard
2025-11-28,MEM,LAC,112,107,Jaylen Wells; Cam Spencer; Cedric Coward; Jaren Jackson Jr.; Santi Aldama; GG Jackson II; Kentavious Caldwell-Pope; Jock Landale; Olivier-Maxence Prosper; Javon Small,Kris Dunn; Kawhi Leonard; John Collins; Brook Lopez; James Harden; Kobe Sanders; Derrick Jones Jr.; Ivica Zubac; Jordan Miller; Nicolas Batum
2025-11-28,MIL,NYK,109,118,Ryan Rollins; A.J. Green; Myles Turner; Kyle Kuzma; Bobby Portis; Gary Trent Jr.; Jericho Sims; Kevin Porter Jr.; Giannis Antetokounmpo; Ousmane Dieng,Mikal Bridges; Jalen Brunson; Karl-Anthony Towns; OG Anunoby; Josh Hart; Jordan Clarkson; Mitchell Robinson; Landry Shamet; Miles McBride; Tyler Kolek
2025-11-28,ORL,DET,112,109,Desmond Bane; Paolo Banchero; Wendell Carter Jr.; Anthony Black; Tristan Da Silva; Jalen Suggs; Franz Wagner; Goga Bitadze; Noah Penda; Tyus Jones,Cade Cunningham; Duncan Robinson; Jalen Duren; Ausar Thompson; Tobias Harris; Ron Holland; Daniss Jenkins; Javonte Green; Isaiah Stewart; Caris LeVert
2025-11-28,PHI,BKN,115,103,Tyrese Maxey; VJ Edgecombe; Quentin Grimes; Dominick Barlow; Kelly Oubre Jr.; Adem Bona; Andre Drummond; Joel Embiid; Paul George; Justin Edwards,Nic Claxton; Noah Clowney; Michael Porter Jr.; Terance Mann; Drake Powell; Egor Dёmin; Ziaire Williams; Nolan Traoré; Danny Wolf; Day'Ron Sharpe
2025-11-28,PHX,OKC,119,123,Collin Gillespie; Royce O'Neale; Devin Booker; Oso Ighodaro; Dillon Brooks; Jordan Goodwin; Grayson Allen; Mark Williams; Ryan Dunn; Jalen Green,Shai Gilgeous-Alexander; Cason Wallace; Chet Holmgren; Luguentz Dort; Isaiah Joe; Ajay Mitchell; Aaron Wiggins; Jaylin Williams; Isaiah Hartenstein; Alex Caruso
2025-11-28,SAC,UTA,119,128,DeMar DeRozan; Maxime Raynaud; Nique Clifford; Russell Westbrook; Precious Achiuwa; Malik Monk; Zach LaVine; Dennis Schröder; Dylan Cardwell; Daeqwon Plowden,Ace Bailey; Kyle Filipowski; Keyonte George; Brice Sensabaugh; Cody Williams; Isaiah Collier; Lauri Markkanen; Svi Mykhailiuk; Jusuf Nurkić; Walter Clayton
2025-11-28,SAS,DEN,139,136,Julian Champagnie; De'Aaron Fox; Devin Vassell; Stephon Castle; Harrison Barnes; Keldon Johnson; Victor Wembanyama; Dylan Harper; Luke Kornet; Carter Bryant,Jamal Murray; Nikola Jokić; Tim Hardaway Jr.; Bruce Brown; Cameron Johnson; Peyton Watson; Spencer Jones; Christian Braun; Aaron Gordon; Jonas Valančiūnas
2025-11-28,WAS,IND,86,119,Bub Carrington; Will Riley; Bilal Coulibaly; Tre Johnson; Kyshawn George; Justin Champagnie; Alex Sarr; CJ McCollum; Jamir Watkins; Anthony Gill,Pascal Siakam; Jarace Walker; Andrew Nembhard; Jay Huff; Ben Sheppard; Aaron Nesmith; T.J. McConnell; Micah Potter; Quenton Jackson; Bennedict Mathurin
2025-11-29,BKN,MIL,99,116,Nic Claxton; Noah Clowney; Michael Porter Jr.; Terance Mann; Drake Powell; Egor Dёmin; Ziaire Williams; Nolan Traoré; Danny Wolf; Day'Ron Sharpe,Ryan Rollins; A.J. Green; Myles Turner; Kyle Kuzma; Bobby Portis; Gary Trent Jr.; Jericho Sims; Kevin Porter Jr.; Giannis Antetokounmpo; Ousmane Dieng
2025-11-29,BOS,MIN,115,119,Derrick White; Payton Pritchard; Jaylen Brown; Sam Hauser; Neemias Queta; Baylor Scheierman; Jordan Walsh; Anfernee Simons; Luka Garza; Hugo González,Julius Randle; Donte DiVincenzo; Rudy Gobert; Jaden McDaniels; Anthony Edwards; Naz Reid; Bones Hyland; Mike Conley; Jaylen Clark; Ayo Dosunmu
2025-11-29,CHI,IND,101,103,Matas Buzelis; Tre Jones; Josh Giddey; Isaac Okoro; Nikola Vučević; Patrick Williams; Ayo Dosunmu; Jalen Smith; Kevin Huerter; Coby White,Pascal Siakam; Jarace Walker; Andrew Nembhard; Jay Huff; Ben Sheppard; Aaron Nesmith; T.J. McConnell; Micah Potter; Quenton Jackson; Bennedict Mathurin
2025-11-29,DAL,LAC,114,110,Cooper Flagg; Max Christie; Naji Marshall; P.J. Washington; Klay Thompson; Brandon Williams; Daniel Gafford; Ryan Nembhard; Dwight Powell; Caleb Martin,Kris Dunn; Kawhi Leonard; John Collins; Brook Lopez; James Harden; Kobe Sanders; Derrick Jones Jr.; Ivica Zubac; Jordan Miller; Nicolas Batum
2025-11-29,DEN,PHX,130,112,Jamal Murray; Nikola Jokić; Tim Hardaway Jr.; Bruce Brown; Cameron Johnson; Peyton Watson; Spencer Jones; Christian Braun; Aaron Gordon; Jonas Valančiūnas,Collin Gillespie; Royce O'Neale; Devin Booker; Oso Ighodaro; Dillon Brooks; Jordan Goodwin; Grayson Allen; Mark Williams; Ryan Dunn; Jalen Green
2025-11-29,DET,MIA,138,135,Cade Cunningham; Duncan Robinson; Jalen Duren; Ausar Thompson; Tobias Harris; Ron Holland; Daniss Jenkins; Javonte Green; Isaiah Stewart; Caris LeVert,Bam Adebayo; Jaime Jaquez Jr.; Andrew Wiggins; Davion Mitchell; Pelle Larsson; Norman Powell; Kel'el Ware; Simone Fontecchio; Dru Smith; Tyler Herro
2025-11-29,NOP,GSW,96,104,Trey Murphy III; Saddiq Bey; Jeremiah Fears; Derik Queen; Zion Williamson; Herbert Jones; Yves Missi; Jordan Poole; Micah Peavy; Karlo Matković,Brandin Podziemski; Draymond Green; Moses Moody; Gui Santos; Will Richard; Stephen Curry; Pat Spencer; Jimmy Butler; Quinten Post; Gary Payton II
2025-11-29,TOR,CHA,111,118,Scottie Barnes; Brandon Ingram; Immanuel Quickley; Jamal Shead; Sandro Mamukelashvili; RJ Barrett; Ja'Kobe Walter; Collin Murray-Boyles; Jakob Poeltl; Gradey Dick,Kon Knueppel; Miles Bridges; LaMelo Ball; Brandon Miller; Moussa Diabaté; Sion James; Ryan Kalkbrenner; Collin Sexton; Josh Green; Grant Williams
2025-11-30,ATL,PHI,142,134,Nickeil Alexander-Walker; Jalen Johnson; Dyson Daniels; Onyeka Okongwu; Zaccharie Risacher; CJ McCollum; Mouhamed Gueye; Vít Krejčí; Luke Kennard; Corey Kispert,Tyrese Maxey; VJ Edgecombe; Quentin Grimes; Dominick Barlow; Kelly Oubre Jr.; Adem Bona; Andre Drummond; Joel Embiid; Paul George; Justin Edwards
2025-11-30,BOS,CLE,117,115,Derrick White; Payton Pritchard; Jaylen Brown; Sam Hauser; Neemias Queta; Baylor Scheierman; Jordan Walsh; Anfernee Simons; Luka Garza; Hugo González,Donovan Mitchell; Evan Mobley; Jaylon Tyson; Jarrett Allen; Sam Merrill; Dean Wade; Craig Porter Jr.; De'Andre Hunter; Nae'Qwan Tomlin; James Harden
2025-11-30,HOU,UTA,129,101,Amen Thompson; Kevin Durant; Jabari Smith Jr.; Alperen Sengun; Reed Sheppard; Tari Eason; Josh Okogie; Clint Capela; Aaron Holiday; Steven Adams,Ace Bailey; Kyle Filipowski; Keyonte George; Brice Sensabaugh; Cody Williams; Isaiah Collier; Lauri Markkanen; Svi Mykhailiuk; Jusuf Nurkić; Walter Clayton
2025-11-30,MEM,SAC,115,107,Jaylen Wells; Cam Spencer; Cedric Coward; Jaren Jackson Jr.; Santi Aldama; GG Jackson II; Kentavious Caldwell-Pope; Jock Landale; Olivier-Maxence Prosper; Javon Small,DeMar DeRozan; Maxime Raynaud; Nique Clifford; Russell Westbrook; Precious Achiuwa; Malik Monk; Zach LaVine; Dennis Schröder; Dylan Cardwell; Daeqwon Plowden
2025-11-30,NOP,LAL,121,133,Trey Murphy III; Saddiq Bey; Jeremiah Fears; Derik Queen; Zion Williamson; Herbert Jones; Yves Missi; Jordan Poole; Micah Peavy; Karlo Matković,Luka Dončić; Jake LaRavia; LeBron James; Deandre Ayton; Rui Hachimura; Marcus Smart; Austin Reaves; Jaxson Hayes; Jarred Vanderbilt; Luke Kennard
2025-11-30,OKC,POR,123,115,Shai Gilgeous-Alexander; Cason Wallace; Chet Holmgren; Luguentz Dort; Isaiah Joe; Ajay Mitchell; Aaron Wiggins; Jaylin Williams; Isaiah Hartenstein; Alex Caruso,Toumani Camara; Deni Avdija; Donovan Clingan; Jerami Grant; Jrue Holiday; Shaedon Sharpe; Sidy Cissoko; Kris Murray; Caleb Love; Robert Williams
2025-11-30,SAS,MIN,112,125,Julian Champagnie; De'Aaron Fox; Devin Vassell; Stephon Castle; Harrison Barnes; Keldon Johnson; Victor Wembanyama; Dylan Harper; Luke Kornet; Carter Bryant,Julius Randle; Donte DiVincenzo; Rudy Gobert; Jaden McDaniels; Anthony Edwards; Naz Reid; Bones Hyland; Mike Conley; Jaylen Clark; Ayo Dosunmu
2025-11-30,TOR,NYK,94,116,Scottie Barnes; Brandon Ingram; Immanuel Quickley; Jamal Shead; Sandro Mamukelashvili; RJ Barrett; Ja'Kobe Walter; Collin Murray-Boyles; Jakob Poeltl; Gradey Dick,Mikal Bridges; Jalen Brunson; Karl-Anthony Towns; OG Anunoby; Josh Hart; Jordan Clarkson; Mitchell Robinson; Landry Shamet; Miles McBride; Tyler Kolek
2025-12-01,ATL,DET,98,99,Nickeil Alexander-Walker; Jalen Johnson; Dyson Daniels; Onyeka Okongwu; Zaccharie Risacher; CJ McCollum; Mouhamed Gueye; Vít Krejčí; Luke Kennard; Corey Kispert,Cade Cunningham; Duncan Robinson; Jalen Duren; Ausar Thompson; Tobias Harris; Ron Holland; Daniss Jenkins; Javonte Green; Isaiah Stewart; Caris LeVert
2025-12-01,CHA,BKN,103,116,Kon Knueppel; Miles Bridges; LaMelo Ball; Brandon Miller; Moussa Diabaté; Sion James; Ryan Kalkbrenner; Collin Sexton; Josh Green; Grant Williams,Nic Claxton; Noah Clowney; Michael Porter Jr.; Terance Mann; Drake Powell; Egor Dёmin; Ziaire Williams; Nolan Traoré; Danny Wolf; Day'Ron Sharpe
2025-12-01,CHI,ORL,120,125,Matas Buzelis; Tre Jones; Josh Giddey; Isaac Okoro; Nikola Vučević; Patrick Williams; Ayo Dosunmu; Jalen Smith; Kevin Huerter; Coby White,Desmond Bane; Paolo Banchero; Wendell Carter Jr.; Anthony Black; Tristan Da Silva; Jalen Suggs; Franz Wagner; Goga Bitadze; Noah Penda; Tyus Jones
2025-12-01,CLE,IND,135,119,Donovan Mitchell; Evan Mobley; Jaylon Tyson; Jarrett Allen; Sam Merrill; Dean Wade; Craig Porter Jr.; De'Andre Hunter; Nae'Qwan Tomlin; James Harden,Pascal Siakam; Jarace Walker; Andrew Nembhard; Jay Huff; Ben Sheppard; Aaron Nesmith; T.J. McConnell; Micah Potter; Quenton Jackson; Bennedict Mathurin
2025-12-01,DAL,DEN,131,121,Cooper Flagg; Max Christie; Naji Marshall; P.J. Washington; Klay Thompson; Brandon Williams; Daniel Gafford; Ryan Nembhard; Dwight Powell; Caleb Martin,Jamal Murray; Nikola Jokić; Tim Hardaway Jr.; Bruce Brown; Cameron Johnson; Peyton Watson; Spencer Jones; Christian Braun; Aaron Gordon; Jonas Valančiūnas
2025-12-01,HOU,UTA,125,133,Amen Thompson; Kevin Durant; Jabari Smith Jr.; Alperen Sengun; Reed Sheppard; Tari Eason; Josh Okogie; Clint Capela; Aaron Holiday; Steven Adams,Ace Bailey; Kyle Filipowski; Keyonte George; Brice Sensabaugh; Cody Williams; Isaiah Collier; Lauri Markkanen; Svi Mykhailiuk; Jusuf Nurkić; Walter Clayton
2025-12-01,LAC,MIA,123,140,Kris Dunn; Kawhi Leonard; John Collins; Brook Lopez; James Harden; Kobe Sanders; Derrick Jones Jr.; Ivica Zubac; Jordan Miller; Nicolas Batum,Bam Adebayo; Jaime Jaquez Jr.; Andrew Wiggins; Davion Mitchell; Pelle Larsson; Norman Powell; Kel'el Ware; Simone Fontecchio; Dru Smith; Tyler Herro
2025-12-01,MIL,WAS,126,129,Ryan Rollins; A.J. Green; Myles Turner; Kyle Kuzma; Bobby Portis; Gary Trent Jr.; Jericho Sims; Kevin Porter Jr.; Giannis Antetokounmpo; Ousmane Dieng,Bub Carrington; Will Riley; Bilal Coulibaly; Tre Johnson; Kyshawn George; Justin Champagnie; Alex Sarr; CJ McCollum; Jamir Watkins; Anthony Gill
2025-12-01,PHX,LAL,125,108,Collin Gillespie; Royce O'Neale; Devin Booker; Oso Ighodaro; Dillon Brooks; Jordan Goodwin; Grayson Allen; Mark Williams; Ryan Dunn; Jalen Green,Luka Dončić; Jake LaRavia; LeBron James; Deandre Ayton; Rui Hachimura; Marcus Smart; Austin Reaves; Jaxson Hayes; Jarred Vanderbilt; Luke Kennard
2025-12-02,MEM,SAS,119,126,Jaylen Wells; Cam Spencer; Cedric Coward; Jaren Jackson Jr.; Santi Aldama; GG Jackson II; Kentavious Caldwell-Pope; Jock Landale; Olivier-Maxence Prosper; Javon Small,Julian Champagnie; De'Aaron Fox; Devin Vassell; Stephon Castle; Harrison Barnes; Keldon Johnson; Victor Wembanyama; Dylan Harper; Luke Kornet; Carter Bryant
2025-12-02,MIN,NOP,149,142,Julius Randle; Donte DiVincenzo; Rudy Gobert; Jaden McDaniels; Anthony Edwards; Naz Reid; Bones Hyland; Mike Conley; Jaylen Clark; Ayo Dosunmu,Trey Murphy III; Saddiq Bey; Jeremiah Fears; Derik Queen; Zion Williamson; Herbert Jones; Yves Missi; Jordan Poole; Micah Peavy; Karlo Matković
2025-12-02,NYK,BOS,117,123,Mikal Bridges; Jalen Brunson; Karl-Anthony Towns; OG Anunoby; Josh Hart; Jordan Clarkson; Mitchell Robinson; Landry Shamet; Miles McBride; Tyler Kolek,Derrick White; Payton Pritchard; Jaylen Brown; Sam Hauser; Neemias Queta; Baylor Scheierman; Jordan Walsh; Anfernee Simons; Luka Garza; Hugo González
2025-12-02,OKC,GSW,124,112,Shai Gilgeous-Alexander; Cason Wallace; Chet Holmgren; Luguentz Dort; Isaiah Joe; Ajay Mitchell; Aaron Wiggins; Jaylin Williams; Isaiah Hartenstein; Alex Caruso,Brandin Podziemski; Draymond Green; Moses Moody; Gui Santos; Will Richard; Stephen Curry; Pat Spencer; Jimmy Butler; Quinten Post; Gary Payton II
2025-12-02,POR,TOR,118,121,Toumani Camara; Deni Avdija; Donovan Clingan; Jerami Grant; Jrue Holiday; Shaedon Sharpe; Sidy Cissoko; Kris Murray; Caleb Love; Robert Williams,Scottie Barnes; Brandon Ingram; Immanuel Quickley; Jamal Shead; Sandro Mamukelashvili; RJ Barrett; Ja'Kobe Walter; Collin Murray-Boyles; Jakob Poeltl; Gradey Dick
2025-12-02,WAS,PHI,102,121,Bub Carrington; Will Riley; Bilal Coulibaly; Tre Johnson; Kyshawn George; Justin Champagnie; Alex Sarr; CJ McCollum; Jamir Watkins; Anthony Gill,Tyrese Maxey; VJ Edgecombe; Quentin Grimes; Dominick Barlow; Kelly Oubre Jr.; Adem Bona; Andre Drummond; Joel Embiid; Paul George; Justin Edwards
2025-12-03,BKN,CHI,113,103,Nic Claxton; Noah Clowney; Michael Porter Jr.; Terance Mann; Drake Powell; Egor Dёmin; Ziaire Williams; Nolan Traoré; Danny Wolf; Day'Ron Sharpe,Matas Buzelis; Tre Jones; Josh Giddey; Isaac Okoro; Nikola Vučević; Patrick Williams; Ayo Dosunmu; Jalen Smith; Kevin Huerter; Coby White
2025-12-03,CHA,NYK,104,119,Kon Knueppel; Miles Bridges; LaMelo Ball; Brandon Miller; Moussa Diabaté; Sion James; Ryan Kalkbrenner; Collin Sexton; Josh Green; Grant Williams,Mikal Bridges; Jalen Brunson; Karl-Anthony Towns; OG Anunoby; Josh Hart; Jordan Clarkson; Mitchell Robinson; Landry Shamet; Miles McBride; Tyler Kolek
2025-12-03,DEN,IND,135,120,Jamal Murray; Nikola Jokić; Tim Hardaway Jr.; Bruce Brown; Cameron Johnson; Peyton Watson; Spencer Jones; Christian Braun; Aaron Gordon; Jonas Valančiūnas,Pascal Siakam; Jarace Walker; Andrew Nembhard; Jay Huff; Ben Sheppard; Aaron Nesmith; T.J. McConnell; Micah Potter; Quenton Jackson; Bennedict Mathurin
2025-12-03,DET,MIL,109,113,Cade Cunningham; Duncan Robinson; Jalen Duren; Ausar Thompson; Tobias Harris; Ron Holland; Daniss Jenkins; Javonte Green; Isaiah Stewart; Caris LeVert,Ryan Rollins; A.J. Green; Myles Turner; Kyle Kuzma; Bobby Portis; Gary Trent Jr.; Jericho Sims; Kevin Porter Jr.; Giannis Antetokounmpo; Ousmane Dieng
2025-12-03,LAC,ATL,115,92,Kris Dunn; Kawhi Leonard; John Collins; Brook Lopez; James Harden; Kobe Sanders; Derrick Jones Jr.; Ivica Zubac; Jordan Miller; Nicolas Batum,Nickeil Alexander-Walker; Jalen Johnson; Dyson Daniels; Onyeka Okongwu; Zaccharie Risacher; CJ McCollum; Mouhamed Gueye; Vít Krejčí; Luke Kennard; Corey Kispert
2025-12-03,MIA,DAL,108,118,Bam Adebayo; Jaime Jaquez Jr.; Andrew Wiggins; Davion Mitchell; Pelle Larsson; Norman Powell; Kel'el Ware; Simone Fontecchio; Dru Smith; Tyler Herro,Cooper Flagg; Max Christie; Naji Marshall; P.J. Washington; Klay Thompson; Brandon Williams; Daniel Gafford; Ryan Nembhard; Dwight Powell; Caleb Martin
2025-12-03,POR,CLE,122,110,Toumani Camara; Deni Avdija; Donovan Clingan; Jerami Grant; Jrue Holiday; Shaedon Sharpe; Sidy Cissoko; Kris Murray; Caleb Love; Robert Williams,Donovan Mitchell; Evan Mobley; Jaylon Tyson; Jarrett Allen; Sam Merrill; Dean Wade; Craig Porter Jr.; De'Andre Hunter; Nae'Qwan Tomlin; James Harden
2025-12-03,SAC,HOU,95,121,DeMar DeRozan; Maxime Raynaud; Nique Clifford; Russell Westbrook; Precious Achiuwa; Malik Monk; Zach LaVine; Dennis Schröder; Dylan Cardwell; Daeqwon Plowden,Amen Thompson; Kevin Durant; Jabari Smith Jr.; Alperen Sengun; Reed Sheppard; Tari Eason; Josh Okogie; Clint Capela; Aaron Holiday; Steven Adams
2025-12-03,SAS,ORL,114,112,Julian Champagnie; De'Aaron Fox; Devin Vassell; Stephon Castle; Harrison Barnes; Keldon Johnson; Victor Wembanyama; Dylan Harper; Luke Kornet; Carter Bryant,Desmond Bane; Paolo Banchero; Wendell Carter Jr.; Anthony Black; Tristan Da Silva; Jalen Suggs; Franz Wagner; Goga Bitadze; Noah Penda; Tyus Jones
2025-12-04,BOS,WAS,146,101,Derrick White; Payton Pritchard; Jaylen Brown; Sam Hauser; Neemias Queta; Baylor Scheierman; Jordan Walsh; Anfernee Simons; Luka Garza; Hugo González,Bub Carrington; Will Riley; Bilal Coulibaly; Tre Johnson; Kyshawn George; Justin Champagnie; Alex Sarr; CJ McCollum; Jamir Watkins; Anthony Gill
2025-12-04,GSW,PHI,98,99,Brandin Podziemski; Draymond Green; Moses Moody; Gui Santos; Will Richard; Stephen Curry; Pat Spencer; Jimmy Butler; Quinten Post; Gary Payton II,Tyrese Maxey; VJ Edgecombe; Quentin Grimes; Dominick Barlow; Kelly Oubre Jr.; Adem Bona; Andre Drummond; Joel Embiid; Paul George; Justin Edwards
2025-12-04,LAL,TOR,123,120,Luka Dončić; Jake LaRavia; LeBron James; Deandre Ayton; Rui Hachimura; Marcus Smart; Austin Reaves; Jaxson Hayes; Jarred Vanderbilt; Luke Kennard,Scottie Barnes; Brandon Ingram; Immanuel Quickley; Jamal Shead; Sandro Mamukelashvili; RJ Barrett; Ja'Kobe Walter; Collin Murray-Boyles; Jakob Poeltl; Gradey Dick
2025-12-04,MIN,NOP,125,116,Julius Randle; Donte DiVincenzo; Rudy Gobert; Jaden McDaniels; Anthony Edwards; Naz Reid; Bones Hyland; Mike Conley; Jaylen Clark; Ayo Dosunmu,Trey Murphy III; Saddiq Bey; Jeremiah Fears; Derik Queen; Zion Williamson; Herbert Jones; Yves Missi; Jordan Poole; Micah Peavy; Karlo Matković
2025-12-04,UTA,BKN,123,110,Ace Bailey; Kyle Filipowski; Keyonte George; Brice Sensabaugh; Cody Williams; Isaiah Collier; Lauri Markkanen; Svi Mykhailiuk; Jusuf Nurkić; Walter Clayton,Nic Claxton; Noah Clowney; Michael Porter Jr.; Terance Mann; Drake Powell; Egor Dёmin; Ziaire Williams; Nolan Traoré; Danny Wolf; Day'Ron Sharpe
2025-12-05,CHA,TOR,111,86,Kon Knueppel; Miles Bridges; LaMelo Ball; Brandon Miller; Moussa Diabaté; Sion James; Ryan Kalkbrenner; Collin Sexton; Josh Green; Grant Williams,Scottie Barnes; Brandon Ingram; Immanuel Quickley; Jamal Shead; Sandro Mamukelashvili; RJ Barrett; Ja'Kobe Walter; Collin Murray-Boyles; Jakob Poeltl; Gradey Dick
2025-12-05,DAL,OKC,111,132,Cooper Flagg; Max Christie; Naji Marshall; P.J. Washington; Klay Thompson; Brandon Williams; Daniel Gafford; Ryan Nembhard; Dwight Powell; Caleb Martin,Shai Gilgeous-Alexander; Cason Wallace; Chet Holmgren; Luguentz Dort; Isaiah Joe; Ajay Mitchell; Aaron Wiggins; Jaylin Williams; Isaiah Hartenstein; Alex Caruso
2025-12-05,DEN,ATL,134,133,Jamal Murray; Nikola Jokić; Tim Hardaway Jr.; Bruce Brown; Cameron Johnson; Peyton Watson; Spencer Jones; Christian Braun; Aaron Gordon; Jonas Valančiūnas,Nickeil Alexander-Walker; Jalen Johnson; Dyson Daniels; Onyeka Okongwu; Zaccharie Risacher; CJ McCollum; Mouhamed Gueye; Vít Krejčí; Luke Kennard; Corey Kispert
2025-12-05,IND,CHI,120,105,Pascal Siakam; Jarace Walker; Andrew Nembhard; Jay Huff; Ben Sheppard; Aaron Nesmith; T.J. McConnell; Micah Potter; Quenton Jackson; Bennedict Mathurin,Matas Buzelis; Tre Jones; Josh Giddey; Isaac Okoro; Nikola Vučević; Patrick Williams; Ayo Dosunmu; Jalen Smith; Kevin Huerter; Coby White
2025-12-05,LAC,MEM,98,107,Kris Dunn; Kawhi Leonard; John Collins; Brook Lopez; James Harden; Kobe Sanders; Derrick Jones Jr.; Ivica Zubac; Jordan Miller; Nicolas Batum,Jaylen Wells; Cam Spencer; Cedric Coward; Jaren Jackson Jr.; Santi Aldama; GG Jackson II; Kentavious Caldwell-Pope; Jock Landale; Olivier-Maxence Prosper; Javon Small
2025-12-05,LAL,BOS,105,126,Luka Dončić; Jake LaRavia; LeBron James; Deandre Ayton; Rui Hachimura; Marcus Smart; Austin Reaves; Jaxson Hayes; Jarred Vanderbilt; Luke Kennard,Derrick White; Payton Pritchard; Jaylen Brown; Sam Hauser; Neemias Queta; Baylor Scheierman; Jordan Walsh; Anfernee Simons; Luka Garza; Hugo González
2025-12-05,MIA,ORL,105,106,Bam Adebayo; Jaime Jaquez Jr.; Andrew Wiggins; Davion Mitchell; Pelle Larsson; Norman Powell; Kel'el Ware; Simone Fontecchio; Dru Smith; Tyler Herro,Desmond Bane; Paolo Banchero; Wendell Carter Jr.; Anthony Black; Tristan Da Silva; Jalen Suggs; Franz Wagner; Goga Bitadze; Noah Penda; Tyus Jones
2025-12-05,PHI,MIL,116,101,Tyrese Maxey; VJ Edgecombe; Quentin Grimes; Dominick Barlow; Kelly Oubre Jr.; Adem Bona; Andre Drummond; Joel Embiid; Paul George; Justin Edwards,Ryan Rollins; A.J. Green; Myles Turner; Kyle Kuzma; Bobby Portis; Gary Trent Jr.; Jericho Sims; Kevin Porter Jr.; Giannis Antetokounmpo; Ousmane Dieng
2025-12-05,PHX,HOU,98,117,Collin Gillespie; Royce O'Neale; Devin Booker; Oso Ighodaro; Dillon Brooks; Jordan Goodwin; Grayson Allen; Mark Williams; Ryan Dunn; Jalen Green,Amen Thompson; Kevin Durant; Jabari Smith Jr.; Alperen Sengun; Reed Sheppard; Tari Eason; Josh Okogie; Clint Capela; Aaron Holiday; Steven Adams
2025-12-05,POR,DET,116,122,Toumani Camara; Deni Avdija; Donovan Clingan; Jerami Grant; Jrue Holiday; Shaedon Sharpe; Sidy Cissoko; Kris Murray; Caleb Love; Robert Williams,Cade Cunningham; Duncan Robinson; Jalen Duren; Ausar Thompson; Tobias Harris; Ron Holland; Daniss Jenkins; Javonte Green; Isaiah Stewart; Caris LeVert
2025-12-05,SAS,CLE,117,130,Julian Champagnie; De'Aaron Fox; Devin Vassell; Stephon Castle; Harrison Barnes; Keldon Johnson; Victor Wembanyama; Dylan Harper; Luke Kornet; Carter Bryant,Donovan Mitchell; Evan Mobley; Jaylon Tyson; Jarrett Allen; Sam Merrill; Dean Wade; Craig Porter Jr.; De'Andre Hunter; Nae'Qwan Tomlin; James Harden
2025-12-05,UTA,NYK,112,146,Ace Bailey; Kyle Filipowski; Keyonte George; Brice Sensabaugh; Cody Williams; Isaiah Collier; Lauri Markkanen; Svi Mykhailiuk; Jusuf Nurkić; Walter Clayton,Mikal Bridges; Jalen Brunson; Karl-Anthony Towns; OG Anunoby; Josh Hart; Jordan Clarkson; Mitchell Robinson; Landry Shamet; Miles McBride; Tyler Kolek
2025-12-06,ATL,WAS,131,116,Nickeil Alexander-Walker; Jalen Johnson; Dyson Daniels; Onyeka Okongwu; Zaccharie Risacher; CJ McCollum; Mouhamed Gueye; Vít Krejčí; Luke Kennard; Corey Kispert,Bub Carrington; Will Riley; Bilal Coulibaly; Tre Johnson; Kyshawn George; Justin Champagnie; Alex Sarr; CJ McCollum; Jamir Watkins; Anthony Gill
2025-12-06,GSW,CLE,99,94,Brandin Podziemski; Draymond Green; Moses Moody; Gui Santos; Will Richard; Stephen Curry; Pat Spencer; Jimmy Butler; Quinten Post; Gary Payton II,Donovan Mitchell; Evan Mobley; Jaylon Tyson; Jarrett Allen; Sam Merrill; Dean Wade; Craig Porter Jr.; De'Andre Hunter; Nae'Qwan Tomlin; James Harden
2025-12-06,HOU,DAL,109,122,Amen Thompson; Kevin Durant; Jabari Smith Jr.; Alperen Sengun; Reed Sheppard; Tari Eason; Josh Okogie; Clint Capela; Aaron Holiday; Steven Adams,Cooper Flagg; Max Christie; Naji Marshall; P.J. Washington; Klay Thompson; Brandon Williams; Daniel Gafford; Ryan Nembhard; Dwight Powell; Caleb Martin
2025-12-06,LAC,MIN,106,109,Kris Dunn; Kawhi Leonard; John Collins; Brook Lopez; James Harden; Kobe Sanders; Derrick Jones Jr.; Ivica Zubac; Jordan Miller; Nicolas Batum,Julius Randle; Donte DiVincenzo; Rudy Gobert; Jaden McDaniels; Anthony Edwards; Naz Reid; Bones Hyland; Mike Conley; Jaylen Clark; Ayo Dosunmu
2025-12-06,MIL,DET,112,124,Ryan Rollins; A.J. Green; Myles Turner; Kyle Kuzma; Bobby Portis; Gary Trent Jr.; Jericho Sims; Kevin Porter Jr.; Giannis Antetokounmpo; Ousmane Dieng,Cade Cunningham; Duncan Robinson; Jalen Duren; Ausar Thompson; Tobias Harris; Ron Holland; Daniss Jenkins; Javonte Green; Isaiah Stewart; Caris LeVert
2025-12-06,NOP,BKN,101,119,Trey Murphy III; Saddiq Bey; Jeremiah Fears; Derik Queen; Zion Williamson; Herbert Jones; Yves Missi; Jordan Poole; Micah Peavy; Karlo Matković,Nic Claxton; Noah Clowney; Michael Porter Jr.; Terance Mann; Drake Powell; Egor Dёmin; Ziaire Williams; Nolan Traoré; Danny Wolf; Day'Ron Sharpe
2025-12-06,SAC,MIA,127,111,DeMar DeRozan; Maxime Raynaud; Nique Clifford; Russell Westbrook; Precious Achiuwa; Malik Monk; Zach LaVine; Dennis Schröder; Dylan Cardwell; Daeqwon Plowden,Bam Adebayo; Jaime Jaquez Jr.; Andrew Wiggins; Davion Mitchell; Pelle Larsson; Norman Powell; Kel'el Ware; Simone Fontecchio; Dru Smith; Tyler Herro
2025-12-07,BOS,TOR,121,113,Derrick White; Payton Pritchard; Jaylen Brown; Sam Hauser; Neemias Queta; Baylor Scheierman; Jordan Walsh; Anfernee Simons; Luka Garza; Hugo González,Scottie Barnes; Brandon Ingram; Immanuel Quickley; Jamal Shead; Sandro Mamukelashvili; RJ Barrett; Ja'Kobe Walter; Collin Murray-Boyles; Jakob Poeltl; Gradey Dick
2025-12-07,DEN,CHA,115,106,Jamal Murray; Nikola Jokić; Tim Hardaway Jr.; Bruce Brown; Cameron Johnson; Peyton Watson; Spencer Jones; Christian Braun; Aaron Gordon; Jonas Valančiūnas,Kon Knueppel; Miles Bridges; LaMelo Ball; Brandon Miller; Moussa Diabaté; Sion James; Ryan Kalkbrenner; Collin Sexton; Josh Green; Grant Williams
2025-12-07,GSW,CHI,123,91,Brandin Podziemski; Draymond Green; Moses Moody; Gui Santos; Will Richard; Stephen Curry; Pat Spencer; Jimmy Butler; Quinten Post; Gary Payton II,Matas Buzelis; Tre Jones; Josh Giddey; Isaac Okoro; Nikola Vučević; Patrick Williams; Ayo Dosunmu; Jalen Smith; Kevin Huerter; Coby White
2025-12-07,LAL,PHI,112,108,Luka Dončić; Jake LaRavia; LeBron James; Deandre Ayton; Rui Hachimura; Marcus Smart; Austin Reaves; Jaxson Hayes; Jarred Vanderbilt; Luke Kennard,Tyrese Maxey; VJ Edgecombe; Quentin Grimes; Dominick Barlow; Kelly Oubre Jr.; Adem Bona; Andre Drummond; Joel Embiid; Paul George; Justin Edwards
2025-12-07,OKC,UTA,131,101,Shai Gilgeous-Alexander; Cason Wallace; Chet Holmgren; Luguentz Dort; Isaiah Joe; Ajay Mitchell; Aaron Wiggins; Jaylin Williams; Isaiah Hartenstein; Alex Caruso,Ace Bailey; Kyle Filipowski; Keyonte George; Brice Sensabaugh; Cody Williams; Isaiah Collier; Lauri Markkanen; Svi Mykhailiuk; Jusuf Nurkić; Walter Clayton
2025-12-07,ORL,NYK,100,106,Desmond Bane; Paolo Banchero; Wendell Carter Jr.; Anthony Black; Tristan Da Silva; Jalen Suggs; Franz Wagner; Goga Bitadze; Noah Penda; Tyus Jones,Mikal Bridges; Jalen Brunson; Karl-Anthony Towns; OG Anunoby; Josh Hart; Jordan Clarkson; Mitchell Robinson; Landry Shamet; Miles McBride; Tyler Kolek
2025-12-07,POR,MEM,96,119,Toumani Camara; Deni Avdija; Donovan Clingan; Jerami Grant; Jrue Holiday; Shaedon Sharpe; Sidy Cissoko; Kris Murray; Caleb Love; Robert Williams,Jaylen Wells; Cam Spencer; Cedric Coward; Jaren Jackson Jr.; Santi Aldama; GG Jackson II; Kentavious Caldwell-Pope; Jock Landale; Olivier-Maxence Prosper; Javon Small
2025-12-08,PHX,MIN,108,105,Collin Gillespie; Royce O'Neale; Devin Booker; Oso Ighodaro; Dillon Brooks; Jordan Goodwin; Grayson Allen; Mark Williams; Ryan Dunn; Jalen Green,Julius Randle; Donte DiVincenzo; Rudy Gobert; Jaden McDaniels; Anthony Edwards; Naz Reid; Bones Hyland; Mike Conley; Jaylen Clark; Ayo Dosunmu
2025-12-08,SAC,IND,105,116,DeMar DeRozan; Maxime Raynaud; Nique Clifford; Russell Westbrook; Precious Achiuwa; Malik Monk; Zach LaVine; Dennis Schröder; Dylan Cardwell; Daeqwon Plowden,Pascal Siakam; Jarace Walker; Andrew Nembhard; Jay Huff; Ben Sheppard; Aaron Nesmith; T.J. McConnell; Micah Potter; Quenton Jackson; Bennedict Mathurin
2025-12-08,SAS,NOP,135,132,Julian Champagnie; De'Aaron Fox; Devin Vassell; Stephon Castle; Harrison Barnes; Keldon Johnson; Victor Wembanyama; Dylan Harper; Luke Kornet; Carter Bryant,Trey Murphy III; Saddiq Bey; Jeremiah Fears; Derik Queen; Zion Williamson; Herbert Jones; Yves Missi; Jordan Poole; Micah Peavy; Karlo Matković
2025-12-09,MIA,ORL,108,117,Bam Adebayo; Jaime Jaquez Jr.; Andrew Wiggins; Davion Mitchell; Pelle Larsson; Norman Powell; Kel'el Ware; Simone Fontecchio; Dru Smith; Tyler Herro,Desmond Bane; Paolo Banchero; Wendell Carter Jr.; Anthony Black; Tristan Da Silva; Jalen Suggs; Franz Wagner; Goga Bitadze; Noah Penda; Tyus Jones
2025-12-09,NYK,TOR,117,101,Mikal Bridges; Jalen Brunson; Karl-Anthony Towns; OG Anunoby; Josh Hart; Jordan Clarkson; Mitchell Robinson; Landry Shamet; Miles McBride; Tyler Kolek,Scottie Barnes; Brandon Ingram; Immanuel Quickley; Jamal Shead; Sandro Mamukelashvili; RJ Barrett; Ja'Kobe Walter; Collin Murray-Boyles; Jakob Poeltl; Gradey Dick
2025-12-10,PHX,OKC,89,138,Collin Gillespie; Royce O'Neale; Devin Booker; Oso Ighodaro; Dillon Brooks; Jordan Goodwin; Grayson Allen; Mark Williams; Ryan Dunn; Jalen Green,Shai Gilgeous-Alexander; Cason Wallace; Chet Holmgren; Luguentz Dort; Isaiah Joe; Ajay Mitchell; Aaron Wiggins; Jaylin Williams; Isaiah Hartenstein; Alex Caruso
2025-12-10,SAS,LAL,132,119,Julian Champagnie; De'Aaron Fox; Devin Vassell; Stephon Castle; Harrison Barnes; Keldon Johnson; Victor Wembanyama; Dylan Harper; Luke Kornet; Carter Bryant,Luka Dončić; Jake LaRavia; LeBron James; Deandre Ayton; Rui Hachimura; Marcus Smart; Austin Reaves; Jaxson Hayes; Jarred Vanderbilt; Luke Kennard
2025-12-11,BOS,MIL,101,116,Derrick White; Payton Pritchard; Jaylen Brown; Sam Hauser; Neemias Queta; Baylor Scheierman; Jordan Walsh; Anfernee Simons; Luka Garza; Hugo González,Ryan Rollins; A.J. Green; Myles Turner; Kyle Kuzma; Bobby Portis; Gary Trent Jr.; Jericho Sims; Kevin Porter Jr.; Giannis Antetokounmpo; Ousmane Dieng
2025-12-11,DEN,SAC,136,105,Jamal Murray; Nikola Jokić; Tim Hardaway Jr.; Bruce Brown; Cameron Johnson; Peyton Watson; Spencer Jones; Christian Braun; Aaron Gordon; Jonas Valančiūnas,DeMar DeRozan; Maxime Raynaud; Nique Clifford; Russell Westbrook; Precious Achiuwa; Malik Monk; Zach LaVine; Dennis Schröder; Dylan Cardwell; Daeqwon Plowden
2025-12-11,LAC,HOU,113,115,Kris Dunn; Kawhi Leonard; John Collins; Brook Lopez; James Harden; Kobe Sanders; Derrick Jones Jr.; Ivica Zubac; Jordan Miller; Nicolas Batum,Amen Thompson; Kevin Durant; Jabari Smith Jr.; Alperen Sengun; Reed Sheppard; Tari Eason; Josh Okogie; Clint Capela; Aaron Holiday; Steven Adams
2025-12-11,POR,NOP,120,143,Toumani Camara; Deni Avdija; Donovan Clingan; Jerami Grant; Jrue Holiday; Shaedon Sharpe; Sidy Cissoko; Kris Murray; Caleb Love; Robert Williams,Trey Murphy III; Saddiq Bey; Jeremiah Fears; Derik Queen; Zion Williamson; Herbert Jones; Yves Missi; Jordan Poole; Micah Peavy; Karlo Matković
2025-12-12,ATL,DET,115,142,Nickeil Alexander-Walker; Jalen Johnson; Dyson Daniels; Onyeka Okongwu; Zaccharie Risacher; CJ McCollum; Mouhamed Gueye; Vít Krejčí; Luke Kennard; Corey Kispert,Cade Cunningham; Duncan Robinson; Jalen Duren; Ausar Thompson; Tobias Harris; Ron Holland; Daniss Jenkins; Javonte Green; Isaiah Stewart; Caris LeVert
2025-12-12,BKN,DAL,111,119,Nic Claxton; Noah Clowney; Michael Porter Jr.; Terance Mann; Drake Powell; Egor Dёmin; Ziaire Williams; Nolan Traoré; Danny Wolf; Day'Ron Sharpe,Cooper Flagg; Max Christie; Naji Marshall; P.J. Washington; Klay Thompson; Brandon Williams; Daniel Gafford; Ryan Nembhard; Dwight Powell; Caleb Martin
2025-12-12,CHI,CHA,129,126,Matas Buzelis; Tre Jones; Josh Giddey; Isaac Okoro; Nikola Vučević; Patrick Williams; Ayo Dosunmu; Jalen Smith; Kevin Huerter; Coby White,Kon Knueppel; Miles Bridges; LaMelo Ball; Brandon Miller; Moussa Diabaté; Sion James; Ryan Kalkbrenner; Collin Sexton; Josh Green; Grant Williams
2025-12-12,CLE,WAS,130,126,Donovan Mitchell; Evan Mobley; Jaylon Tyson; Jarrett Allen; Sam Merrill; Dean Wade; Craig Porter Jr.; De'Andre Hunter; Nae'Qwan Tomlin; James Harden,Bub Carrington; Will Riley; Bilal Coulibaly; Tre Johnson; Kyshawn George; Justin Champagnie; Alex Sarr; CJ McCollum; Jamir Watkins; Anthony Gill
2025-12-12,IND,PHI,105,115,Pascal Siakam; Jarace Walker; Andrew Nembhard; Jay Huff; Ben Sheppard; Aaron Nesmith; T.J. McConnell; Micah Potter; Quenton Jackson; Bennedict Mathurin,Tyrese Maxey; VJ Edgecombe; Quentin Grimes; Dominick Barlow; Kelly Oubre Jr.; Adem Bona; Andre Drummond; Joel Embiid; Paul George; Justin Edwards
2025-12-12,MIN,GSW,127,120,Julius Randle; Donte DiVincenzo; Rudy Gobert; Jaden McDaniels; Anthony Edwards; Naz Reid; Bones Hyland; Mike Conley; Jaylen Clark; Ayo Dosunmu,Brandin Podziemski; Draymond Green; Moses Moody; Gui Santos; Will Richard; Stephen Curry; Pat Spencer; Jimmy Butler; Quinten Post; Gary Payton II
2025-12-12,UTA,MEM,130,126,Ace Bailey; Kyle Filipowski; Keyonte George; Brice Sensabaugh; Cody Williams; Isaiah Collier; Lauri Markkanen; Svi Mykhailiuk; Jusuf Nurkić; Walter Clayton,Jaylen Wells; Cam Spencer; Cedric Coward; Jaren Jackson Jr.; Santi Aldama; GG Jackson II; Kentavious Caldwell-Pope; Jock Landale; Olivier-Maxence Prosper; Javon Small
2025-12-13,NYK,ORL,132,120,Mikal Bridges; Jalen Brunson; Karl-Anthony Towns; OG Anunoby; Josh Hart; Jordan Clarkson; Mitchell Robinson; Landry Shamet; Miles McBride; Tyler Kolek,Desmond Bane; Paolo Banchero; Wendell Carter Jr.; Anthony Black; Tristan Da Silva; Jalen Suggs; Franz Wagner; Goga Bitadze; Noah Penda; Tyus Jones
2025-12-13,SAS,OKC,111,109,Julian Champagnie; De'Aaron Fox; Devin Vassell; Stephon Castle; Harrison Barnes; Keldon Johnson; Victor Wembanyama; Dylan Harper; Luke Kornet; Carter Bryant,Shai Gilgeous-Alexander; Cason Wallace; Chet Holmgren; Luguentz Dort; Isaiah Joe; Ajay Mitchell; Aaron Wiggins; Jaylin Williams; Isaiah Hartenstein; Alex Caruso
2025-12-14,CHA,CLE,119,111,Kon Knueppel; Miles Bridges; LaMelo Ball; Brandon Miller; Moussa Diabaté; Sion James; Ryan Kalkbrenner; Collin Sexton; Josh Green; Grant Williams,Donovan Mitchell; Evan Mobley; Jaylon Tyson; Jarrett Allen; Sam Merrill; Dean Wade; Craig Porter Jr.; De'Andre Hunter; Nae'Qwan Tomlin; James Harden
2025-12-14,GSW,POR,131,136,Brandin Podziemski; Draymond Green; Moses Moody; Gui Santos; Will Richard; Stephen Curry; Pat Spencer; Jimmy Butler; Quinten Post; Gary Payton II,Toumani Camara; Deni Avdija; Donovan Clingan; Jerami Grant; Jrue Holiday; Shaedon Sharpe; Sidy Cissoko; Kris Murray; Caleb Love; Robert Williams
2025-12-14,LAL,PHX,116,114,Luka Dončić; Jake LaRavia; LeBron James; Deandre Ayton; Rui Hachimura; Marcus Smart; Austin Reaves; Jaxson Hayes; Jarred Vanderbilt; Luke Kennard,Collin Gillespie; Royce O'Neale; Devin Booker; Oso Ighodaro; Dillon Brooks; Jordan Goodwin; Grayson Allen; Mark Williams; Ryan Dunn; Jalen Green
2025-12-14,MIL,BKN,82,127,Ryan Rollins; A.J. Green; Myles Turner; Kyle Kuzma; Bobby Portis; Gary Trent Jr.; Jericho Sims; Kevin Porter Jr.; Giannis Antetokounmpo; Ousmane Dieng,Nic Claxton; Noah Clowney; Michael Porter Jr.; Terance Mann; Drake Powell; Egor Dёmin; Ziaire Williams; Nolan Traoré; Danny Wolf; Day'Ron Sharpe
2025-12-14,NOP,CHI,114,104,Trey Murphy III; Saddiq Bey; Jeremiah Fears; Derik Queen; Zion Williamson; Herbert Jones; Yves Missi; Jordan Poole; Micah Peavy; Karlo Matković,Matas Buzelis; Tre Jones; Josh Giddey; Isaac Okoro; Nikola Vučević; Patrick Williams; Ayo Dosunmu; Jalen Smith; Kevin Huerter; Coby White
2025-12-14,PHI,ATL,117,120,Tyrese Maxey; VJ Edgecombe; Quentin Grimes; Dominick Barlow; Kelly Oubre Jr.; Adem Bona; Andre Drummond; Joel Embiid; Paul George; Justin Edwards,Nickeil Alexander-Walker; Jalen Johnson; Dyson Daniels; Onyeka Okongwu; Zaccharie Risacher; CJ McCollum; Mouhamed Gueye; Vít Krejčí; Luke Kennard; Corey Kispert
2025-12-14,SAC,MIN,103,117,DeMar DeRozan; Maxime Raynaud; Nique Clifford; Russell Westbrook; Precious Achiuwa; Malik Monk; Zach LaVine; Dennis Schröder; Dylan Cardwell; Daeqwon Plowden,Julius Randle; Donte DiVincenzo; Rudy Gobert; Jaden McDaniels; Anthony Edwards; Naz Reid; Bones Hyland; Mike Conley; Jaylen Clark; Ayo Dosunmu
2025-12-14,WAS,IND,108,89,Bub Carrington; Will Riley; Bilal Coulibaly; Tre Johnson; Kyshawn George; Justin Champagnie; Alex Sarr; CJ McCollum; Jamir Watkins; Anthony Gill,Pascal Siakam; Jarace Walker; Andrew Nembhard; Jay Huff; Ben Sheppard; Aaron Nesmith; T.J. McConnell; Micah Potter; Quenton Jackson; Bennedict Mathurin
2025-12-15,DAL,UTA,133,140,Cooper Flagg; Max Christie; Naji Marshall; P.J. Washington; Klay Thompson; Brandon Williams; Daniel Gafford; Ryan Nembhard; Dwight Powell; Caleb Martin,Ace Bailey; Kyle Filipowski; Keyonte George; Brice Sensabaugh; Cody Williams; Isaiah Collier; Lauri Markkanen; Svi Mykhailiuk; Jusuf Nurkić; Walter Clayton
2025-12-15,DET,BOS,112,105,Cade Cunningham; Duncan Robinson; Jalen Duren; Ausar Thompson; Tobias Harris; Ron Holland; Daniss Jenkins; Javonte Green; Isaiah Stewart; Caris LeVert,Derrick White; Payton Pritchard; Jaylen Brown; Sam Hauser; Neemias Queta; Baylor Scheierman; Jordan Walsh; Anfernee Simons; Luka Garza; Hugo González
2025-12-15,HOU,DEN,125,128,Amen Thompson; Kevin Durant; Jabari Smith Jr.; Alperen Sengun; Reed Sheppard; Tari Eason; Josh Okogie; Clint Capela; Aaron Holiday; Steven Adams,Jamal Murray; Nikola Jokić; Tim Hardaway Jr.; Bruce Brown; Cameron Johnson; Peyton Watson; Spencer Jones; Christian Braun; Aaron Gordon; Jonas Valančiūnas
2025-12-15,MEM,LAC,121,103,Jaylen Wells; Cam Spencer; Cedric Coward; Jaren Jackson Jr.; Santi Aldama; GG Jackson II; Kentavious Caldwell-Pope; Jock Landale; Olivier-Maxence Prosper; Javon Small,Kris Dunn; Kawhi Leonard; John Collins; Brook Lopez; James Harden; Kobe Sanders; Derrick Jones Jr.; Ivica Zubac; Jordan Miller; Nicolas Batum
2025-12-15,TOR,MIA,106,96,Scottie Barnes; Brandon Ingram; Immanuel Quickley; Jamal Shead; Sandro Mamukelashvili; RJ Barrett; Ja'Kobe Walter; Collin Murray-Boyles; Jakob Poeltl; Gradey Dick,Bam Adebayo; Jaime Jaquez Jr.; Andrew Wiggins; Davion Mitchell; Pelle Larsson; Norman Powell; Kel'el Ware; Simone Fontecchio; Dru Smith; Tyler Herro
2025-12-16,SAS,NYK,113,124,Julian Champagnie; De'Aaron Fox; Devin Vassell; Stephon Castle; Harrison Barnes; Keldon Johnson; Victor Wembanyama; Dylan Harper; Luke Kornet; Carter Bryant,Mikal Bridges; Jalen Brunson; Karl-Anthony Towns; OG Anunoby; Josh Hart; Jordan Clarkson; Mitchell Robinson; Landry Shamet; Miles McBride; Tyler Kolek
2025-12-17,CLE,CHI,111,127,Donovan Mitchell; Evan Mobley; Jaylon Tyson; Jarrett Allen; Sam Merrill; Dean Wade; Craig Porter Jr.; De'Andre Hunter; Nae'Qwan Tomlin; James Harden,Matas Buzelis; Tre Jones; Josh Giddey; Isaac Okoro; Nikola Vučević; Patrick Williams; Ayo Dosunmu; Jalen Smith; Kevin Huerter; Coby White
2025-12-17,MEM,MIN,116,110,Jaylen Wells; Cam Spencer; Cedric Coward; Jaren Jackson Jr.; Santi Aldama; GG Jackson II; Kentavious Caldwell-Pope; Jock Landale; Olivier-Maxence Prosper; Javon Small,Julius Randle; Donte DiVincenzo; Rudy Gobert; Jaden McDaniels; Anthony Edwards; Naz Reid; Bones Hyland; Mike Conley; Jaylen Clark; Ayo Dosunmu
2025-12-18,ATL,CHA,126,133,Nickeil Alexander-Walker; Jalen Johnson; Dyson Daniels; Onyeka Okongwu; Zaccharie Risacher; CJ McCollum; Mouhamed Gueye; Vít Krejčí; Luke Kennard; Corey Kispert,Kon Knueppel; Miles Bridges; LaMelo Ball; Brandon Miller; Moussa Diabaté; Sion James; Ryan Kalkbrenner; Collin Sexton; Josh Green; Grant Williams
2025-12-18,DET,DAL,114,116,Cade Cunningham; Duncan Robinson; Jalen Duren; Ausar Thompson; Tobias Harris; Ron Holland; Daniss Jenkins; Javonte Green; Isaiah Stewart; Caris LeVert,Cooper Flagg; Max Christie; Naji Marshall; P.J. Washington; Klay Thompson; Brandon Williams; Daniel Gafford; Ryan Nembhard; Dwight Powell; Caleb Martin
2025-12-18,GSW,PHX,98,99,Brandin Podziemski; Draymond Green; Moses Moody; Gui Santos; Will Richard; Stephen Curry; Pat Spencer; Jimmy Butler; Quinten Post; Gary Payton II,Collin Gillespie; Royce O'Neale; Devin Booker; Oso Ighodaro; Dillon Brooks; Jordan Goodwin; Grayson Allen; Mark Williams; Ryan Dunn; Jalen Green
2025-12-18,HOU,NOP,128,133,Amen Thompson; Kevin Durant; Jabari Smith Jr.; Alperen Sengun; Reed Sheppard; Tari Eason; Josh Okogie; Clint Capela; Aaron Holiday; Steven Adams,Trey Murphy III; Saddiq Bey; Jeremiah Fears; Derik Queen; Zion Williamson; Herbert Jones; Yves Missi; Jordan Poole; Micah Peavy; Karlo Matković
2025-12-18,LAC,OKC,101,122,Kris Dunn; Kawhi Leonard; John Collins; Brook Lopez; James Harden; Kobe Sanders; Derrick Jones Jr.; Ivica Zubac; Jordan Miller; Nicolas Batum,Shai Gilgeous-Alexander; Cason Wallace; Chet Holmgren; Luguentz Dort; Isaiah Joe; Ajay Mitchell; Aaron Wiggins; Jaylin Williams; Isaiah Hartenstein; Alex Caruso
2025-12-18,LAL,UTA,143,135,Luka Dončić; Jake LaRavia; LeBron James; Deandre Ayton; Rui Hachimura; Marcus Smart; Austin Reaves; Jaxson Hayes; Jarred Vanderbilt; Luke Kennard,Ace Bailey; Kyle Filipowski; Keyonte George; Brice Sensabaugh; Cody Williams; Isaiah Collier; Lauri Markkanen; Svi Mykhailiuk; Jusuf Nurkić; Walter Clayton
2025-12-18,MIA,BKN,106,95,Bam Adebayo; Jaime Jaquez Jr.; Andrew Wiggins; Davion Mitchell; Pelle Larsson; Norman Powell; Kel'el Ware; Simone Fontecchio; Dru Smith; Tyler Herro,Nic Claxton; Noah Clowney; Michael Porter Jr.; Terance Mann; Drake Powell; Egor Dёmin; Ziaire Williams; Nolan Traoré; Danny Wolf; Day'Ron Sharpe
2025-12-18,NYK,IND,114,113,Mikal Bridges; Jalen Brunson; Karl-Anthony Towns; OG Anunoby; Josh Hart; Jordan Clarkson; Mitchell Robinson; Landry Shamet; Miles McBride; Tyler Kolek,Pascal Siakam; Jarace Walker; Andrew Nembhard; Jay Huff; Ben Sheppard; Aaron Nesmith; T.J. McConnell; Micah Potter; Quenton Jackson; Bennedict Mathurin
2025-12-18,ORL,DEN,115,126,Desmond Bane; Paolo Banchero; Wendell Carter Jr.; Anthony Black; Tristan Da Silva; Jalen Suggs; Franz Wagner; Goga Bitadze; Noah Penda; Tyus Jones,Jamal Murray; Nikola Jokić; Tim Hardaway Jr.; Bruce Brown; Cameron Johnson; Peyton Watson; Spencer Jones; Christian Braun; Aaron Gordon; Jonas Valančiūnas
2025-12-18,SAC,POR,133,134,DeMar DeRozan; Maxime Raynaud; Nique Clifford; Russell Westbrook; Precious Achiuwa; Malik Monk; Zach LaVine; Dennis Schröder; Dylan Cardwell; Daeqwon Plowden,Toumani Camara; Deni Avdija; Donovan Clingan; Jerami Grant; Jrue Holiday; Shaedon Sharpe; Sidy Cissoko; Kris Murray; Caleb Love; Robert Williams
2025-12-18,TOR,MIL,111,105,Scottie Barnes; Brandon Ingram; Immanuel Quickley; Jamal Shead; Sandro Mamukelashvili; RJ Barrett; Ja'Kobe Walter; Collin Murray-Boyles; Jakob Poeltl; Gradey Dick,Ryan Rollins; A.J. Green; Myles Turner; Kyle Kuzma; Bobby Portis; Gary Trent Jr.; Jericho Sims; Kevin Porter Jr.; Giannis Antetokounmpo; Ousmane Dieng
2025-12-18,WAS,SAS,94,119,Bub Carrington; Will Riley; Bilal Coulibaly; Tre Johnson; Kyshawn George; Justin Champagnie; Alex Sarr; CJ McCollum; Jamir Watkins; Anthony Gill,Julian Champagnie; De'Aaron Fox; Devin Vassell; Stephon Castle; Harrison Barnes; Keldon Johnson; Victor Wembanyama; Dylan Harper; Luke Kornet; Carter Bryant
2025-12-19,CHI,CLE,136,125,Matas Buzelis; Tre Jones; Josh Giddey; Isaac Okoro; Nikola Vučević; Patrick Williams; Ayo Dosunmu; Jalen Smith; Kevin Huerter; Coby White,Donovan Mitchell; Evan Mobley; Jaylon Tyson; Jarrett Allen; Sam Merrill; Dean Wade; Craig Porter Jr.; De'Andre Hunter; Nae'Qwan Tomlin; James Harden
2025-12-19,MIA,BOS,116,129,Bam Adebayo; Jaime Jaquez Jr.; Andrew Wiggins; Davion Mitchell; Pelle Larsson; Norman Powell; Kel'el Ware; Simone Fontecchio; Dru Smith; Tyler Herro,Derrick White; Payton Pritchard; Jaylen Brown; Sam Hauser; Neemias Queta; Baylor Scheierman; Jordan Walsh; Anfernee Simons; Luka Garza; Hugo González
2025-12-19,OKC,MIN,107,112,Shai Gilgeous-Alexander; Cason Wallace; Chet Holmgren; Luguentz Dort; Isaiah Joe; Ajay Mitchell; Aaron Wiggins; Jaylin Williams; Isaiah Hartenstein; Alex Caruso,Julius Randle; Donte DiVincenzo; Rudy Gobert; Jaden McDaniels; Anthony Edwards; Naz Reid; Bones Hyland; Mike Conley; Jaylen Clark; Ayo Dosunmu
2025-12-19,PHI,NYK,116,107,Tyrese Maxey; VJ Edgecombe; Quentin Grimes; Dominick Barlow; Kelly Oubre Jr.; Adem Bona; Andre Drummond; Joel Embiid; Paul George; Justin Edwards,Mikal Bridges; Jalen Brunson; Karl-Anthony Towns; OG Anunoby; Josh Hart; Jordan Clarkson; Mitchell Robinson; Landry Shamet; Miles McBride; Tyler Kolek
2025-12-19,SAS,ATL,126,98,Julian Champagnie; De'Aaron Fox; Devin Vassell; Stephon Castle; Harrison Barnes; Keldon Johnson; Victor Wembanyama; Dylan Harper; Luke Kornet; Carter Bryant,Nickeil Alexander-Walker; Jalen Johnson; Dyson Daniels; Onyeka Okongwu; Zaccharie Risacher; CJ McCollum; Mouhamed Gueye; Vít Krejčí; Luke Kennard; Corey Kispert
2025-12-20,BOS,TOR,112,96,Derrick White; Payton Pritchard; Jaylen Brown; Sam Hauser; Neemias Queta; Baylor Scheierman; Jordan Walsh; Anfernee Simons; Luka Garza; Hugo González,Scottie Barnes; Brandon Ingram; Immanuel Quickley; Jamal Shead; Sandro Mamukelashvili; RJ Barrett; Ja'Kobe Walter; Collin Murray-Boyles; Jakob Poeltl; Gradey Dick
2025-12-20,CHA,DET,86,112,Kon Knueppel; Miles Bridges; LaMelo Ball; Brandon Miller; Moussa Diabaté; Sion James; Ryan Kalkbrenner; Collin Sexton; Josh Green; Grant Williams,Cade Cunningham; Duncan Robinson; Jalen Duren; Ausar Thompson; Tobias Harris; Ron Holland; Daniss Jenkins; Javonte Green; Isaiah Stewart; Caris LeVert
2025-12-20,DAL,PHI,114,121,Cooper Flagg; Max Christie; Naji Marshall; P.J. Washington; Klay Thompson; Brandon Williams; Daniel Gafford; Ryan Nembhard; Dwight Powell; Caleb Martin,Tyrese Maxey; VJ Edgecombe; Quentin Grimes; Dominick Barlow; Kelly Oubre Jr.; Adem Bona; Andre Drummond; Joel Embiid; Paul George; Justin Edwards
2025-12-20,HOU,DEN,115,101,Amen Thompson; Kevin Durant; Jabari Smith Jr.; Alperen Sengun; Reed Sheppard; Tari Eason; Josh Okogie; Clint Capela; Aaron Holiday; Steven Adams,Jamal Murray; Nikola Jokić; Tim Hardaway Jr.; Bruce Brown; Cameron Johnson; Peyton Watson; Spencer Jones; Christian Braun; Aaron Gordon; Jonas Valančiūnas
2025-12-20,IND,NOP,109,128,Pascal Siakam; Jarace Walker; Andrew Nembhard; Jay Huff; Ben Sheppard; Aaron Nesmith; T.J. McConnell; Micah Potter; Quenton Jackson; Bennedict Mathurin,Trey Murphy III; Saddiq Bey; Jeremiah Fears; Derik Queen; Zion Williamson; Herbert Jones; Yves Missi; Jordan Poole; Micah Peavy; Karlo Matković
2025-12-20,LAL,LAC,88,103,Luka Dončić; Jake LaRavia; LeBron James; Deandre Ayton; Rui Hachimura; Marcus Smart; Austin Reaves; Jaxson Hayes; Jarred Vanderbilt; Luke Kennard,Kris Dunn; Kawhi Leonard; John Collins; Brook Lopez; James Harden; Kobe Sanders; Derrick Jones Jr.; Ivica Zubac; Jordan Miller; Nicolas Batum
2025-12-20,ORL,UTA,128,127,Desmond Bane; Paolo Banchero; Wendell Carter Jr.; Anthony Black; Tristan Da Silva; Jalen Suggs; Franz Wagner; Goga Bitadze; Noah Penda; Tyus Jones,Ace Bailey; Kyle Filipowski; Keyonte George; Brice Sensabaugh; Cody Williams; Isaiah Collier; Lauri Markkanen; Svi Mykhailiuk; Jusuf Nurkić; Walter Clayton
2025-12-20,PHX,GSW,116,119,Collin Gillespie; Royce O'Neale; Devin Booker; Oso Ighodaro; Dillon Brooks; Jordan Goodwin; Grayson Allen; Mark Williams; Ryan Dunn; Jalen Green,Brandin Podziemski; Draymond Green; Moses Moody; Gui Santos; Will Richard; Stephen Curry; Pat Spencer; Jimmy Butler; Quinten Post; Gary Payton II
2025-12-20,POR,SAC,98,93,Toumani Camara; Deni Avdija; Donovan Clingan; Jerami Grant; Jrue Holiday; Shaedon Sharpe; Sidy Cissoko; Kris Murray; Caleb Love; Robert Williams,DeMar DeRozan; Maxime Raynaud; Nique Clifford; Russell Westbrook; Precious Achiuwa; Malik Monk; Zach LaVine; Dennis Schröder; Dylan Cardwell; Daeqwon Plowden
2025-12-20,WAS,MEM,130,122,Bub Carrington; Will Riley; Bilal Coulibaly; Tre Johnson; Kyshawn George; Justin Champagnie; Alex Sarr; CJ McCollum; Jamir Watkins; Anthony Gill,Jaylen Wells; Cam Spencer; Cedric Coward; Jaren Jackson Jr.; Santi Aldama; GG Jackson II; Kentavious Caldwell-Pope; Jock Landale; Olivier-Maxence Prosper; Javon Small
2025-12-21,CHI,ATL,152,150,Matas Buzelis; Tre Jones; Josh Giddey; Isaac Okoro; Nikola Vučević; Patrick Williams; Ayo Dosunmu; Jalen Smith; Kevin Huerter; Coby White,Nickeil Alexander-Walker; Jalen Johnson; Dyson Daniels; Onyeka Okongwu; Zaccharie Risacher; CJ McCollum; Mouhamed Gueye; Vít Krejčí; Luke Kennard; Corey Kispert
2025-12-21,HOU,SAC,124,125,Amen Thompson; Kevin Durant; Jabari Smith Jr.; Alperen Sengun; Reed Sheppard; Tari Eason; Josh Okogie; Clint Capela; Aaron Holiday; Steven Adams,DeMar DeRozan; Maxime Raynaud; Nique Clifford; Russell Westbrook; Precious Achiuwa; Malik Monk; Zach LaVine; Dennis Schröder; Dylan Cardwell; Daeqwon Plowden
2025-12-21,MIA,NYK,125,132,Bam Adebayo; Jaime Jaquez Jr.; Andrew Wiggins; Davion Mitchell; Pelle Larsson; Norman Powell; Kel'el Ware; Simone Fontecchio; Dru Smith; Tyler Herro,Mikal Bridges; Jalen Brunson; Karl-Anthony Towns; OG Anunoby; Josh Hart; Jordan Clarkson; Mitchell Robinson; Landry Shamet; Miles McBride; Tyler Kolek
2025-12-21,MIL,MIN,100,103,Ryan Rollins; A.J. Green; Myles Turner; Kyle Kuzma; Bobby Portis; Gary Trent Jr.; Jericho Sims; Kevin Porter Jr.; Giannis Antetokounmpo; Ousmane Dieng,Julius Randle; Donte DiVincenzo; Rudy Gobert; Jaden McDaniels; Anthony Edwards; Naz Reid; Bones Hyland; Mike Conley; Jaylen Clark; Ayo Dosunmu
2025-12-21,SAS,WAS,124,113,Julian Champagnie; De'Aaron Fox; Devin Vassell; Stephon Castle; Harrison Barnes; Keldon Johnson; Victor Wembanyama; Dylan Harper; Luke Kornet; Carter Bryant,Bub Carrington; Will Riley; Bilal Coulibaly; Tre Johnson; Kyshawn George; Justin Champagnie; Alex Sarr; CJ McCollum; Jamir Watkins; Anthony Gill
2025-12-21,TOR,BKN,81,96,Scottie Barnes; Brandon Ingram; Immanuel Quickley; Jamal Shead; Sandro Mamukelashvili; RJ Barrett; Ja'Kobe Walter; Collin Murray-Boyles; Jakob Poeltl; Gradey Dick,Nic Claxton; Noah Clowney; Michael Porter Jr.; Terance Mann; Drake Powell; Egor Dёmin; Ziaire Williams; Nolan Traoré; Danny Wolf; Day'Ron Sharpe
2025-12-22,CHA,CLE,132,139,Kon Knueppel; Miles Bridges; LaMelo Ball; Brandon Miller; Moussa Diabaté; Sion James; Ryan Kalkbrenner; Collin Sexton; Josh Green; Grant Williams,Donovan Mitchell; Evan Mobley; Jaylon Tyson; Jarrett Allen; Sam Merrill; Dean Wade; Craig Porter Jr.; De'Andre Hunter; Nae'Qwan Tomlin; James Harden
2025-12-22,DAL,NOP,113,119,Cooper Flagg; Max Christie; Naji Marshall; P.J. Washington; Klay Thompson; Brandon Williams; Daniel Gafford; Ryan Nembhard; Dwight Powell; Caleb Martin,Trey Murphy III; Saddiq Bey; Jeremiah Fears; Derik Queen; Zion Williamson; Herbert Jones; Yves Missi; Jordan Poole; Micah Peavy; Karlo Matković
2025-12-22,DET,POR,110,102,Cade Cunningham; Duncan Robinson; Jalen Duren; Ausar Thompson; Tobias Harris; Ron Holland; Daniss Jenkins; Javonte Green; Isaiah Stewart; Caris LeVert,Toumani Camara; Deni Avdija; Donovan Clingan; Jerami Grant; Jrue Holiday; Shaedon Sharpe; Sidy Cissoko; Kris Murray; Caleb Love; Robert Williams
2025-12-22,IND,BOS,95,103,Pascal Siakam; Jarace Walker; Andrew Nembhard; Jay Huff; Ben Sheppard; Aaron Nesmith; T.J. McConnell; Micah Potter; Quenton Jackson; Bennedict Mathurin,Derrick White; Payton Pritchard; Jaylen Brown; Sam Hauser; Neemias Queta; Baylor Scheierman; Jordan Walsh; Anfernee Simons; Luka Garza; Hugo González
2025-12-22,MEM,OKC,103,119,Jaylen Wells; Cam Spencer; Cedric Coward; Jaren Jackson Jr.; Santi Aldama; GG Jackson II; Kentavious Caldwell-Pope; Jock Landale; Olivier-Maxence Prosper; Javon Small,Shai Gilgeous-Alexander; Cason Wallace; Chet Holmgren; Luguentz Dort; Isaiah Joe; Ajay Mitchell; Aaron Wiggins; Jaylin Williams; Isaiah Hartenstein; Alex Caruso
2025-12-22,ORL,GSW,97,120,Desmond Bane; Paolo Banchero; Wendell Carter Jr.; Anthony Black; Tristan Da Silva; Jalen Suggs; Franz Wagner; Goga Bitadze; Noah Penda; Tyus Jones,Brandin Podziemski; Draymond Green; Moses Moody; Gui Santos; Will Richard; Stephen Curry; Pat Spencer; Jimmy Butler; Quinten Post; Gary Payton II
2025-12-22,UTA,DEN,112,135,Ace Bailey; Kyle Filipowski; Keyonte George; Brice Sensabaugh; Cody Williams; Isaiah Collier; Lauri Markkanen; Svi Mykhailiuk; Jusuf Nurkić; Walter Clayton,Jamal Murray; Nikola Jokić; Tim Hardaway Jr.; Bruce Brown; Cameron Johnson; Peyton Watson; Spencer Jones; Christian Braun; Aaron Gordon; Jonas Valančiūnas
2025-12-23,BKN,PHI,114,106,Nic Claxton; Noah Clowney; Michael Porter Jr.; Terance Mann; Drake Powell; Egor Dёmin; Ziaire Williams; Nolan Traoré; Danny Wolf; Day'Ron Sharpe,Tyrese Maxey; VJ Edgecombe; Quentin Grimes; Dominick Barlow; Kelly Oubre Jr.; Adem Bona; Andre Drummond; Joel Embiid; Paul George; Justin Edwards
2025-12-23,CHI,ATL,126,123,Matas Buzelis; Tre Jones; Josh Giddey; Isaac Okoro; Nikola Vučević; Patrick Williams; Ayo Dosunmu; Jalen Smith; Kevin Huerter; Coby White,Nickeil Alexander-Walker; Jalen Johnson; Dyson Daniels; Onyeka Okongwu; Zaccharie Risacher; CJ McCollum; Mouhamed Gueye; Vít Krejčí; Luke Kennard; Corey Kispert
2025-12-23,DEN,DAL,130,131,Jamal Murray; Nikola Jokić; Tim Hardaway Jr.; Bruce Brown; Cameron Johnson; Peyton Watson; Spencer Jones; Christian Braun; Aaron Gordon; Jonas Valančiūnas,Cooper Flagg; Max Christie; Naji Marshall; P.J. Washington; Klay Thompson; Brandon Williams; Daniel Gafford; Ryan Nembhard; Dwight Powell; Caleb Martin
2025-12-23,DET,SAC,136,127,Cade Cunningham; Duncan Robinson; Jalen Duren; Ausar Thompson; Tobias Harris; Ron Holland; Daniss Jenkins; Javonte Green; Isaiah Stewart; Caris LeVert,DeMar DeRozan; Maxime Raynaud; Nique Clifford; Russell Westbrook; Precious Achiuwa; Malik Monk; Zach LaVine; Dennis Schröder; Dylan Cardwell; Daeqwon Plowden
2025-12-23,HOU,LAC,108,128,Amen Thompson; Kevin Durant; Jabari Smith Jr.; Alperen Sengun; Reed Sheppard; Tari Eason; Josh Okogie; Clint Capela; Aaron Holiday; Steven Adams,Kris Dunn; Kawhi Leonard; John Collins; Brook Lopez; James Harden; Kobe Sanders; Derrick Jones Jr.; Ivica Zubac; Jordan Miller; Nicolas Batum
2025-12-23,LAL,PHX,108,132,Luka Dončić; Jake LaRavia; LeBron James; Deandre Ayton; Rui Hachimura; Marcus Smart; Austin Reaves; Jaxson Hayes; Jarred Vanderbilt; Luke Kennard,Collin Gillespie; Royce O'Neale; Devin Booker; Oso Ighodaro; Dillon Brooks; Jordan Goodwin; Grayson Allen; Mark Williams; Ryan Dunn; Jalen Green
2025-12-23,MEM,UTA,137,128,Jaylen Wells; Cam Spencer; Cedric Coward; Jaren Jackson Jr.; Santi Aldama; GG Jackson II; Kentavious Caldwell-Pope; Jock Landale; Olivier-Maxence Prosper; Javon Small,Ace Bailey; Kyle Filipowski; Keyonte George; Brice Sensabaugh; Cody Williams; Isaiah Collier; Lauri Markkanen; Svi Mykhailiuk; Jusuf Nurkić; Walter Clayton
2025-12-23,MIL,IND,111,94,Ryan Rollins; A.J. Green; Myles Turner; Kyle Kuzma; Bobby Portis; Gary Trent Jr.; Jericho Sims; Kevin Porter Jr.; Giannis Antetokounmpo; Ousmane Dieng,Pascal Siakam; Jarace Walker; Andrew Nembhard; Jay Huff; Ben Sheppard; Aaron Nesmith; T.J. McConnell; Micah Potter; Quenton Jackson; Bennedict Mathurin
2025-12-23,NOP,CLE,118,141,Trey Murphy III; Saddiq Bey; Jeremiah Fears; Derik Queen; Zion Williamson; Herbert Jones; Yves Missi; Jordan Poole; Micah Peavy; Karlo Matković,Donovan Mitchell; Evan Mobley; Jaylon Tyson; Jarrett Allen; Sam Merrill; Dean Wade; Craig Porter Jr.; De'Andre Hunter; Nae'Qwan Tomlin; James Harden
2025-12-23,NYK,MIN,104,115,Mikal Bridges; Jalen Brunson; Karl-Anthony Towns; OG Anunoby; Josh Hart; Jordan Clarkson; Mitchell Robinson; Landry Shamet; Miles McBride; Tyler Kolek,Julius Randle; Donte DiVincenzo; Rudy Gobert; Jaden McDaniels; Anthony Edwards; Naz Reid; Bones Hyland; Mike Conley; Jaylen Clark; Ayo Dosunmu
2025-12-23,OKC,SAS,110,130,Shai Gilgeous-Alexander; Cason Wallace; Chet Holmgren; Luguentz Dort; Isaiah Joe; Ajay Mitchell; Aaron Wiggins; Jaylin Williams; Isaiah Hartenstein; Alex Caruso,Julian Champagnie; De'Aaron Fox; Devin Vassell; Stephon Castle; Harrison Barnes; Keldon Johnson; Victor Wembanyama; Dylan Harper; Luke Kornet; Carter Bryant
2025-12-23,ORL,POR,110,106,Desmond Bane; Paolo Banchero; Wendell Carter Jr.; Anthony Black; Tristan Da Silva; Jalen Suggs; Franz Wagner; Goga Bitadze; Noah Penda; Tyus Jones,Toumani Camara; Deni Avdija; Donovan Clingan; Jerami Grant; Jrue Holiday; Shaedon Sharpe; Sidy Cissoko; Kris Murray; Caleb Love; Robert Williams
2025-12-23,TOR,MIA,112,91,Scottie Barnes; Brandon Ingram; Immanuel Quickley; Jamal Shead; Sandro Mamukelashvili; RJ Barrett; Ja'Kobe Walter; Collin Murray-Boyles; Jakob Poeltl; Gradey Dick,Bam Adebayo; Jaime Jaquez Jr.; Andrew Wiggins; Davion Mitchell; Pelle Larsson; Norman Powell; Kel'el Ware; Simone Fontecchio; Dru Smith; Tyler Herro
2025-12-23,WAS,CHA,109,126,Bub Carrington; Will Riley; Bilal Coulibaly; Tre Johnson; Kyshawn George; Justin Champagnie; Alex Sarr; CJ McCollum; Jamir Watkins; Anthony Gill,Kon Knueppel; Miles Bridges; LaMelo Ball; Brandon Miller; Moussa Diabaté; Sion James; Ryan Kalkbrenner; Collin Sexton; Josh Green; Grant Williams
2025-12-25,CLE,NYK,124,126,Donovan Mitchell; Evan Mobley; Jaylon Tyson; Jarrett Allen; Sam Merrill; Dean Wade; Craig Porter Jr.; De'Andre Hunter; Nae'Qwan Tomlin; James Harden,Mikal Bridges; Jalen Brunson; Karl-Anthony Towns; OG Anunoby; Josh Hart; Jordan Clarkson; Mitchell Robinson; Landry Shamet; Miles McBride; Tyler Kolek
2025-12-25,DAL,GSW,116,126,Cooper Flagg; Max Christie; Naji Marshall; P.J. Washington; Klay Thompson; Brandon Williams; Daniel Gafford; Ryan Nembhard; Dwight Powell; Caleb Martin,Brandin Podziemski; Draymond Green; Moses Moody; Gui Santos; Will Richard; Stephen Curry; Pat Spencer; Jimmy Butler; Quinten Post; Gary Payton II
2025-12-25,HOU,LAL,119,96,Amen Thompson; Kevin Durant; Jabari Smith Jr.; Alperen Sengun; Reed Sheppard; Tari Eason; Josh Okogie; Clint Capela; Aaron Holiday; Steven Adams,Luka Dončić; Jake LaRavia; LeBron James; Deandre Ayton; Rui Hachimura; Marcus Smart; Austin Reaves; Jaxson Hayes; Jarred Vanderbilt; Luke Kennard
2025-12-25,MIN,DEN,138,142,Julius Randle; Donte DiVincenzo; Rudy Gobert; Jaden McDaniels; Anthony Edwards; Naz Reid; Bones Hyland; Mike Conley; Jaylen Clark; Ayo Dosunmu,Jamal Murray; Nikola Jokić; Tim Hardaway Jr.; Bruce Brown; Cameron Johnson; Peyton Watson; Spencer Jones; Christian Braun; Aaron Gordon; Jonas Valančiūnas
2025-12-25,SAS,OKC,117,102,Julian Champagnie; De'Aaron Fox; Devin Vassell; Stephon Castle; Harrison Barnes; Keldon Johnson; Victor Wembanyama; Dylan Harper; Luke Kornet; Carter Bryant,Shai Gilgeous-Alexander; Cason Wallace; Chet Holmgren; Luguentz Dort; Isaiah Joe; Ajay Mitchell; Aaron Wiggins; Jaylin Williams; Isaiah Hartenstein; Alex Caruso
2025-12-26,BOS,IND,140,122,Derrick White; Payton Pritchard; Jaylen Brown; Sam Hauser; Neemias Queta; Baylor Scheierman; Jordan Walsh; Anfernee Simons; Luka Garza; Hugo González,Pascal Siakam; Jarace Walker; Andrew Nembhard; Jay Huff; Ben Sheppard; Aaron Nesmith; T.J. McConnell; Micah Potter; Quenton Jackson; Bennedict Mathurin
2025-12-26,CHA,ORL,120,105,Kon Knueppel; Miles Bridges; LaMelo Ball; Brandon Miller; Moussa Diabaté; Sion James; Ryan Kalkbrenner; Collin Sexton; Josh Green; Grant Williams,Desmond Bane; Paolo Banchero; Wendell Carter Jr.; Anthony Black; Tristan Da Silva; Jalen Suggs; Franz Wagner; Goga Bitadze; Noah Penda; Tyus Jones
2025-12-26,DET,UTA,129,131,Cade Cunningham; Duncan Robinson; Jalen Duren; Ausar Thompson; Tobias Harris; Ron Holland; Daniss Jenkins; Javonte Green; Isaiah Stewart; Caris LeVert,Ace Bailey; Kyle Filipowski; Keyonte George; Brice Sensabaugh; Cody Williams; Isaiah Collier; Lauri Markkanen; Svi Mykhailiuk; Jusuf Nurkić; Walter Clayton
2025-12-26,LAC,POR,119,103,Kris Dunn; Kawhi Leonard; John Collins; Brook Lopez; James Harden; Kobe Sanders; Derrick Jones Jr.; Ivica Zubac; Jordan Miller; Nicolas Batum,Toumani Camara; Deni Avdija; Donovan Clingan; Jerami Grant; Jrue Holiday; Shaedon Sharpe; Sidy Cissoko; Kris Murray; Caleb Love; Robert Williams
2025-12-26,MIA,ATL,126,111,Bam Adebayo; Jaime Jaquez Jr.; Andrew Wiggins; Davion Mitchell; Pelle Larsson; Norman Powell; Kel'el Ware; Simone Fontecchio; Dru Smith; Tyler Herro,Nickeil Alexander-Walker; Jalen Johnson; Dyson Daniels; Onyeka Okongwu; Zaccharie Risacher; CJ McCollum; Mouhamed Gueye; Vít Krejčí; Luke Kennard; Corey Kispert
2025-12-26,MIL,MEM,104,125,Ryan Rollins; A.J. Green; Myles Turner; Kyle Kuzma; Bobby Portis; Gary Trent Jr.; Jericho Sims; Kevin Porter Jr.; Giannis Antetokounmpo; Ousmane Dieng,Jaylen Wells; Cam Spencer; Cedric Coward; Jaren Jackson Jr.; Santi Aldama; GG Jackson II; Kentavious Caldwell-Pope; Jock Landale; Olivier-Maxence Prosper; Javon Small
2025-12-26,PHI,CHI,102,109,Tyrese Maxey; VJ Edgecombe; Quentin Grimes; Dominick Barlow; Kelly Oubre Jr.; Adem Bona; Andre Drummond; Joel Embiid; Paul George; Justin Edwards,Matas Buzelis; Tre Jones; Josh Giddey; Isaac Okoro; Nikola Vučević; Patrick Williams; Ayo Dosunmu; Jalen Smith; Kevin Huerter; Coby White
2025-12-26,PHX,NOP,115,108,Collin Gillespie; Royce O'Neale; Devin Booker; Oso Ighodaro; Dillon Brooks; Jordan Goodwin; Grayson Allen; Mark Williams; Ryan Dunn; Jalen Green,Trey Murphy III; Saddiq Bey; Jeremiah Fears; Derik Queen; Zion Williamson; Herbert Jones; Yves Missi; Jordan Poole; Micah Peavy; Karlo Matković
2025-12-26,TOR,WAS,117,138,Scottie Barnes; Brandon Ingram; Immanuel Quickley; Jamal Shead; Sandro Mamukelashvili; RJ Barrett; Ja'Kobe Walter; Collin Murray-Boyles; Jakob Poeltl; Gradey Dick,Bub Carrington; Will Riley; Bilal Coulibaly; Tre Johnson; Kyshawn George; Justin Champagnie; Alex Sarr; CJ McCollum; Jamir Watkins; Anthony Gill
2025-12-27,BKN,MIN,123,107,Nic Claxton; Noah Clowney; Michael Porter Jr.; Terance Mann; Drake Powell; Egor Dёmin; Ziaire Williams; Nolan Traoré; Danny Wolf; Day'Ron Sharpe,Julius Randle; Donte DiVincenzo; Rudy Gobert; Jaden McDaniels; Anthony Edwards; Naz Reid; Bones Hyland; Mike Conley; Jaylen Clark; Ayo Dosunmu
2025-12-27,CLE,HOU,100,117,Donovan Mitchell; Evan Mobley; Jaylon Tyson; Jarrett Allen; Sam Merrill; Dean Wade; Craig Porter Jr.; De'Andre Hunter; Nae'Qwan Tomlin; James Harden,Amen Thompson; Kevin Durant; Jabari Smith Jr.; Alperen Sengun; Reed Sheppard; Tari Eason; Josh Okogie; Clint Capela; Aaron Holiday; Steven Adams
2025-12-27,DAL,SAC,107,113,Cooper Flagg; Max Christie; Naji Marshall; P.J. Washington; Klay Thompson; Brandon Williams; Daniel Gafford; Ryan Nembhard; Dwight Powell; Caleb Martin,DeMar DeRozan; Maxime Raynaud; Nique Clifford; Russell Westbrook; Precious Achiuwa; Malik Monk; Zach LaVine; Dennis Schröder; Dylan Cardwell; Daeqwon Plowden
2025-12-27,DEN,ORL,126,127,Jamal Murray; Nikola Jokić; Tim Hardaway Jr.; Bruce Brown; Cameron Johnson; Peyton Watson; Spencer Jones; Christian Braun; Aaron Gordon; Jonas Valančiūnas,Desmond Bane; Paolo Banchero; Wendell Carter Jr.; Anthony Black; Tristan Da Silva; Jalen Suggs; Franz Wagner; Goga Bitadze; Noah Penda; Tyus Jones
2025-12-27,IND,MIA,116,142,Pascal Siakam; Jarace Walker; Andrew Nembhard; Jay Huff; Ben Sheppard; Aaron Nesmith; T.J. McConnell; Micah Potter; Quenton Jackson; Bennedict Mathurin,Bam Adebayo; Jaime Jaquez Jr.; Andrew Wiggins; Davion Mitchell; Pelle Larsson; Norman Powell; Kel'el Ware; Simone Fontecchio; Dru Smith; Tyler Herro
2025-12-27,MIL,CHI,112,103,Ryan Rollins; A.J. Green; Myles Turner; Kyle Kuzma; Bobby Portis; Gary Trent Jr.; Jericho Sims; Kevin Porter Jr.; Giannis Antetokounmpo; Ousmane Dieng,Matas Buzelis; Tre Jones; Josh Giddey; Isaac Okoro; Nikola Vučević; Patrick Williams; Ayo Dosunmu; Jalen Smith; Kevin Huerter; Coby White
2025-12-27,NYK,ATL,128,125,Mikal Bridges; Jalen Brunson; Karl-Anthony Towns; OG Anunoby; Josh Hart; Jordan Clarkson; Mitchell Robinson; Landry Shamet; Miles McBride; Tyler Kolek,Nickeil Alexander-Walker; Jalen Johnson; Dyson Daniels; Onyeka Okongwu; Zaccharie Risacher; CJ McCollum; Mouhamed Gueye; Vít Krejčí; Luke Kennard; Corey Kispert
2025-12-27,PHX,NOP,123,114,Collin Gillespie; Royce O'Neale; Devin Booker; Oso Ighodaro; Dillon Brooks; Jordan Goodwin; Grayson Allen; Mark Williams; Ryan Dunn; Jalen Green,Trey Murphy III; Saddiq Bey; Jeremiah Fears; Derik Queen; Zion Williamson; Herbert Jones; Yves Missi; Jordan Poole; Micah Peavy; Karlo Matković
2025-12-27,UTA,SAS,127,114,Ace Bailey; Kyle Filipowski; Keyonte George; Brice Sensabaugh; Cody Williams; Isaiah Collier; Lauri Markkanen; Svi Mykhailiuk; Jusuf Nurkić; Walter Clayton,Julian Champagnie; De'Aaron Fox; Devin Vassell; Stephon Castle; Harrison Barnes; Keldon Johnson; Victor Wembanyama; Dylan Harper; Luke Kornet; Carter Bryant
2025-12-28,BOS,POR,108,114,Derrick White; Payton Pritchard; Jaylen Brown; Sam Hauser; Neemias Queta; Baylor Scheierman; Jordan Walsh; Anfernee Simons; Luka Garza; Hugo González,Toumani Camara; Deni Avdija; Donovan Clingan; Jerami Grant; Jrue Holiday; Shaedon Sharpe; Sidy Cissoko; Kris Murray; Caleb Love; Robert Williams
2025-12-28,DET,LAC,99,112,Cade Cunningham; Duncan Robinson; Jalen Duren; Ausar Thompson; Tobias Harris; Ron Holland; Daniss Jenkins; Javonte Green; Isaiah Stewart; Caris LeVert,Kris Dunn; Kawhi Leonard; John Collins; Brook Lopez; James Harden; Kobe Sanders; Derrick Jones Jr.; Ivica Zubac; Jordan Miller; Nicolas Batum
2025-12-28,GSW,TOR,127,141,Brandin Podziemski; Draymond Green; Moses Moody; Gui Santos; Will Richard; Stephen Curry; Pat Spencer; Jimmy Butler; Quinten Post; Gary Payton II,Scottie Barnes; Brandon Ingram; Immanuel Quickley; Jamal Shead; Sandro Mamukelashvili; RJ Barrett; Ja'Kobe Walter; Collin Murray-Boyles; Jakob Poeltl; Gradey Dick
2025-12-28,MEM,WAS,112,116,Jaylen Wells; Cam Spencer; Cedric Coward; Jaren Jackson Jr.; Santi Aldama; GG Jackson II; Kentavious Caldwell-Pope; Jock Landale; Olivier-Maxence Prosper; Javon Small,Bub Carrington; Will Riley; Bilal Coulibaly; Tre Johnson; Kyshawn George; Justin Champagnie; Alex Sarr; CJ McCollum; Jamir Watkins; Anthony Gill
2025-12-28,PHI,OKC,104,129,Tyrese Maxey; VJ Edgecombe; Quentin Grimes; Dominick Barlow; Kelly Oubre Jr.; Adem Bona; Andre Drummond; Joel Embiid; Paul George; Justin Edwards,Shai Gilgeous-Alexander; Cason Wallace; Chet Holmgren; Luguentz Dort; Isaiah Joe; Ajay Mitchell; Aaron Wiggins; Jaylin Williams; Isaiah Hartenstein; Alex Caruso
2025-12-28,SAC,LAL,101,125,DeMar DeRozan; Maxime Raynaud; Nique Clifford; Russell Westbrook; Precious Achiuwa; Malik Monk; Zach LaVine; Dennis Schröder; Dylan Cardwell; Daeqwon Plowden,Luka Dončić; Jake LaRavia; LeBron James; Deandre Ayton; Rui Hachimura; Marcus Smart; Austin Reaves; Jaxson Hayes; Jarred Vanderbilt; Luke Kennard
2025-12-29,ATL,OKC,129,140,Nickeil Alexander-Walker; Jalen Johnson; Dyson Daniels; Onyeka Okongwu; Zaccharie Risacher; CJ McCollum; Mouhamed Gueye; Vít Krejčí; Luke Kennard; Corey Kispert,Shai Gilgeous-Alexander; Cason Wallace; Chet Holmgren; Luguentz Dort; Isaiah Joe; Ajay Mitchell; Aaron Wiggins; Jaylin Williams; Isaiah Hartenstein; Alex Caruso
2025-12-29,CLE,SAS,113,101,Donovan Mitchell; Evan Mobley; Jaylon Tyson; Jarrett Allen; Sam Merrill; Dean Wade; Craig Porter Jr.; De'Andre Hunter; Nae'Qwan Tomlin; James Harden,Julian Champagnie; De'Aaron Fox; Devin Vassell; Stephon Castle; Harrison Barnes; Keldon Johnson; Victor Wembanyama; Dylan Harper; Luke Kornet; Carter Bryant
2025-12-29,DAL,POR,122,125,Cooper Flagg; Max Christie; Naji Marshall; P.J. Washington; Klay Thompson; Brandon Williams; Daniel Gafford; Ryan Nembhard; Dwight Powell; Caleb Martin,Toumani Camara; Deni Avdija; Donovan Clingan; Jerami Grant; Jrue Holiday; Shaedon Sharpe; Sidy Cissoko; Kris Murray; Caleb Love; Robert Williams
2025-12-29,DEN,MIA,123,147,Jamal Murray; Nikola Jokić; Tim Hardaway Jr.; Bruce Brown; Cameron Johnson; Peyton Watson; Spencer Jones; Christian Braun; Aaron Gordon; Jonas Valančiūnas,Bam Adebayo; Jaime Jaquez Jr.; Andrew Wiggins; Davion Mitchell; Pelle Larsson; Norman Powell; Kel'el Ware; Simone Fontecchio; Dru Smith; Tyler Herro
2025-12-29,GSW,BKN,120,107,Brandin Podziemski; Draymond Green; Moses Moody; Gui Santos; Will Richard; Stephen Curry; Pat Spencer; Jimmy Butler; Quinten Post; Gary Payton II,Nic Claxton; Noah Clowney; Michael Porter Jr.; Terance Mann; Drake Powell; Egor Dёmin; Ziaire Williams; Nolan Traoré; Danny Wolf; Day'Ron Sharpe
2025-12-29,IND,HOU,119,126,Pascal Siakam; Jarace Walker; Andrew Nembhard; Jay Huff; Ben Sheppard; Aaron Nesmith; T.J. McConnell; Micah Potter; Quenton Jackson; Bennedict Mathurin,Amen Thompson; Kevin Durant; Jabari Smith Jr.; Alperen Sengun; Reed Sheppard; Tari Eason; Josh Okogie; Clint Capela; Aaron Holiday; Steven Adams
2025-12-29,MIL,CHA,123,113,Ryan Rollins; A.J. Green; Myles Turner; Kyle Kuzma; Bobby Portis; Gary Trent Jr.; Jericho Sims; Kevin Porter Jr.; Giannis Antetokounmpo; Ousmane Dieng,Kon Knueppel; Miles Bridges; LaMelo Ball; Brandon Miller; Moussa Diabaté; Sion James; Ryan Kalkbrenner; Collin Sexton; Josh Green; Grant Williams
2025-12-29,MIN,CHI,136,101,Julius Randle; Donte DiVincenzo; Rudy Gobert; Jaden McDaniels; Anthony Edwards; Naz Reid; Bones Hyland; Mike Conley; Jaylen Clark; Ayo Dosunmu,Matas Buzelis; Tre Jones; Josh Giddey; Isaac Okoro; Nikola Vučević; Patrick Williams; Ayo Dosunmu; Jalen Smith; Kevin Huerter; Coby White
2025-12-29,NYK,NOP,130,125,Mikal Bridges; Jalen Brunson; Karl-Anthony Towns; OG Anunoby; Josh Hart; Jordan Clarkson; Mitchell Robinson; Landry Shamet; Miles McBride; Tyler Kolek,Trey Murphy III; Saddiq Bey; Jeremiah Fears; Derik Queen; Zion Williamson; Herbert Jones; Yves Missi; Jordan Poole; Micah Peavy; Karlo Matković
2025-12-29,ORL,TOR,106,107,Desmond Bane; Paolo Banchero; Wendell Carter Jr.; Anthony Black; Tristan Da Silva; Jalen Suggs; Franz Wagner; Goga Bitadze; Noah Penda; Tyus Jones,Scottie Barnes; Brandon Ingram; Immanuel Quickley; Jamal Shead; Sandro Mamukelashvili; RJ Barrett; Ja'Kobe Walter; Collin Murray-Boyles; Jakob Poeltl; Gradey Dick
2025-12-29,PHX,WAS,115,101,Collin Gillespie; Royce O'Neale; Devin Booker; Oso Ighodaro; Dillon Brooks; Jordan Goodwin; Grayson Allen; Mark Williams; Ryan Dunn; Jalen Green,Bub Carrington; Will Riley; Bilal Coulibaly; Tre Johnson; Kyshawn George; Justin Champagnie; Alex Sarr; CJ McCollum; Jamir Watkins; Anthony Gill
2025-12-30,BOS,UTA,129,119,Derrick White; Payton Pritchard; Jaylen Brown; Sam Hauser; Neemias Queta; Baylor Scheierman; Jordan Walsh; Anfernee Simons; Luka Garza; Hugo González,Ace Bailey; Kyle Filipowski; Keyonte George; Brice Sensabaugh; Cody Williams; Isaiah Collier; Lauri Markkanen; Svi Mykhailiuk; Jusuf Nurkić; Walter Clayton
2025-12-30,DET,LAL,128,106,Cade Cunningham; Duncan Robinson; Jalen Duren; Ausar Thompson; Tobias Harris; Ron Holland; Daniss Jenkins; Javonte Green; Isaiah Stewart; Caris LeVert,Luka Dončić; Jake LaRavia; LeBron James; Deandre Ayton; Rui Hachimura; Marcus Smart; Austin Reaves; Jaxson Hayes; Jarred Vanderbilt; Luke Kennard
2025-12-30,PHI,MEM,139,136,Tyrese Maxey; VJ Edgecombe; Quentin Grimes; Dominick Barlow; Kelly Oubre Jr.; Adem Bona; Andre Drummond; Joel Embiid; Paul George; Justin Edwards,Jaylen Wells; Cam Spencer; Cedric Coward; Jaren Jackson Jr.; Santi Aldama; GG Jackson II; Kentavious Caldwell-Pope; Jock Landale; Olivier-Maxence Prosper; Javon Small
2025-12-30,SAC,LAC,90,131,DeMar DeRozan; Maxime Raynaud; Nique Clifford; Russell Westbrook; Precious Achiuwa; Malik Monk; Zach LaVine; Dennis Schröder; Dylan Cardwell; Daeqwon Plowden,Kris Dunn; Kawhi Leonard; John Collins; Brook Lopez; James Harden; Kobe Sanders; Derrick Jones Jr.; Ivica Zubac; Jordan Miller; Nicolas Batum
2025-12-31,DEN,TOR,106,103,Jamal Murray; Nikola Jokić; Tim Hardaway Jr.; Bruce Brown; Cameron Johnson; Peyton Watson; Spencer Jones; Christian Braun; Aaron Gordon; Jonas Valančiūnas,Scottie Barnes; Brandon Ingram; Immanuel Quickley; Jamal Shead; Sandro Mamukelashvili; RJ Barrett; Ja'Kobe Walter; Collin Murray-Boyles; Jakob Poeltl; Gradey Dick
2025-12-31,GSW,CHA,132,125,Brandin Podziemski; Draymond Green; Moses Moody; Gui Santos; Will Richard; Stephen Curry; Pat Spencer; Jimmy Butler; Quinten Post; Gary Payton II,Kon Knueppel; Miles Bridges; LaMelo Ball; Brandon Miller; Moussa Diabaté; Sion James; Ryan Kalkbrenner; Collin Sexton; Josh Green; Grant Williams
2025-12-31,MIN,ATL,102,126,Julius Randle; Donte DiVincenzo; Rudy Gobert; Jaden McDaniels; Anthony Edwards; Naz Reid; Bones Hyland; Mike Conley; Jaylen Clark; Ayo Dosunmu,Nickeil Alexander-Walker; Jalen Johnson; Dyson Daniels; Onyeka Okongwu; Zaccharie Risacher; CJ McCollum; Mouhamed Gueye; Vít Krejčí; Luke Kennard; Corey Kispert
2025-12-31,NOP,CHI,118,134,Trey Murphy III; Saddiq Bey; Jeremiah Fears; Derik Queen; Zion Williamson; Herbert Jones; Yves Missi; Jordan Poole; Micah Peavy; Karlo Matković,Matas Buzelis; Tre Jones; Josh Giddey; Isaac Okoro; Nikola Vučević; Patrick Williams; Ayo Dosunmu; Jalen Smith; Kevin Huerter; Coby White
2025-12-31,NYK,SAS,132,134,Mikal Bridges; Jalen Brunson; Karl-Anthony Towns; OG Anunoby; Josh Hart; Jordan Clarkson; Mitchell Robinson; Landry Shamet; Miles McBride; Tyler Kolek,Julian Champagnie; De'Aaron Fox; Devin Vassell; Stephon Castle; Harrison Barnes; Keldon Johnson; Victor Wembanyama; Dylan Harper; Luke Kornet; Carter Bryant
2025-12-31,ORL,IND,112,110,Desmond Bane; Paolo Banchero; Wendell Carter Jr.; Anthony Black; Tristan Da Silva; Jalen Suggs; Franz Wagner; Goga Bitadze; Noah Penda; Tyus Jones,Pascal Siakam; Jarace Walker; Andrew Nembhard; Jay Huff; Ben Sheppard; Aaron Nesmith; T.J. McConnell; Micah Potter; Quenton Jackson; Bennedict Mathurin
2025-12-31,PHX,CLE,113,129,Collin Gillespie; Royce O'Neale; Devin Booker; Oso Ighodaro; Dillon Brooks; Jordan Goodwin; Grayson Allen; Mark Williams; Ryan Dunn; Jalen Green,Donovan Mitchell; Evan Mobley; Jaylon Tyson; Jarrett Allen; Sam Merrill; Dean Wade; Craig Porter Jr.; De'Andre Hunter; Nae'Qwan Tomlin; James Harden
2025-12-31,POR,OKC,95,124,Toumani Camara; Deni Avdija; Donovan Clingan; Jerami Grant; Jrue Holiday; Shaedon Sharpe; Sidy Cissoko; Kris Murray; Caleb Love; Robert Williams,Shai Gilgeous-Alexander; Cason Wallace; Chet Holmgren; Luguentz Dort; Isaiah Joe; Ajay Mitchell; Aaron Wiggins; Jaylin Williams; Isaiah Hartenstein; Alex Caruso
2025-12-31,WAS,MIL,114,113,Bub Carrington; Will Riley; Bilal Coulibaly; Tre Johnson; Kyshawn George; Justin Champagnie; Alex Sarr; CJ McCollum; Jamir Watkins; Anthony Gill,Ryan Rollins; A.J. Green; Myles Turner; Kyle Kuzma; Bobby Portis; Gary Trent Jr.; Jericho Sims; Kevin Porter Jr.; Giannis Antetokounmpo; Ousmane Dieng
2026-01-01,BOS,SAC,120,106,Derrick White; Payton Pritchard; Jaylen Brown; Sam Hauser; Neemias Queta; Baylor Scheierman; Jordan Walsh; Anfernee Simons; Luka Garza; Hugo González,DeMar DeRozan; Maxime Raynaud; Nique Clifford; Russell Westbrook; Precious Achiuwa; Malik Monk; Zach LaVine; Dennis Schröder; Dylan Cardwell; Daeqwon Plowden
2026-01-01,HOU,BKN,120,96,Amen Thompson; Kevin Durant; Jabari Smith Jr.; Alperen Sengun; Reed Sheppard; Tari Eason; Josh Okogie; Clint Capela; Aaron Holiday; Steven Adams,Nic Claxton; Noah Clowney; Michael Porter Jr.; Terance Mann; Drake Powell; Egor Dёmin; Ziaire Williams; Nolan Traoré; Danny Wolf; Day'Ron Sharpe
2026-01-01,MIA,DET,118,112,Bam Adebayo; Jaime Jaquez Jr.; Andrew Wiggins; Davion Mitchell; Pelle Larsson; Norman Powell; Kel'el Ware; Simone Fontecchio; Dru Smith; Tyler Herro,Cade Cunningham; Duncan Robinson; Jalen Duren; Ausar Thompson; Tobias Harris; Ron Holland; Daniss Jenkins; Javonte Green; Isaiah Stewart; Caris LeVert
2026-01-01,PHI,DAL,123,108,Tyrese Maxey; VJ Edgecombe; Quentin Grimes; Dominick Barlow; Kelly Oubre Jr.; Adem Bona; Andre Drummond; Joel Embiid; Paul George; Justin Edwards,Cooper Flagg; Max Christie; Naji Marshall; P.J. Washington; Klay Thompson; Brandon Williams; Daniel Gafford; Ryan Nembhard; Dwight Powell; Caleb Martin
2026-01-01,UTA,LAC,101,118,Ace Bailey; Kyle Filipowski; Keyonte George; Brice Sensabaugh; Cody Williams; Isaiah Collier; Lauri Markkanen; Svi Mykhailiuk; Jusuf Nurkić; Walter Clayton,Kris Dunn; Kawhi Leonard; John Collins; Brook Lopez; James Harden; Kobe Sanders; Derrick Jones Jr.; Ivica Zubac; Jordan Miller; Nicolas Batum
2026-01-02,ATL,NYK,111,99,Nickeil Alexander-Walker; Jalen Johnson; Dyson Daniels; Onyeka Okongwu; Zaccharie Risacher; CJ McCollum; Mouhamed Gueye; Vít Krejčí; Luke Kennard; Corey Kispert,Mikal Bridges; Jalen Brunson; Karl-Anthony Towns; OG Anunoby; Josh Hart; Jordan Clarkson; Mitchell Robinson; Landry Shamet; Miles McBride; Tyler Kolek
2026-01-02,BKN,WAS,99,119,Nic Claxton; Noah Clowney; Michael Porter Jr.; Terance Mann; Drake Powell; Egor Dёmin; Ziaire Williams; Nolan Traoré; Danny Wolf; Day'Ron Sharpe,Bub Carrington; Will Riley; Bilal Coulibaly; Tre Johnson; Kyshawn George; Justin Champagnie; Alex Sarr; CJ McCollum; Jamir Watkins; Anthony Gill
2026-01-02,CHA,MIL,121,122,Kon Knueppel; Miles Bridges; LaMelo Ball; Brandon Miller; Moussa Diabaté; Sion James; Ryan Kalkbrenner; Collin Sexton; Josh Green; Grant Williams,Ryan Rollins; A.J. Green; Myles Turner; Kyle Kuzma; Bobby Portis; Gary Trent Jr.; Jericho Sims; Kevin Porter Jr.; Giannis Antetokounmpo; Ousmane Dieng
2026-01-02,DEN,CLE,108,113,Jamal Murray; Nikola Jokić; Tim Hardaway Jr.; Bruce Brown; Cameron Johnson; Peyton Watson; Spencer Jones; Christian Braun; Aaron Gordon; Jonas Valančiūnas,Donovan Mitchell; Evan Mobley; Jaylon Tyson; Jarrett Allen; Sam Merrill; Dean Wade; Craig Porter Jr.; De'Andre Hunter; Nae'Qwan Tomlin; James Harden
2026-01-02,MEM,LAL,121,128,Jaylen Wells; Cam Spencer; Cedric Coward; Jaren Jackson Jr.; Santi Aldama; GG Jackson II; Kentavious Caldwell-Pope; Jock Landale; Olivier-Maxence Prosper; Javon Small,Luka Dončić; Jake LaRavia; LeBron James; Deandre Ayton; Rui Hachimura; Marcus Smart; Austin Reaves; Jaxson Hayes; Jarred Vanderbilt; Luke Kennard
2026-01-02,OKC,GSW,131,94,Shai Gilgeous-Alexander; Cason Wallace; Chet Holmgren; Luguentz Dort; Isaiah Joe; Ajay Mitchell; Aaron Wiggins; Jaylin Williams; Isaiah Hartenstein; Alex Caruso,Brandin Podziemski; Draymond Green; Moses Moody; Gui Santos; Will Richard; Stephen Curry; Pat Spencer; Jimmy Butler; Quinten Post; Gary Payton II
2026-01-02,ORL,CHI,114,121,Desmond Bane; Paolo Banchero; Wendell Carter Jr.; Anthony Black; Tristan Da Silva; Jalen Suggs; Franz Wagner; Goga Bitadze; Noah Penda; Tyus Jones,Matas Buzelis; Tre Jones; Josh Giddey; Isaac Okoro; Nikola Vučević; Patrick Williams; Ayo Dosunmu; Jalen Smith; Kevin Huerter; Coby White
2026-01-02,POR,NOP,122,109,Toumani Camara; Deni Avdija; Donovan Clingan; Jerami Grant; Jrue Holiday; Shaedon Sharpe; Sidy Cissoko; Kris Murray; Caleb Love; Robert Williams,Trey Murphy III; Saddiq Bey; Jeremiah Fears; Derik Queen; Zion Williamson; Herbert Jones; Yves Missi; Jordan Poole; Micah Peavy; Karlo Matković
2026-01-02,SAC,PHX,102,129,DeMar DeRozan; Maxime Raynaud; Nique Clifford; Russell Westbrook; Precious Achiuwa; Malik Monk; Zach LaVine; Dennis Schröder; Dylan Cardwell; Daeqwon Plowden,Collin Gillespie; Royce O'Neale; Devin Booker; Oso Ighodaro; Dillon Brooks; Jordan Goodwin; Grayson Allen; Mark Williams; Ryan Dunn; Jalen Green
2026-01-02,SAS,IND,123,113,Julian Champagnie; De'Aaron Fox; Devin Vassell; Stephon Castle; Harrison Barnes; Keldon Johnson; Victor Wembanyama; Dylan Harper; Luke Kornet; Carter Bryant,Pascal Siakam; Jarace Walker; Andrew Nembhard; Jay Huff; Ben Sheppard; Aaron Nesmith; T.J. McConnell; Micah Potter; Quenton Jackson; Bennedict Mathurin
2026-01-03,ATL,TOR,117,134,Nickeil Alexander-Walker; Jalen Johnson; Dyson Daniels; Onyeka Okongwu; Zaccharie Risacher; CJ McCollum; Mouhamed Gueye; Vít Krejčí; Luke Kennard; Corey Kispert,Scottie Barnes; Brandon Ingram; Immanuel Quickley; Jamal Shead; Sandro Mamukelashvili; RJ Barrett; Ja'Kobe Walter; Collin Murray-Boyles; Jakob Poeltl; Gradey Dick
2026-01-03,BOS,LAC,146,115,Derrick White; Payton Pritchard; Jaylen Brown; Sam Hauser; Neemias Queta; Baylor Scheierman; Jordan Walsh; Anfernee Simons; Luka Garza; Hugo González,Kris Dunn; Kawhi Leonard; John Collins; Brook Lopez; James Harden; Kobe Sanders; Derrick Jones Jr.; Ivica Zubac; Jordan Miller; Nicolas Batum
2026-01-03,CHA,CHI,112,99,Kon Knueppel; Miles Bridges; LaMelo Ball; Brandon Miller; Moussa Diabaté; Sion James; Ryan Kalkbrenner; Collin Sexton; Josh Green; Grant Williams,Matas Buzelis; Tre Jones; Josh Giddey; Isaac Okoro; Nikola Vučević; Patrick Williams; Ayo Dosunmu; Jalen Smith; Kevin Huerter; Coby White
2026-01-03,HOU,DAL,104,110,Amen Thompson; Kevin Durant; Jabari Smith Jr.; Alperen Sengun; Reed Sheppard; Tari Eason; Josh Okogie; Clint Capela; Aaron Holiday; Steven Adams,Cooper Flagg; Max Christie; Naji Marshall; P.J. Washington; Klay Thompson; Brandon Williams; Daniel Gafford; Ryan Nembhard; Dwight Powell; Caleb Martin
2026-01-03,MIN,MIA,125,115,Julius Randle; Donte DiVincenzo; Rudy Gobert; Jaden McDaniels; Anthony Edwards; Naz Reid; Bones Hyland; Mike Conley; Jaylen Clark; Ayo Dosunmu,Bam Adebayo; Jaime Jaquez Jr.; Andrew Wiggins; Davion Mitchell; Pelle Larsson; Norman Powell; Kel'el Ware; Simone Fontecchio; Dru Smith; Tyler Herro
2026-01-03,PHI,NYK,130,119,Tyrese Maxey; VJ Edgecombe; Quentin Grimes; Dominick Barlow; Kelly Oubre Jr.; Adem Bona; Andre Drummond; Joel Embiid; Paul George; Justin Edwards,Mikal Bridges; Jalen Brunson; Karl-Anthony Towns; OG Anunoby; Josh Hart; Jordan Clarkson; Mitchell Robinson; Landry Shamet; Miles McBride; Tyler Kolek
2026-01-03,POR,SAS,115,110,Toumani Camara; Deni Avdija; Donovan Clingan; Jerami Grant; Jrue Holiday; Shaedon Sharpe; Sidy Cissoko; Kris Murray; Caleb Love; Robert Williams,Julian Champagnie; De'Aaron Fox; Devin Vassell; Stephon Castle; Harrison Barnes; Keldon Johnson; Victor Wembanyama; Dylan Harper; Luke Kornet; Carter Bryant
2026-01-03,UTA,GSW,114,123,Ace Bailey; Kyle Filipowski; Keyonte George; Brice Sensabaugh; Cody Williams; Isaiah Collier; Lauri Markkanen; Svi Mykhailiuk; Jusuf Nurkić; Walter Clayton,Brandin Podziemski; Draymond Green; Moses Moody; Gui Santos; Will Richard; Stephen Curry; Pat Spencer; Jimmy Butler; Quinten Post; Gary Payton II
2026-01-04,DEN,BKN,115,127,Jamal Murray; Nikola Jokić; Tim Hardaway Jr.; Bruce Brown; Cameron Johnson; Peyton Watson; Spencer Jones; Christian Braun; Aaron Gordon; Jonas Valančiūnas,Nic Claxton; Noah Clowney; Michael Porter Jr.; Terance Mann; Drake Powell; Egor Dёmin; Ziaire Williams; Nolan Traoré; Danny Wolf; Day'Ron Sharpe
2026-01-04,DET,CLE,114,110,Cade Cunningham; Duncan Robinson; Jalen Duren; Ausar Thompson; Tobias Harris; Ron Holland; Daniss Jenkins; Javonte Green; Isaiah Stewart; Caris LeVert,Donovan Mitchell; Evan Mobley; Jaylon Tyson; Jarrett Allen; Sam Merrill; Dean Wade; Craig Porter Jr.; De'Andre Hunter; Nae'Qwan Tomlin; James Harden
2026-01-04,IND,ORL,127,135,Pascal Siakam; Jarace Walker; Andrew Nembhard; Jay Huff; Ben Sheppard; Aaron Nesmith; T.J. McConnell; Micah Potter; Quenton Jackson; Bennedict Mathurin,Desmond Bane; Paolo Banchero; Wendell Carter Jr.; Anthony Black; Tristan Da Silva; Jalen Suggs; Franz Wagner; Goga Bitadze; Noah Penda; Tyus Jones
2026-01-04,MEM,LAL,114,120,Jaylen Wells; Cam Spencer; Cedric Coward; Jaren Jackson Jr.; Santi Aldama; GG Jackson II; Kentavious Caldwell-Pope; Jock Landale; Olivier-Maxence Prosper; Javon Small,Luka Dončić; Jake LaRavia; LeBron James; Deandre Ayton; Rui Hachimura; Marcus Smart; Austin Reaves; Jaxson Hayes; Jarred Vanderbilt; Luke Kennard
2026-01-04,MIL,SAC,115,98,Ryan Rollins; A.J. Green; Myles Turner; Kyle Kuzma; Bobby Portis; Gary Trent Jr.; Jericho Sims; Kevin Porter Jr.; Giannis Antetokounmpo; Ousmane Dieng,DeMar DeRozan; Maxime Raynaud; Nique Clifford; Russell Westbrook; Precious Achiuwa; Malik Monk; Zach LaVine; Dennis Schröder; Dylan Cardwell; Daeqwon Plowden
2026-01-04,MIN,WAS,141,115,Julius Randle; Donte DiVincenzo; Rudy Gobert; Jaden McDaniels; Anthony Edwards; Naz Reid; Bones Hyland; Mike Conley; Jaylen Clark; Ayo Dosunmu,Bub Carrington; Will Riley; Bilal Coulibaly; Tre Johnson; Kyshawn George; Justin Champagnie; Alex Sarr; CJ McCollum; Jamir Watkins; Anthony Gill
2026-01-04,NOP,MIA,106,125,Trey Murphy III; Saddiq Bey; Jeremiah Fears; Derik Queen; Zion Williamson; Herbert Jones; Yves Missi; Jordan Poole; Micah Peavy; Karlo Matković,Bam Adebayo; Jaime Jaquez Jr.; Andrew Wiggins; Davion Mitchell; Pelle Larsson; Norman Powell; Kel'el Ware; Simone Fontecchio; Dru Smith; Tyler Herro
2026-01-04,OKC,PHX,105,108,Shai Gilgeous-Alexander; Cason Wallace; Chet Holmgren; Luguentz Dort; Isaiah Joe; Ajay Mitchell; Aaron Wiggins; Jaylin Williams; Isaiah Hartenstein; Alex Caruso,Collin Gillespie; Royce O'Neale; Devin Booker; Oso Ighodaro; Dillon Brooks; Jordan Goodwin; Grayson Allen; Mark Williams; Ryan Dunn; Jalen Green
2026-01-05,ATL,TOR,100,118,Nickeil Alexander-Walker; Jalen Johnson; Dyson Daniels; Onyeka Okongwu; Zaccharie Risacher; CJ McCollum; Mouhamed Gueye; Vít Krejčí; Luke Kennard; Corey Kispert,Scottie Barnes; Brandon Ingram; Immanuel Quickley; Jamal Shead; Sandro Mamukelashvili; RJ Barrett; Ja'Kobe Walter; Collin Murray-Boyles; Jakob Poeltl; Gradey Dick
2026-01-05,CHA,OKC,124,97,Kon Knueppel; Miles Bridges; LaMelo Ball; Brandon Miller; Moussa Diabaté; Sion James; Ryan Kalkbrenner; Collin Sexton; Josh Green; Grant Williams,Shai Gilgeous-Alexander; Cason Wallace; Chet Holmgren; Luguentz Dort; Isaiah Joe; Ajay Mitchell; Aaron Wiggins; Jaylin Williams; Isaiah Hartenstein; Alex Caruso
2026-01-05,CHI,BOS,101,115,Matas Buzelis; Tre Jones; Josh Giddey; Isaac Okoro; Nikola Vučević; Patrick Williams; Ayo Dosunmu; Jalen Smith; Kevin Huerter; Coby White,Derrick White; Payton Pritchard; Jaylen Brown; Sam Hauser; Neemias Queta; Baylor Scheierman; Jordan Walsh; Anfernee Simons; Luka Garza; Hugo González
2026-01-05,DEN,PHI,125,124,Jamal Murray; Nikola Jokić; Tim Hardaway Jr.; Bruce Brown; Cameron Johnson; Peyton Watson; Spencer Jones; Christian Braun; Aaron Gordon; Jonas Valančiūnas,Tyrese Maxey; VJ Edgecombe; Quentin Grimes; Dominick Barlow; Kelly Oubre Jr.; Adem Bona; Andre Drummond; Joel Embiid; Paul George; Justin Edwards
2026-01-05,GSW,LAC,102,103,Brandin Podziemski; Draymond Green; Moses Moody; Gui Santos; Will Richard; Stephen Curry; Pat Spencer; Jimmy Butler; Quinten Post; Gary Payton II,Kris Dunn; Kawhi Leonard; John Collins; Brook Lopez; James Harden; Kobe Sanders; Derrick Jones Jr.; Ivica Zubac; Jordan Miller; Nicolas Batum
2026-01-05,NYK,DET,90,121,Mikal Bridges; Jalen Brunson; Karl-Anthony Towns; OG Anunoby; Josh Hart; Jordan Clarkson; Mitchell Robinson; Landry Shamet; Miles McBride; Tyler Kolek,Cade Cunningham; Duncan Robinson; Jalen Duren; Ausar Thompson; Tobias Harris; Ron Holland; Daniss Jenkins; Javonte Green; Isaiah Stewart; Caris LeVert
2026-01-05,PHX,HOU,97,100,Collin Gillespie; Royce O'Neale; Devin Booker; Oso Ighodaro; Dillon Brooks; Jordan Goodwin; Grayson Allen; Mark Williams; Ryan Dunn; Jalen Green,Amen Thompson; Kevin Durant; Jabari Smith Jr.; Alperen Sengun; Reed Sheppard; Tari Eason; Josh Okogie; Clint Capela; Aaron Holiday; Steven Adams
2026-01-05,UTA,POR,117,137,Ace Bailey; Kyle Filipowski; Keyonte George; Brice Sensabaugh; Cody Williams; Isaiah Collier; Lauri Markkanen; Svi Mykhailiuk; Jusuf Nurkić; Walter Clayton,Toumani Camara; Deni Avdija; Donovan Clingan; Jerami Grant; Jrue Holiday; Shaedon Sharpe; Sidy Cissoko; Kris Murray; Caleb Love; Robert Williams
2026-01-06,CLE,IND,120,116,Donovan Mitchell; Evan Mobley; Jaylon Tyson; Jarrett Allen; Sam Merrill; Dean Wade; Craig Porter Jr.; De'Andre Hunter; Nae'Qwan Tomlin; James Harden,Pascal Siakam; Jarace Walker; Andrew Nembhard; Jay Huff; Ben Sheppard; Aaron Nesmith; T.J. McConnell; Micah Potter; Quenton Jackson; Bennedict Mathurin
2026-01-06,DAL,SAC,100,98,Cooper Flagg; Max Christie; Naji Marshall; P.J. Washington; Klay Thompson; Brandon Williams; Daniel Gafford; Ryan Nembhard; Dwight Powell; Caleb Martin,DeMar DeRozan; Maxime Raynaud; Nique Clifford; Russell Westbrook; Precious Achiuwa; Malik Monk; Zach LaVine; Dennis Schröder; Dylan Cardwell; Daeqwon Plowden
2026-01-06,LAL,NOP,111,103,Luka Dončić; Jake LaRavia; LeBron James; Deandre Ayton; Rui Hachimura; Marcus Smart; Austin Reaves; Jaxson Hayes; Jarred Vanderbilt; Luke Kennard,Trey Murphy III; Saddiq Bey; Jeremiah Fears; Derik Queen; Zion Williamson; Herbert Jones; Yves Missi; Jordan Poole; Micah Peavy; Karlo Matković
2026-01-06,MIA,MIN,94,122,Bam Adebayo; Jaime Jaquez Jr.; Andrew Wiggins; Davion Mitchell; Pelle Larsson; Norman Powell; Kel'el Ware; Simone Fontecchio; Dru Smith; Tyler Herro,Julius Randle; Donte DiVincenzo; Rudy Gobert; Jaden McDaniels; Anthony Edwards; Naz Reid; Bones Hyland; Mike Conley; Jaylen Clark; Ayo Dosunmu
2026-01-06,ORL,WAS,112,120,Desmond Bane; Paolo Banchero; Wendell Carter Jr.; Anthony Black; Tristan Da Silva; Jalen Suggs; Franz Wagner; Goga Bitadze; Noah Penda; Tyus Jones,Bub Carrington; Will Riley; Bilal Coulibaly; Tre Johnson; Kyshawn George; Justin Champagnie; Alex Sarr; CJ McCollum; Jamir Watkins; Anthony Gill
2026-01-06,SAS,MEM,105,106,Julian Champagnie; De'Aaron Fox; Devin Vassell; Stephon Castle; Harrison Barnes; Keldon Johnson; Victor Wembanyama; Dylan Harper; Luke Kornet; Carter Bryant,Jaylen Wells; Cam Spencer; Cedric Coward; Jaren Jackson Jr.; Santi Aldama; GG Jackson II; Kentavious Caldwell-Pope; Jock Landale; Olivier-Maxence Prosper; Javon Small
2026-01-07,CHI,DET,93,108,Matas Buzelis; Tre Jones; Josh Giddey; Isaac Okoro; Nikola Vučević; Patrick Williams; Ayo Dosunmu; Jalen Smith; Kevin Huerter; Coby White,Cade Cunningham; Duncan Robinson; Jalen Duren; Ausar Thompson; Tobias Harris; Ron Holland; Daniss Jenkins; Javonte Green; Isaiah Stewart; Caris LeVert
2026-01-07,DEN,BOS,114,110,Jamal Murray; Nikola Jokić; Tim Hardaway Jr.; Bruce Brown; Cameron Johnson; Peyton Watson; Spencer Jones; Christian Braun; Aaron Gordon; Jonas Valančiūnas,Derrick White; Payton Pritchard; Jaylen Brown; Sam Hauser; Neemias Queta; Baylor Scheierman; Jordan Walsh; Anfernee Simons; Luka Garza; Hugo González
2026-01-07,HOU,POR,102,103,Amen Thompson; Kevin Durant; Jabari Smith Jr.; Alperen Sengun; Reed Sheppard; Tari Eason; Josh Okogie; Clint Capela; Aaron Holiday; Steven Adams,Toumani Camara; Deni Avdija; Donovan Clingan; Jerami Grant; Jrue Holiday; Shaedon Sharpe; Sidy Cissoko; Kris Murray; Caleb Love; Robert Williams
2026-01-07,LAC,NYK,111,123,Kris Dunn; Kawhi Leonard; John Collins; Brook Lopez; James Harden; Kobe Sanders; Derrick Jones Jr.; Ivica Zubac; Jordan Miller; Nicolas Batum,Mikal Bridges; Jalen Brunson; Karl-Anthony Towns; OG Anunoby; Josh Hart; Jordan Clarkson; Mitchell Robinson; Landry Shamet; Miles McBride; Tyler Kolek
2026-01-07,LAL,SAS,91,107,Luka Dončić; Jake LaRavia; LeBron James; Deandre Ayton; Rui Hachimura; Marcus Smart; Austin Reaves; Jaxson Hayes; Jarred Vanderbilt; Luke Kennard,Julian Champagnie; De'Aaron Fox; Devin Vassell; Stephon Castle; Harrison Barnes; Keldon Johnson; Victor Wembanyama; Dylan Harper; Luke Kornet; Carter Bryant
2026-01-07,MIL,GSW,113,120,Ryan Rollins; A.J. Green; Myles Turner; Kyle Kuzma; Bobby Portis; Gary Trent Jr.; Jericho Sims; Kevin Porter Jr.; Giannis Antetokounmpo; Ousmane Dieng,Brandin Podziemski; Draymond Green; Moses Moody; Gui Santos; Will Richard; Stephen Curry; Pat Spencer; Jimmy Butler; Quinten Post; Gary Payton II
2026-01-07,NOP,ATL,100,117,Trey Murphy III; Saddiq Bey; Jeremiah Fears; Derik Queen; Zion Williamson; Herbert Jones; Yves Missi; Jordan Poole; Micah Peavy; Karlo Matković,Nickeil Alexander-Walker; Jalen Johnson; Dyson Daniels; Onyeka Okongwu; Zaccharie Risacher; CJ McCollum; Mouhamed Gueye; Vít Krejčí; Luke Kennard; Corey Kispert
2026-01-07,ORL,BKN,104,103,Desmond Bane; Paolo Banchero; Wendell Carter Jr.; Anthony Black; Tristan Da Silva; Jalen Suggs; Franz Wagner; Goga Bitadze; Noah Penda; Tyus Jones,Nic Claxton; Noah Clowney; Michael Porter Jr.; Terance Mann; Drake Powell; Egor Dёmin; Ziaire Williams; Nolan Traoré; Danny Wolf; Day'Ron Sharpe
2026-01-07,PHX,MEM,117,98,Collin Gillespie; Royce O'Neale; Devin Booker; Oso Ighodaro; Dillon Brooks; Jordan Goodwin; Grayson Allen; Mark Williams; Ryan Dunn; Jalen Green,Jaylen Wells; Cam Spencer; Cedric Coward; Jaren Jackson Jr.; Santi Aldama; GG Jackson II; Kentavious Caldwell-Pope; Jock Landale; Olivier-Maxence Prosper; Javon Small
2026-01-07,TOR,CHA,97,96,Scottie Barnes; Brandon Ingram; Immanuel Quickley; Jamal Shead; Sandro Mamukelashvili; RJ Barrett; Ja'Kobe Walter; Collin Murray-Boyles; Jakob Poeltl; Gradey Dick,Kon Knueppel; Miles Bridges; LaMelo Ball; Brandon Miller; Moussa Diabaté; Sion James; Ryan Kalkbrenner; Collin Sexton; Josh Green; Grant Williams
2026-01-07,UTA,OKC,125,129,Ace Bailey; Kyle Filipowski; Keyonte George; Brice Sensabaugh; Cody Williams; Isaiah Collier; Lauri Markkanen; Svi Mykhailiuk; Jusuf Nurkić; Walter Clayton,Shai Gilgeous-Alexander; Cason Wallace; Chet Holmgren; Luguentz Dort; Isaiah Joe; Ajay Mitchell; Aaron Wiggins; Jaylin Williams; Isaiah Hartenstein; Alex Caruso
2026-01-07,WAS,PHI,110,131,Bub Carrington; Will Riley; Bilal Coulibaly; Tre Johnson; Kyshawn George; Justin Champagnie; Alex Sarr; CJ McCollum; Jamir Watkins; Anthony Gill,Tyrese Maxey; VJ Edgecombe; Quentin Grimes; Dominick Barlow; Kelly Oubre Jr.; Adem Bona; Andre Drummond; Joel Embiid; Paul George; Justin Edwards
2026-01-08,CLE,MIN,122,131,Donovan Mitchell; Evan Mobley; Jaylon Tyson; Jarrett Allen; Sam Merrill; Dean Wade; Craig Porter Jr.; De'Andre Hunter; Nae'Qwan Tomlin; James Harden,Julius Randle; Donte DiVincenzo; Rudy Gobert; Jaden McDaniels; Anthony Edwards; Naz Reid; Bones Hyland; Mike Conley; Jaylen Clark; Ayo Dosunmu
2026-01-08,DAL,UTA,114,116,Cooper Flagg; Max Christie; Naji Marshall; P.J. Washington; Klay Thompson; Brandon Williams; Daniel Gafford; Ryan Nembhard; Dwight Powell; Caleb Martin,Ace Bailey; Kyle Filipowski; Keyonte George; Brice Sensabaugh; Cody Williams; Isaiah Collier; Lauri Markkanen; Svi Mykhailiuk; Jusuf Nurkić; Walter Clayton
2026-01-08,IND,CHA,114,112,Pascal Siakam; Jarace Walker; Andrew Nembhard; Jay Huff; Ben Sheppard; Aaron Nesmith; T.J. McConnell; Micah Potter; Quenton Jackson; Bennedict Mathurin,Kon Knueppel; Miles Bridges; LaMelo Ball; Brandon Miller; Moussa Diabaté; Sion James; Ryan Kalkbrenner; Collin Sexton; Josh Green; Grant Williams
2026-01-09,ATL,DEN,110,87,Nickeil Alexander-Walker; Jalen Johnson; Dyson Daniels; Onyeka Okongwu; Zaccharie Risacher; CJ McCollum; Mouhamed Gueye; Vít Krejčí; Luke Kennard; Corey Kispert,Jamal Murray; Nikola Jokić; Tim Hardaway Jr.; Bruce Brown; Cameron Johnson; Peyton Watson; Spencer Jones; Christian Braun; Aaron Gordon; Jonas Valančiūnas
2026-01-09,HOU,POR,105,111,Amen Thompson; Kevin Durant; Jabari Smith Jr.; Alperen Sengun; Reed Sheppard; Tari Eason; Josh Okogie; Clint Capela; Aaron Holiday; Steven Adams,Toumani Camara; Deni Avdija; Donovan Clingan; Jerami Grant; Jrue Holiday; Shaedon Sharpe; Sidy Cissoko; Kris Murray; Caleb Love; Robert Williams
2026-01-09,LAC,BKN,121,105,Kris Dunn; Kawhi Leonard; John Collins; Brook Lopez; James Harden; Kobe Sanders; Derrick Jones Jr.; Ivica Zubac; Jordan Miller; Nicolas Batum,Nic Claxton; Noah Clowney; Michael Porter Jr.; Terance Mann; Drake Powell; Egor Dёmin; Ziaire Williams; Nolan Traoré; Danny Wolf; Day'Ron Sharpe
2026-01-09,MIL,LAL,105,101,Ryan Rollins; A.J. Green; Myles Turner; Kyle Kuzma; Bobby Portis; Gary Trent Jr.; Jericho Sims; Kevin Porter Jr.; Giannis Antetokounmpo; Ousmane Dieng,Luka Dončić; Jake LaRavia; LeBron James; Deandre Ayton; Rui Hachimura; Marcus Smart; Austin Reaves; Jaxson Hayes; Jarred Vanderbilt; Luke Kennard
2026-01-09,NOP,WAS,128,107,Trey Murphy III; Saddiq Bey; Jeremiah Fears; Derik Queen; Zion Williamson; Herbert Jones; Yves Missi; Jordan Poole; Micah Peavy; Karlo Matković,Bub Carrington; Will Riley; Bilal Coulibaly; Tre Johnson; Kyshawn George; Justin Champagnie; Alex Sarr; CJ McCollum; Jamir Watkins; Anthony Gill
2026-01-09,NYK,PHX,107,112,Mikal Bridges; Jalen Brunson; Karl-Anthony Towns; OG Anunoby; Josh Hart; Jordan Clarkson; Mitchell Robinson; Landry Shamet; Miles McBride; Tyler Kolek,Collin Gillespie; Royce O'Neale; Devin Booker; Oso Ighodaro; Dillon Brooks; Jordan Goodwin; Grayson Allen; Mark Williams; Ryan Dunn; Jalen Green
2026-01-09,OKC,MEM,117,116,Shai Gilgeous-Alexander; Cason Wallace; Chet Holmgren; Luguentz Dort; Isaiah Joe; Ajay Mitchell; Aaron Wiggins; Jaylin Williams; Isaiah Hartenstein; Alex Caruso,Jaylen Wells; Cam Spencer; Cedric Coward; Jaren Jackson Jr.; Santi Aldama; GG Jackson II; Kentavious Caldwell-Pope; Jock Landale; Olivier-Maxence Prosper; Javon Small
2026-01-09,PHI,ORL,103,91,Tyrese Maxey; VJ Edgecombe; Quentin Grimes; Dominick Barlow; Kelly Oubre Jr.; Adem Bona; Andre Drummond; Joel Embiid; Paul George; Justin Edwards,Desmond Bane; Paolo Banchero; Wendell Carter Jr.; Anthony Black; Tristan Da Silva; Jalen Suggs; Franz Wagner; Goga Bitadze; Noah Penda; Tyus Jones
2026-01-09,SAC,GSW,103,137,DeMar DeRozan; Maxime Raynaud; Nique Clifford; Russell Westbrook; Precious Achiuwa; Malik Monk; Zach LaVine; Dennis Schröder; Dylan Cardwell; Daeqwon Plowden,Brandin Podziemski; Draymond Green; Moses Moody; Gui Santos; Will Richard; Stephen Curry; Pat Spencer; Jimmy Butler; Quinten Post; Gary Payton II
2026-01-09,TOR,BOS,117,125,Scottie Barnes; Brandon Ingram; Immanuel Quickley; Jamal Shead; Sandro Mamukelashvili; RJ Barrett; Ja'Kobe Walter; Collin Murray-Boyles; Jakob Poeltl; Gradey Dick,Derrick White; Payton Pritchard; Jaylen Brown; Sam Hauser; Neemias Queta; Baylor Scheierman; Jordan Walsh; Anfernee Simons; Luka Garza; Hugo González
2026-01-10,CHA,UTA,150,95,Kon Knueppel; Miles Bridges; LaMelo Ball; Brandon Miller; Moussa Diabaté; Sion James; Ryan Kalkbrenner; Collin Sexton; Josh Green; Grant Williams,Ace Bailey; Kyle Filipowski; Keyonte George; Brice Sensabaugh; Cody Williams; Isaiah Collier; Lauri Markkanen; Svi Mykhailiuk; Jusuf Nurkić; Walter Clayton
2026-01-10,DAL,CHI,107,125,Cooper Flagg; Max Christie; Naji Marshall; P.J. Washington; Klay Thompson; Brandon Williams; Daniel Gafford; Ryan Nembhard; Dwight Powell; Caleb Martin,Matas Buzelis; Tre Jones; Josh Giddey; Isaac Okoro; Nikola Vučević; Patrick Williams; Ayo Dosunmu; Jalen Smith; Kevin Huerter; Coby White
2026-01-10,LAC,DET,98,92,Kris Dunn; Kawhi Leonard; John Collins; Brook Lopez; James Harden; Kobe Sanders; Derrick Jones Jr.; Ivica Zubac; Jordan Miller; Nicolas Batum,Cade Cunningham; Duncan Robinson; Jalen Duren; Ausar Thompson; Tobias Harris; Ron Holland; Daniss Jenkins; Javonte Green; Isaiah Stewart; Caris LeVert
2026-01-10,MIA,IND,99,123,Bam Adebayo; Jaime Jaquez Jr.; Andrew Wiggins; Davion Mitchell; Pelle Larsson; Norman Powell; Kel'el Ware; Simone Fontecchio; Dru Smith; Tyler Herro,Pascal Siakam; Jarace Walker; Andrew Nembhard; Jay Huff; Ben Sheppard; Aaron Nesmith; T.J. McConnell; Micah Potter; Quenton Jackson; Bennedict Mathurin
2026-01-10,MIN,CLE,134,146,Julius Randle; Donte DiVincenzo; Rudy Gobert; Jaden McDaniels; Anthony Edwards; Naz Reid; Bones Hyland; Mike Conley; Jaylen Clark; Ayo Dosunmu,Donovan Mitchell; Evan Mobley; Jaylon Tyson; Jarrett Allen; Sam Merrill; Dean Wade; Craig Porter Jr.; De'Andre Hunter; Nae'Qwan Tomlin; James Harden
2026-01-10,SAS,BOS,100,95,Julian Champagnie; De'Aaron Fox; Devin Vassell; Stephon Castle; Harrison Barnes; Keldon Johnson; Victor Wembanyama; Dylan Harper; Luke Kornet; Carter Bryant,Derrick White; Payton Pritchard; Jaylen Brown; Sam Hauser; Neemias Queta; Baylor Scheierman; Jordan Walsh; Anfernee Simons; Luka Garza; Hugo González
2026-01-11,ATL,GSW,124,111,Nickeil Alexander-Walker; Jalen Johnson; Dyson Daniels; Onyeka Okongwu; Zaccharie Risacher; CJ McCollum; Mouhamed Gueye; Vít Krejčí; Luke Kennard; Corey Kispert,Brandin Podziemski; Draymond Green; Moses Moody; Gui Santos; Will Richard; Stephen Curry; Pat Spencer; Jimmy Butler; Quinten Post; Gary Payton II
2026-01-11,BKN,MEM,98,103,Nic Claxton; Noah Clowney; Michael Porter Jr.; Terance Mann; Drake Powell; Egor Dёmin; Ziaire Williams; Nolan Traoré; Danny Wolf; Day'Ron Sharpe,Jaylen Wells; Cam Spencer; Cedric Coward; Jaren Jackson Jr.; Santi Aldama; GG Jackson II; Kentavious Caldwell-Pope; Jock Landale; Olivier-Maxence Prosper; Javon Small
2026-01-11,HOU,SAC,98,111,Amen Thompson; Kevin Durant; Jabari Smith Jr.; Alperen Sengun; Reed Sheppard; Tari Eason; Josh Okogie; Clint Capela; Aaron Holiday; Steven Adams,DeMar DeRozan; Maxime Raynaud; Nique Clifford; Russell Westbrook; Precious Achiuwa; Malik Monk; Zach LaVine; Dennis Schröder; Dylan Cardwell; Daeqwon Plowden
2026-01-11,MIA,OKC,112,124,Bam Adebayo; Jaime Jaquez Jr.; Andrew Wiggins; Davion Mitchell; Pelle Larsson; Norman Powell; Kel'el Ware; Simone Fontecchio; Dru Smith; Tyler Herro,Shai Gilgeous-Alexander; Cason Wallace; Chet Holmgren; Luguentz Dort; Isaiah Joe; Ajay Mitchell; Aaron Wiggins; Jaylin Williams; Isaiah Hartenstein; Alex Caruso
2026-01-11,MIL,DEN,104,108,Ryan Rollins; A.J. Green; Myles Turner; Kyle Kuzma; Bobby Portis; Gary Trent Jr.; Jericho Sims; Kevin Porter Jr.; Giannis Antetokounmpo; Ousmane Dieng,Jamal Murray; Nikola Jokić; Tim Hardaway Jr.; Bruce Brown; Cameron Johnson; Peyton Watson; Spencer Jones; Christian Braun; Aaron Gordon; Jonas Valančiūnas
2026-01-11,NOP,ORL,118,128,Trey Murphy III; Saddiq Bey; Jeremiah Fears; Derik Queen; Zion Williamson; Herbert Jones; Yves Missi; Jordan Poole; Micah Peavy; Karlo Matković,Desmond Bane; Paolo Banchero; Wendell Carter Jr.; Anthony Black; Tristan Da Silva; Jalen Suggs; Franz Wagner; Goga Bitadze; Noah Penda; Tyus Jones
2026-01-11,NYK,POR,123,114,Mikal Bridges; Jalen Brunson; Karl-Anthony Towns; OG Anunoby; Josh Hart; Jordan Clarkson; Mitchell Robinson; Landry Shamet; Miles McBride; Tyler Kolek,Toumani Camara; Deni Avdija; Donovan Clingan; Jerami Grant; Jrue Holiday; Shaedon Sharpe; Sidy Cissoko; Kris Murray; Caleb Love; Robert Williams
2026-01-11,PHI,TOR,115,116,Tyrese Maxey; VJ Edgecombe; Quentin Grimes; Dominick Barlow; Kelly Oubre Jr.; Adem Bona; Andre Drummond; Joel Embiid; Paul George; Justin Edwards,Scottie Barnes; Brandon Ingram; Immanuel Quickley; Jamal Shead; Sandro Mamukelashvili; RJ Barrett; Ja'Kobe Walter; Collin Murray-Boyles; Jakob Poeltl; Gradey Dick
2026-01-11,SAS,MIN,103,104,Julian Champagnie; De'Aaron Fox; Devin Vassell; Stephon Castle; Harrison Barnes; Keldon Johnson; Victor Wembanyama; Dylan Harper; Luke Kornet; Carter Bryant,Julius Randle; Donte DiVincenzo; Rudy Gobert; Jaden McDaniels; Anthony Edwards; Naz Reid; Bones Hyland; Mike Conley; Jaylen Clark; Ayo Dosunmu
2026-01-11,WAS,PHX,93,112,Bub Carrington; Will Riley; Bilal Coulibaly; Tre Johnson; Kyshawn George; Justin Champagnie; Alex Sarr; CJ McCollum; Jamir Watkins; Anthony Gill,Collin Gillespie; Royce O'Neale; Devin Booker; Oso Ighodaro; Dillon Brooks; Jordan Goodwin; Grayson Allen; Mark Williams; Ryan Dunn; Jalen Green
2026-01-12,BKN,DAL,105,113,Nic Claxton; Noah Clowney; Michael Porter Jr.; Terance Mann; Drake Powell; Egor Dёmin; Ziaire Williams; Nolan Traoré; Danny Wolf; Day'Ron Sharpe,Cooper Flagg; Max Christie; Naji Marshall; P.J. Washington; Klay Thompson; Brandon Williams; Daniel Gafford; Ryan Nembhard; Dwight Powell; Caleb Martin
2026-01-12,BOS,IND,96,98,Derrick White; Payton Pritchard; Jaylen Brown; Sam Hauser; Neemias Queta; Baylor Scheierman; Jordan Walsh; Anfernee Simons; Luka Garza; Hugo González,Pascal Siakam; Jarace Walker; Andrew Nembhard; Jay Huff; Ben Sheppard; Aaron Nesmith; T.J. McConnell; Micah Potter; Quenton Jackson; Bennedict Mathurin
2026-01-12,CHA,LAC,109,117,Kon Knueppel; Miles Bridges; LaMelo Ball; Brandon Miller; Moussa Diabaté; Sion James; Ryan Kalkbrenner; Collin Sexton; Josh Green; Grant Williams,Kris Dunn; Kawhi Leonard; John Collins; Brook Lopez; James Harden; Kobe Sanders; Derrick Jones Jr.; Ivica Zubac; Jordan Miller; Nicolas Batum
2026-01-12,LAL,SAC,112,124,Luka Dončić; Jake LaRavia; LeBron James; Deandre Ayton; Rui Hachimura; Marcus Smart; Austin Reaves; Jaxson Hayes; Jarred Vanderbilt; Luke Kennard,DeMar DeRozan; Maxime Raynaud; Nique Clifford; Russell Westbrook; Precious Achiuwa; Malik Monk; Zach LaVine; Dennis Schröder; Dylan Cardwell; Daeqwon Plowden
2026-01-12,PHI,TOR,115,102,Tyrese Maxey; VJ Edgecombe; Quentin Grimes; Dominick Barlow; Kelly Oubre Jr.; Adem Bona; Andre Drummond; Joel Embiid; Paul George; Justin Edwards,Scottie Barnes; Brandon Ingram; Immanuel Quickley; Jamal Shead; Sandro Mamukelashvili; RJ Barrett; Ja'Kobe Walter; Collin Murray-Boyles; Jakob Poeltl; Gradey Dick
2026-01-12,UTA,CLE,123,112,Ace Bailey; Kyle Filipowski; Keyonte George; Brice Sensabaugh; Cody Williams; Isaiah Collier; Lauri Markkanen; Svi Mykhailiuk; Jusuf Nurkić; Walter Clayton,Donovan Mitchell; Evan Mobley; Jaylon Tyson; Jarrett Allen; Sam Merrill; Dean Wade; Craig Porter Jr.; De'Andre Hunter; Nae'Qwan Tomlin; James Harden
2026-01-13,ATL,LAL,116,141,Nickeil Alexander-Walker; Jalen Johnson; Dyson Daniels; Onyeka Okongwu; Zaccharie Risacher; CJ McCollum; Mouhamed Gueye; Vít Krejčí; Luke Kennard; Corey Kispert,Luka Dončić; Jake LaRavia; LeBron James; Deandre Ayton; Rui Hachimura; Marcus Smart; Austin Reaves; Jaxson Hayes; Jarred Vanderbilt; Luke Kennard
2026-01-13,CHI,HOU,113,119,Matas Buzelis; Tre Jones; Josh Giddey; Isaac Okoro; Nikola Vučević; Patrick Williams; Ayo Dosunmu; Jalen Smith; Kevin Huerter; Coby White,Amen Thompson; Kevin Durant; Jabari Smith Jr.; Alperen Sengun; Reed Sheppard; Tari Eason; Josh Okogie; Clint Capela; Aaron Holiday; Steven Adams
2026-01-13,DEN,NOP,122,116,Jamal Murray; Nikola Jokić; Tim Hardaway Jr.; Bruce Brown; Cameron Johnson; Peyton Watson; Spencer Jones; Christian Braun; Aaron Gordon; Jonas Valančiūnas,Trey Murphy III; Saddiq Bey; Jeremiah Fears; Derik Queen; Zion Williamson; Herbert Jones; Yves Missi; Jordan Poole; Micah Peavy; Karlo Matković
2026-01-13,MIN,MIL,139,106,Julius Randle; Donte DiVincenzo; Rudy Gobert; Jaden McDaniels; Anthony Edwards; Naz Reid; Bones Hyland; Mike Conley; Jaylen Clark; Ayo Dosunmu,Ryan Rollins; A.J. Green; Myles Turner; Kyle Kuzma; Bobby Portis; Gary Trent Jr.; Jericho Sims; Kevin Porter Jr.; Giannis Antetokounmpo; Ousmane Dieng
2026-01-13,PHX,MIA,121,127,Collin Gillespie; Royce O'Neale; Devin Booker; Oso Ighodaro; Dillon Brooks; Jordan Goodwin; Grayson Allen; Mark Williams; Ryan Dunn; Jalen Green,Bam Adebayo; Jaime Jaquez Jr.; Andrew Wiggins; Davion Mitchell; Pelle Larsson; Norman Powell; Kel'el Ware; Simone Fontecchio; Dru Smith; Tyler Herro
2026-01-13,POR,GSW,97,119,Toumani Camara; Deni Avdija; Donovan Clingan; Jerami Grant; Jrue Holiday; Shaedon Sharpe; Sidy Cissoko; Kris Murray; Caleb Love; Robert Williams,Brandin Podziemski; Draymond Green; Moses Moody; Gui Santos; Will Richard; Stephen Curry; Pat Spencer; Jimmy Butler; Quinten Post; Gary Payton II
2026-01-13,SAS,OKC,98,119,Julian Champagnie; De'Aaron Fox; Devin Vassell; Stephon Castle; Harrison Barnes; Keldon Johnson; Victor Wembanyama; Dylan Harper; Luke Kornet; Carter Bryant,Shai Gilgeous-Alexander; Cason Wallace; Chet Holmgren; Luguentz Dort; Isaiah Joe; Ajay Mitchell; Aaron Wiggins; Jaylin Williams; Isaiah Hartenstein; Alex Caruso
2026-01-14,BKN,NOP,113,116,Nic Claxton; Noah Clowney; Michael Porter Jr.; Terance Mann; Drake Powell; Egor Dёmin; Ziaire Williams; Nolan Traoré; Danny Wolf; Day'Ron Sharpe,Trey Murphy III; Saddiq Bey; Jeremiah Fears; Derik Queen; Zion Williamson; Herbert Jones; Yves Missi; Jordan Poole; Micah Peavy; Karlo Matković
2026-01-14,CLE,PHI,133,107,Donovan Mitchell; Evan Mobley; Jaylon Tyson; Jarrett Allen; Sam Merrill; Dean Wade; Craig Porter Jr.; De'Andre Hunter; Nae'Qwan Tomlin; James Harden,Tyrese Maxey; VJ Edgecombe; Quentin Grimes; Dominick Barlow; Kelly Oubre Jr.; Adem Bona; Andre Drummond; Joel Embiid; Paul George; Justin Edwards
2026-01-14,DEN,DAL,118,109,Jamal Murray; Nikola Jokić; Tim Hardaway Jr.; Bruce Brown; Cameron Johnson; Peyton Watson; Spencer Jones; Christian Braun; Aaron Gordon; Jonas Valančiūnas,Cooper Flagg; Max Christie; Naji Marshall; P.J. Washington; Klay Thompson; Brandon Williams; Daniel Gafford; Ryan Nembhard; Dwight Powell; Caleb Martin
2026-01-14,NYK,SAC,101,112,Mikal Bridges; Jalen Brunson; Karl-Anthony Towns; OG Anunoby; Josh Hart; Jordan Clarkson; Mitchell Robinson; Landry Shamet; Miles McBride; Tyler Kolek,DeMar DeRozan; Maxime Raynaud; Nique Clifford; Russell Westbrook; Precious Achiuwa; Malik Monk; Zach LaVine; Dennis Schröder; Dylan Cardwell; Daeqwon Plowden
2026-01-14,TOR,IND,115,101,Scottie Barnes; Brandon Ingram; Immanuel Quickley; Jamal Shead; Sandro Mamukelashvili; RJ Barrett; Ja'Kobe Walter; Collin Murray-Boyles; Jakob Poeltl; Gradey Dick,Pascal Siakam; Jarace Walker; Andrew Nembhard; Jay Huff; Ben Sheppard; Aaron Nesmith; T.J. McConnell; Micah Potter; Quenton Jackson; Bennedict Mathurin
2026-01-14,UTA,CHI,126,128,Ace Bailey; Kyle Filipowski; Keyonte George; Brice Sensabaugh; Cody Williams; Isaiah Collier; Lauri Markkanen; Svi Mykhailiuk; Jusuf Nurkić; Walter Clayton,Matas Buzelis; Tre Jones; Josh Giddey; Isaac Okoro; Nikola Vučević; Patrick Williams; Ayo Dosunmu; Jalen Smith; Kevin Huerter; Coby White
2026-01-14,WAS,LAC,105,119,Bub Carrington; Will Riley; Bilal Coulibaly; Tre Johnson; Kyshawn George; Justin Champagnie; Alex Sarr; CJ McCollum; Jamir Watkins; Anthony Gill,Kris Dunn; Kawhi Leonard; John Collins; Brook Lopez; James Harden; Kobe Sanders; Derrick Jones Jr.; Ivica Zubac; Jordan Miller; Nicolas Batum
2026-01-15,ATL,POR,101,117,Nickeil Alexander-Walker; Jalen Johnson; Dyson Daniels; Onyeka Okongwu; Zaccharie Risacher; CJ McCollum; Mouhamed Gueye; Vít Krejčí; Luke Kennard; Corey Kispert,Toumani Camara; Deni Avdija; Donovan Clingan; Jerami Grant; Jrue Holiday; Shaedon Sharpe; Sidy Cissoko; Kris Murray; Caleb Love; Robert Williams
2026-01-15,BOS,MIA,119,114,Derrick White; Payton Pritchard; Jaylen Brown; Sam Hauser; Neemias Queta; Baylor Scheierman; Jordan Walsh; Anfernee Simons; Luka Garza; Hugo González,Bam Adebayo; Jaime Jaquez Jr.; Andrew Wiggins; Davion Mitchell; Pelle Larsson; Norman Powell; Kel'el Ware; Simone Fontecchio; Dru Smith; Tyler Herro
2026-01-15,CHA,LAL,135,117,Kon Knueppel; Miles Bridges; LaMelo Ball; Brandon Miller; Moussa Diabaté; Sion James; Ryan Kalkbrenner; Collin Sexton; Josh Green; Grant Williams,Luka Dončić; Jake LaRavia; LeBron James; Deandre Ayton; Rui Hachimura; Marcus Smart; Austin Reaves; Jaxson Hayes; Jarred Vanderbilt; Luke Kennard
2026-01-15,MEM,ORL,111,118,Jaylen Wells; Cam Spencer; Cedric Coward; Jaren Jackson Jr.; Santi Aldama; GG Jackson II; Kentavious Caldwell-Pope; Jock Landale; Olivier-Maxence Prosper; Javon Small,Desmond Bane; Paolo Banchero; Wendell Carter Jr.; Anthony Black; Tristan Da Silva; Jalen Suggs; Franz Wagner; Goga Bitadze; Noah Penda; Tyus Jones
2026-01-15,MIL,SAS,101,119,Ryan Rollins; A.J. Green; Myles Turner; Kyle Kuzma; Bobby Portis; Gary Trent Jr.; Jericho Sims; Kevin Porter Jr.; Giannis Antetokounmpo; Ousmane Dieng,Julian Champagnie; De'Aaron Fox; Devin Vassell; Stephon Castle; Harrison Barnes; Keldon Johnson; Victor Wembanyama; Dylan Harper; Luke Kornet; Carter Bryant
2026-01-15,NYK,GSW,113,126,Mikal Bridges; Jalen Brunson; Karl-Anthony Towns; OG Anunoby; Josh Hart; Jordan Clarkson; Mitchell Robinson; Landry Shamet; Miles McBride; Tyler Kolek,Brandin Podziemski; Draymond Green; Moses Moody; Gui Santos; Will Richard; Stephen Curry; Pat Spencer; Jimmy Butler; Quinten Post; Gary Payton II
2026-01-15,OKC,HOU,111,91,Shai Gilgeous-Alexander; Cason Wallace; Chet Holmgren; Luguentz Dort; Isaiah Joe; Ajay Mitchell; Aaron Wiggins; Jaylin Williams; Isaiah Hartenstein; Alex Caruso,Amen Thompson; Kevin Durant; Jabari Smith Jr.; Alperen Sengun; Reed Sheppard; Tari Eason; Josh Okogie; Clint Capela; Aaron Holiday; Steven Adams
2026-01-15,PHX,DET,105,108,Collin Gillespie; Royce O'Neale; Devin Booker; Oso Ighodaro; Dillon Brooks; Jordan Goodwin; Grayson Allen; Mark Williams; Ryan Dunn; Jalen Green,Cade Cunningham; Duncan Robinson; Jalen Duren; Ausar Thompson; Tobias Harris; Ron Holland; Daniss Jenkins; Javonte Green; Isaiah Stewart; Caris LeVert
2026-01-15,UTA,DAL,122,144,Ace Bailey; Kyle Filipowski; Keyonte George; Brice Sensabaugh; Cody Williams; Isaiah Collier; Lauri Markkanen; Svi Mykhailiuk; Jusuf Nurkić; Walter Clayton,Cooper Flagg; Max Christie; Naji Marshall; P.J. Washington; Klay Thompson; Brandon Williams; Daniel Gafford; Ryan Nembhard; Dwight Powell; Caleb Martin
2026-01-16,CHI,BKN,109,112,Matas Buzelis; Tre Jones; Josh Giddey; Isaac Okoro; Nikola Vučević; Patrick Williams; Ayo Dosunmu; Jalen Smith; Kevin Huerter; Coby White,Nic Claxton; Noah Clowney; Michael Porter Jr.; Terance Mann; Drake Powell; Egor Dёmin; Ziaire Williams; Nolan Traoré; Danny Wolf; Day'Ron Sharpe
2026-01-16,CLE,PHI,117,115,Donovan Mitchell; Evan Mobley; Jaylon Tyson; Jarrett Allen; Sam Merrill; Dean Wade; Craig Porter Jr.; De'Andre Hunter; Nae'Qwan Tomlin; James Harden,Tyrese Maxey; VJ Edgecombe; Quentin Grimes; Dominick Barlow; Kelly Oubre Jr.; Adem Bona; Andre Drummond; Joel Embiid; Paul George; Justin Edwards
2026-01-16,LAC,TOR,121,117,Kris Dunn; Kawhi Leonard; John Collins; Brook Lopez; James Harden; Kobe Sanders; Derrick Jones Jr.; Ivica Zubac; Jordan Miller; Nicolas Batum,Scottie Barnes; Brandon Ingram; Immanuel Quickley; Jamal Shead; Sandro Mamukelashvili; RJ Barrett; Ja'Kobe Walter; Collin Murray-Boyles; Jakob Poeltl; Gradey Dick
2026-01-16,MIN,HOU,105,110,Julius Randle; Donte DiVincenzo; Rudy Gobert; Jaden McDaniels; Anthony Edwards; Naz Reid; Bones Hyland; Mike Conley; Jaylen Clark; Ayo Dosunmu,Amen Thompson; Kevin Durant; Jabari Smith Jr.; Alperen Sengun; Reed Sheppard; Tari Eason; Josh Okogie; Clint Capela; Aaron Holiday; Steven Adams
2026-01-16,NOP,IND,119,127,Trey Murphy III; Saddiq Bey; Jeremiah Fears; Derik Queen; Zion Williamson; Herbert Jones; Yves Missi; Jordan Poole; Micah Peavy; Karlo Matković,Pascal Siakam; Jarace Walker; Andrew Nembhard; Jay Huff; Ben Sheppard; Aaron Nesmith; T.J. McConnell; Micah Potter; Quenton Jackson; Bennedict Mathurin
2026-01-16,WAS,SAC,115,128,Bub Carrington; Will Riley; Bilal Coulibaly; Tre Johnson; Kyshawn George; Justin Champagnie; Alex Sarr; CJ McCollum; Jamir Watkins; Anthony Gill,DeMar DeRozan; Maxime Raynaud; Nique Clifford; Russell Westbrook; Precious Achiuwa; Malik Monk; Zach LaVine; Dennis Schröder; Dylan Cardwell; Daeqwon Plowden
2026-01-17,BOS,ATL,132,106,Derrick White; Payton Pritchard; Jaylen Brown; Sam Hauser; Neemias Queta; Baylor Scheierman; Jordan Walsh; Anfernee Simons; Luka Garza; Hugo González,Nickeil Alexander-Walker; Jalen Johnson; Dyson Daniels; Onyeka Okongwu; Zaccharie Risacher; CJ McCollum; Mouhamed Gueye; Vít Krejčí; Luke Kennard; Corey Kispert
2026-01-17,CHA,GSW,116,136,Kon Knueppel; Miles Bridges; LaMelo Ball; Brandon Miller; Moussa Diabaté; Sion James; Ryan Kalkbrenner; Collin Sexton; Josh Green; Grant Williams,Brandin Podziemski; Draymond Green; Moses Moody; Gui Santos; Will Richard; Stephen Curry; Pat Spencer; Jimmy Butler; Quinten Post; Gary Payton II
2026-01-17,IND,DET,78,121,Pascal Siakam; Jarace Walker; Andrew Nembhard; Jay Huff; Ben Sheppard; Aaron Nesmith; T.J. McConnell; Micah Potter; Quenton Jackson; Bennedict Mathurin,Cade Cunningham; Duncan Robinson; Jalen Duren; Ausar Thompson; Tobias Harris; Ron Holland; Daniss Jenkins; Javonte Green; Isaiah Stewart; Caris LeVert
2026-01-17,LAL,POR,116,132,Luka Dončić; Jake LaRavia; LeBron James; Deandre Ayton; Rui Hachimura; Marcus Smart; Austin Reaves; Jaxson Hayes; Jarred Vanderbilt; Luke Kennard,Toumani Camara; Deni Avdija; Donovan Clingan; Jerami Grant; Jrue Holiday; Shaedon Sharpe; Sidy Cissoko; Kris Murray; Caleb Love; Robert Williams
2026-01-17,MIN,SAS,123,126,Julius Randle; Donte DiVincenzo; Rudy Gobert; Jaden McDaniels; Anthony Edwards; Naz Reid; Bones Hyland; Mike Conley; Jaylen Clark; Ayo Dosunmu,Julian Champagnie; De'Aaron Fox; Devin Vassell; Stephon Castle; Harrison Barnes; Keldon Johnson; Victor Wembanyama; Dylan Harper; Luke Kornet; Carter Bryant
2026-01-17,OKC,MIA,120,122,Shai Gilgeous-Alexander; Cason Wallace; Chet Holmgren; Luguentz Dort; Isaiah Joe; Ajay Mitchell; Aaron Wiggins; Jaylin Williams; Isaiah Hartenstein; Alex Caruso,Bam Adebayo; Jaime Jaquez Jr.; Andrew Wiggins; Davion Mitchell; Pelle Larsson; Norman Powell; Kel'el Ware; Simone Fontecchio; Dru Smith; Tyler Herro
2026-01-17,PHX,NYK,106,99,Collin Gillespie; Royce O'Neale; Devin Booker; Oso Ighodaro; Dillon Brooks; Jordan Goodwin; Grayson Allen; Mark Williams; Ryan Dunn; Jalen Green,Mikal Bridges; Jalen Brunson; Karl-Anthony Towns; OG Anunoby; Josh Hart; Jordan Clarkson; Mitchell Robinson; Landry Shamet; Miles McBride; Tyler Kolek
2026-01-17,UTA,DAL,120,138,Ace Bailey; Kyle Filipowski; Keyonte George; Brice Sensabaugh; Cody Williams; Isaiah Collier; Lauri Markkanen; Svi Mykhailiuk; Jusuf Nurkić; Walter Clayton,Cooper Flagg; Max Christie; Naji Marshall; P.J. Washington; Klay Thompson; Brandon Williams; Daniel Gafford; Ryan Nembhard; Dwight Powell; Caleb Martin
2026-01-17,WAS,DEN,115,121,Bub Carrington; Will Riley; Bilal Coulibaly; Tre Johnson; Kyshawn George; Justin Champagnie; Alex Sarr; CJ McCollum; Jamir Watkins; Anthony Gill,Jamal Murray; Nikola Jokić; Tim Hardaway Jr.; Bruce Brown; Cameron Johnson; Peyton Watson; Spencer Jones; Christian Braun; Aaron Gordon; Jonas Valančiūnas
2026-01-18,BKN,CHI,102,124,Nic Claxton; Noah Clowney; Michael Porter Jr.; Terance Mann; Drake Powell; Egor Dёmin; Ziaire Williams; Nolan Traoré; Danny Wolf; Day'Ron Sharpe,Matas Buzelis; Tre Jones; Josh Giddey; Isaac Okoro; Nikola Vučević; Patrick Williams; Ayo Dosunmu; Jalen Smith; Kevin Huerter; Coby White
2026-01-18,CHA,DEN,110,87,Kon Knueppel; Miles Bridges; LaMelo Ball; Brandon Miller; Moussa Diabaté; Sion James; Ryan Kalkbrenner; Collin Sexton; Josh Green; Grant Williams,Jamal Murray; Nikola Jokić; Tim Hardaway Jr.; Bruce Brown; Cameron Johnson; Peyton Watson; Spencer Jones; Christian Braun; Aaron Gordon; Jonas Valančiūnas
2026-01-18,NOP,HOU,110,119,Trey Murphy III; Saddiq Bey; Jeremiah Fears; Derik Queen; Zion Williamson; Herbert Jones; Yves Missi; Jordan Poole; Micah Peavy; Karlo Matković,Amen Thompson; Kevin Durant; Jabari Smith Jr.; Alperen Sengun; Reed Sheppard; Tari Eason; Josh Okogie; Clint Capela; Aaron Holiday; Steven Adams
2026-01-18,ORL,MEM,109,126,Desmond Bane; Paolo Banchero; Wendell Carter Jr.; Anthony Black; Tristan Da Silva; Jalen Suggs; Franz Wagner; Goga Bitadze; Noah Penda; Tyus Jones,Jaylen Wells; Cam Spencer; Cedric Coward; Jaren Jackson Jr.; Santi Aldama; GG Jackson II; Kentavious Caldwell-Pope; Jock Landale; Olivier-Maxence Prosper; Javon Small
2026-01-18,POR,SAC,117,110,Toumani Camara; Deni Avdija; Donovan Clingan; Jerami Grant; Jrue Holiday; Shaedon Sharpe; Sidy Cissoko; Kris Murray; Caleb Love; Robert Williams,DeMar DeRozan; Maxime Raynaud; Nique Clifford; Russell Westbrook; Precious Achiuwa; Malik Monk; Zach LaVine; Dennis Schröder; Dylan Cardwell; Daeqwon Plowden
2026-01-18,TOR,LAL,93,110,Scottie Barnes; Brandon Ingram; Immanuel Quickley; Jamal Shead; Sandro Mamukelashvili; RJ Barrett; Ja'Kobe Walter; Collin Murray-Boyles; Jakob Poeltl; Gradey Dick,Luka Dončić; Jake LaRavia; LeBron James; Deandre Ayton; Rui Hachimura; Marcus Smart; Austin Reaves; Jaxson Hayes; Jarred Vanderbilt; Luke Kennard
2026-01-19,BOS,DET,103,104,Derrick White; Payton Pritchard; Jaylen Brown; Sam Hauser; Neemias Queta; Baylor Scheierman; Jordan Walsh; Anfernee Simons; Luka Garza; Hugo González,Cade Cunningham; Duncan Robinson; Jalen Duren; Ausar Thompson; Tobias Harris; Ron Holland; Daniss Jenkins; Javonte Green; Isaiah Stewart; Caris LeVert
2026-01-19,DAL,NYK,114,97,Cooper Flagg; Max Christie; Naji Marshall; P.J. Washington; Klay Thompson; Brandon Williams; Daniel Gafford; Ryan Nembhard; Dwight Powell; Caleb Martin,Mikal Bridges; Jalen Brunson; Karl-Anthony Towns; OG Anunoby; Josh Hart; Jordan Clarkson; Mitchell Robinson; Landry Shamet; Miles McBride; Tyler Kolek
2026-01-19,IND,PHI,104,113,Pascal Siakam; Jarace Walker; Andrew Nembhard; Jay Huff; Ben Sheppard; Aaron Nesmith; T.J. McConnell; Micah Potter; Quenton Jackson; Bennedict Mathurin,Tyrese Maxey; VJ Edgecombe; Quentin Grimes; Dominick Barlow; Kelly Oubre Jr.; Adem Bona; Andre Drummond; Joel Embiid; Paul George; Justin Edwards
2026-01-19,LAC,WAS,110,106,Kris Dunn; Kawhi Leonard; John Collins; Brook Lopez; James Harden; Kobe Sanders; Derrick Jones Jr.; Ivica Zubac; Jordan Miller; Nicolas Batum,Bub Carrington; Will Riley; Bilal Coulibaly; Tre Johnson; Kyshawn George; Justin Champagnie; Alex Sarr; CJ McCollum; Jamir Watkins; Anthony Gill
2026-01-19,MIA,GSW,112,135,Bam Adebayo; Jaime Jaquez Jr.; Andrew Wiggins; Davion Mitchell; Pelle Larsson; Norman Powell; Kel'el Ware; Simone Fontecchio; Dru Smith; Tyler Herro,Brandin Podziemski; Draymond Green; Moses Moody; Gui Santos; Will Richard; Stephen Curry; Pat Spencer; Jimmy Butler; Quinten Post; Gary Payton II
2026-01-19,MIL,ATL,112,110,Ryan Rollins; A.J. Green; Myles Turner; Kyle Kuzma; Bobby Portis; Gary Trent Jr.; Jericho Sims; Kevin Porter Jr.; Giannis Antetokounmpo; Ousmane Dieng,Nickeil Alexander-Walker; Jalen Johnson; Dyson Daniels; Onyeka Okongwu; Zaccharie Risacher; CJ McCollum; Mouhamed Gueye; Vít Krejčí; Luke Kennard; Corey Kispert
2026-01-19,OKC,CLE,136,104,Shai Gilgeous-Alexander; Cason Wallace; Chet Holmgren; Luguentz Dort; Isaiah Joe; Ajay Mitchell; Aaron Wiggins; Jaylin Williams; Isaiah Hartenstein; Alex Caruso,Donovan Mitchell; Evan Mobley; Jaylon Tyson; Jarrett Allen; Sam Merrill; Dean Wade; Craig Porter Jr.; De'Andre Hunter; Nae'Qwan Tomlin; James Harden
2026-01-19,PHX,BKN,126,117,Collin Gillespie; Royce O'Neale; Devin Booker; Oso Ighodaro; Dillon Brooks; Jordan Goodwin; Grayson Allen; Mark Williams; Ryan Dunn; Jalen Green,Nic Claxton; Noah Clowney; Michael Porter Jr.; Terance Mann; Drake Powell; Egor Dёmin; Ziaire Williams; Nolan Traoré; Danny Wolf; Day'Ron Sharpe
2026-01-19,UTA,SAS,110,123,Ace Bailey; Kyle Filipowski; Keyonte George; Brice Sensabaugh; Cody Williams; Isaiah Collier; Lauri Markkanen; Svi Mykhailiuk; Jusuf Nurkić; Walter Clayton,Julian Champagnie; De'Aaron Fox; Devin Vassell; Stephon Castle; Harrison Barnes; Keldon Johnson; Victor Wembanyama; Dylan Harper; Luke Kornet; Carter Bryant
2026-01-20,LAC,CHI,110,138,Kris Dunn; Kawhi Leonard; John Collins; Brook Lopez; James Harden; Kobe Sanders; Derrick Jones Jr.; Ivica Zubac; Jordan Miller; Nicolas Batum,Matas Buzelis; Tre Jones; Josh Giddey; Isaac Okoro; Nikola Vučević; Patrick Williams; Ayo Dosunmu; Jalen Smith; Kevin Huerter; Coby White
2026-01-20,LAL,DEN,115,107,Luka Dončić; Jake LaRavia; LeBron James; Deandre Ayton; Rui Hachimura; Marcus Smart; Austin Reaves; Jaxson Hayes; Jarred Vanderbilt; Luke Kennard,Jamal Murray; Nikola Jokić; Tim Hardaway Jr.; Bruce Brown; Cameron Johnson; Peyton Watson; Spencer Jones; Christian Braun; Aaron Gordon; Jonas Valančiūnas
2026-01-20,MIA,SAC,130,117,Bam Adebayo; Jaime Jaquez Jr.; Andrew Wiggins; Davion Mitchell; Pelle Larsson; Norman Powell; Kel'el Ware; Simone Fontecchio; Dru Smith; Tyler Herro,DeMar DeRozan; Maxime Raynaud; Nique Clifford; Russell Westbrook; Precious Achiuwa; Malik Monk; Zach LaVine; Dennis Schröder; Dylan Cardwell; Daeqwon Plowden
2026-01-20,MIN,UTA,122,127,Julius Randle; Donte DiVincenzo; Rudy Gobert; Jaden McDaniels; Anthony Edwards; Naz Reid; Bones Hyland; Mike Conley; Jaylen Clark; Ayo Dosunmu,Ace Bailey; Kyle Filipowski; Keyonte George; Brice Sensabaugh; Cody Williams; Isaiah Collier; Lauri Markkanen; Svi Mykhailiuk; Jusuf Nurkić; Walter Clayton
2026-01-20,PHX,PHI,116,110,Collin Gillespie; Royce O'Neale; Devin Booker; Oso Ighodaro; Dillon Brooks; Jordan Goodwin; Grayson Allen; Mark Williams; Ryan Dunn; Jalen Green,Tyrese Maxey; VJ Edgecombe; Quentin Grimes; Dominick Barlow; Kelly Oubre Jr.; Adem Bona; Andre Drummond; Joel Embiid; Paul George; Justin Edwards
2026-01-20,SAS,HOU,106,111,Julian Champagnie; De'Aaron Fox; Devin Vassell; Stephon Castle; Harrison Barnes; Keldon Johnson; Victor Wembanyama; Dylan Harper; Luke Kornet; Carter Bryant,Amen Thompson; Kevin Durant; Jabari Smith Jr.; Alperen Sengun; Reed Sheppard; Tari Eason; Josh Okogie; Clint Capela; Aaron Holiday; Steven Adams
2026-01-20,TOR,GSW,145,127,Scottie Barnes; Brandon Ingram; Immanuel Quickley; Jamal Shead; Sandro Mamukelashvili; RJ Barrett; Ja'Kobe Walter; Collin Murray-Boyles; Jakob Poeltl; Gradey Dick,Brandin Podziemski; Draymond Green; Moses Moody; Gui Santos; Will Richard; Stephen Curry; Pat Spencer; Jimmy Butler; Quinten Post; Gary Payton II
2026-01-21,ATL,MEM,124,122,Nickeil Alexander-Walker; Jalen Johnson; Dyson Daniels; Onyeka Okongwu; Zaccharie Risacher; CJ McCollum; Mouhamed Gueye; Vít Krejčí; Luke Kennard; Corey Kispert,Jaylen Wells; Cam Spencer; Cedric Coward; Jaren Jackson Jr.; Santi Aldama; GG Jackson II; Kentavious Caldwell-Pope; Jock Landale; Olivier-Maxence Prosper; Javon Small
2026-01-21,BKN,NYK,66,120,Nic Claxton; Noah Clowney; Michael Porter Jr.; Terance Mann; Drake Powell; Egor Dёmin; Ziaire Williams; Nolan Traoré; Danny Wolf; Day'Ron Sharpe,Mikal Bridges; Jalen Brunson; Karl-Anthony Towns; OG Anunoby; Josh Hart; Jordan Clarkson; Mitchell Robinson; Landry Shamet; Miles McBride; Tyler Kolek
2026-01-21,CLE,CHA,94,87,Donovan Mitchell; Evan Mobley; Jaylon Tyson; Jarrett Allen; Sam Merrill; Dean Wade; Craig Porter Jr.; De'Andre Hunter; Nae'Qwan Tomlin; James Harden,Kon Knueppel; Miles Bridges; LaMelo Ball; Brandon Miller; Moussa Diabaté; Sion James; Ryan Kalkbrenner; Collin Sexton; Josh Green; Grant Williams
2026-01-21,DET,NOP,112,104,Cade Cunningham; Duncan Robinson; Jalen Duren; Ausar Thompson; Tobias Harris; Ron Holland; Daniss Jenkins; Javonte Green; Isaiah Stewart; Caris LeVert,Trey Murphy III; Saddiq Bey; Jeremiah Fears; Derik Queen; Zion Williamson; Herbert Jones; Yves Missi; Jordan Poole; Micah Peavy; Karlo Matković
2026-01-21,IND,BOS,104,119,Pascal Siakam; Jarace Walker; Andrew Nembhard; Jay Huff; Ben Sheppard; Aaron Nesmith; T.J. McConnell; Micah Potter; Quenton Jackson; Bennedict Mathurin,Derrick White; Payton Pritchard; Jaylen Brown; Sam Hauser; Neemias Queta; Baylor Scheierman; Jordan Walsh; Anfernee Simons; Luka Garza; Hugo González
2026-01-21,OKC,MIL,122,102,Shai Gilgeous-Alexander; Cason Wallace; Chet Holmgren; Luguentz Dort; Isaiah Joe; Ajay Mitchell; Aaron Wiggins; Jaylin Williams; Isaiah Hartenstein; Alex Caruso,Ryan Rollins; A.J. Green; Myles Turner; Kyle Kuzma; Bobby Portis; Gary Trent Jr.; Jericho Sims; Kevin Porter Jr.; Giannis Antetokounmpo; Ousmane Dieng
2026-01-21,TOR,SAC,122,109,Scottie Barnes; Brandon Ingram; Immanuel Quickley; Jamal Shead; Sandro Mamukelashvili; RJ Barrett; Ja'Kobe Walter; Collin Murray-Boyles; Jakob Poeltl; Gradey Dick,DeMar DeRozan; Maxime Raynaud; Nique Clifford; Russell Westbrook; Precious Achiuwa; Malik Monk; Zach LaVine; Dennis Schröder; Dylan Cardwell; Daeqwon Plowden
2026-01-22,CHA,ORL,124,97,Kon Knueppel; Miles Bridges; LaMelo Ball; Brandon Miller; Moussa Diabaté; Sion James; Ryan Kalkbrenner; Collin Sexton; Josh Green; Grant Williams,Desmond Bane; Paolo Banchero; Wendell Carter Jr.; Anthony Black; Tristan Da Silva; Jalen Suggs; Franz Wagner; Goga Bitadze; Noah Penda; Tyus Jones
2026-01-22,CHI,MIN,120,115,Matas Buzelis; Tre Jones; Josh Giddey; Isaac Okoro; Nikola Vučević; Patrick Williams; Ayo Dosunmu; Jalen Smith; Kevin Huerter; Coby White,Julius Randle; Donte DiVincenzo; Rudy Gobert; Jaden McDaniels; Anthony Edwards; Naz Reid; Bones Hyland; Mike Conley; Jaylen Clark; Ayo Dosunmu
2026-01-22,DEN,WAS,107,97,Jamal Murray; Nikola Jokić; Tim Hardaway Jr.; Bruce Brown; Cameron Johnson; Peyton Watson; Spencer Jones; Christian Braun; Aaron Gordon; Jonas Valančiūnas,Bub Carrington; Will Riley; Bilal Coulibaly; Tre Johnson; Kyshawn George; Justin Champagnie; Alex Sarr; CJ McCollum; Jamir Watkins; Anthony Gill
2026-01-22,GSW,DAL,115,123,Brandin Podziemski; Draymond Green; Moses Moody; Gui Santos; Will Richard; Stephen Curry; Pat Spencer; Jimmy Butler; Quinten Post; Gary Payton II,Cooper Flagg; Max Christie; Naji Marshall; P.J. Washington; Klay Thompson; Brandon Williams; Daniel Gafford; Ryan Nembhard; Dwight Powell; Caleb Martin
2026-01-22,HOU,PHI,122,128,Amen Thompson; Kevin Durant; Jabari Smith Jr.; Alperen Sengun; Reed Sheppard; Tari Eason; Josh Okogie; Clint Capela; Aaron Holiday; Steven Adams,Tyrese Maxey; VJ Edgecombe; Quentin Grimes; Dominick Barlow; Kelly Oubre Jr.; Adem Bona; Andre Drummond; Joel Embiid; Paul George; Justin Edwards
2026-01-22,LAL,LAC,104,112,Luka Dončić; Jake LaRavia; LeBron James; Deandre Ayton; Rui Hachimura; Marcus Smart; Austin Reaves; Jaxson Hayes; Jarred Vanderbilt; Luke Kennard,Kris Dunn; Kawhi Leonard; John Collins; Brook Lopez; James Harden; Kobe Sanders; Derrick Jones Jr.; Ivica Zubac; Jordan Miller; Nicolas Batum
2026-01-22,MIA,POR,110,127,Bam Adebayo; Jaime Jaquez Jr.; Andrew Wiggins; Davion Mitchell; Pelle Larsson; Norman Powell; Kel'el Ware; Simone Fontecchio; Dru Smith; Tyler Herro,Toumani Camara; Deni Avdija; Donovan Clingan; Jerami Grant; Jrue Holiday; Shaedon Sharpe; Sidy Cissoko; Kris Murray; Caleb Love; Robert Williams
2026-01-22,SAS,UTA,126,109,Julian Champagnie; De'Aaron Fox; Devin Vassell; Stephon Castle; Harrison Barnes; Keldon Johnson; Victor Wembanyama; Dylan Harper; Luke Kornet; Carter Bryant,Ace Bailey; Kyle Filipowski; Keyonte George; Brice Sensabaugh; Cody Williams; Isaiah Collier; Lauri Markkanen; Svi Mykhailiuk; Jusuf Nurkić; Walter Clayton
2026-01-23,BOS,BKN,130,126,Derrick White; Payton Pritchard; Jaylen Brown; Sam Hauser; Neemias Queta; Baylor Scheierman; Jordan Walsh; Anfernee Simons; Luka Garza; Hugo González,Nic Claxton; Noah Clowney; Michael Porter Jr.; Terance Mann; Drake Powell; Egor Dёmin; Ziaire Williams; Nolan Traoré; Danny Wolf; Day'Ron Sharpe
2026-01-23,DEN,MIL,102,100,Jamal Murray; Nikola Jokić; Tim Hardaway Jr.; Bruce Brown; Cameron Johnson; Peyton Watson; Spencer Jones; Christian Braun; Aaron Gordon; Jonas Valančiūnas,Ryan Rollins; A.J. Green; Myles Turner; Kyle Kuzma; Bobby Portis; Gary Trent Jr.; Jericho Sims; Kevin Porter Jr.; Giannis Antetokounmpo; Ousmane Dieng
2026-01-23,HOU,DET,111,104,Amen Thompson; Kevin Durant; Jabari Smith Jr.; Alperen Sengun; Reed Sheppard; Tari Eason; Josh Okogie; Clint Capela; Aaron Holiday; Steven Adams,Cade Cunningham; Duncan Robinson; Jalen Duren; Ausar Thompson; Tobias Harris; Ron Holland; Daniss Jenkins; Javonte Green; Isaiah Stewart; Caris LeVert
2026-01-23,IND,OKC,117,114,Pascal Siakam; Jarace Walker; Andrew Nembhard; Jay Huff; Ben Sheppard; Aaron Nesmith; T.J. McConnell; Micah Potter; Quenton Jackson; Bennedict Mathurin,Shai Gilgeous-Alexander; Cason Wallace; Chet Holmgren; Luguentz Dort; Isaiah Joe; Ajay Mitchell; Aaron Wiggins; Jaylin Williams; Isaiah Hartenstein; Alex Caruso
2026-01-23,NOP,MEM,133,127,Trey Murphy III; Saddiq Bey; Jeremiah Fears; Derik Queen; Zion Williamson; Herbert Jones; Yves Missi; Jordan Poole; Micah Peavy; Karlo Matković,Jaylen Wells; Cam Spencer; Cedric Coward; Jaren Jackson Jr.; Santi Aldama; GG Jackson II; Kentavious Caldwell-Pope; Jock Landale; Olivier-Maxence Prosper; Javon Small
2026-01-23,PHX,ATL,103,110,Collin Gillespie; Royce O'Neale; Devin Booker; Oso Ighodaro; Dillon Brooks; Jordan Goodwin; Grayson Allen; Mark Williams; Ryan Dunn; Jalen Green,Nickeil Alexander-Walker; Jalen Johnson; Dyson Daniels; Onyeka Okongwu; Zaccharie Risacher; CJ McCollum; Mouhamed Gueye; Vít Krejčí; Luke Kennard; Corey Kispert
2026-01-23,SAC,CLE,118,123,DeMar DeRozan; Maxime Raynaud; Nique Clifford; Russell Westbrook; Precious Achiuwa; Malik Monk; Zach LaVine; Dennis Schröder; Dylan Cardwell; Daeqwon Plowden,Donovan Mitchell; Evan Mobley; Jaylon Tyson; Jarrett Allen; Sam Merrill; Dean Wade; Craig Porter Jr.; De'Andre Hunter; Nae'Qwan Tomlin; James Harden
2026-01-23,TOR,POR,110,98,Scottie Barnes; Brandon Ingram; Immanuel Quickley; Jamal Shead; Sandro Mamukelashvili; RJ Barrett; Ja'Kobe Walter; Collin Murray-Boyles; Jakob Poeltl; Gradey Dick,Toumani Camara; Deni Avdija; Donovan Clingan; Jerami Grant; Jrue Holiday; Shaedon Sharpe; Sidy Cissoko; Kris Murray; Caleb Love; Robert Williams
2026-01-24,BOS,CHI,111,114,Derrick White; Payton Pritchard; Jaylen Brown; Sam Hauser; Neemias Queta; Baylor Scheierman; Jordan Walsh; Anfernee Simons; Luka Garza; Hugo González,Matas Buzelis; Tre Jones; Josh Giddey; Isaac Okoro; Nikola Vučević; Patrick Williams; Ayo Dosunmu; Jalen Smith; Kevin Huerter; Coby White
2026-01-24,CLE,ORL,119,105,Donovan Mitchell; Evan Mobley; Jaylon Tyson; Jarrett Allen; Sam Merrill; Dean Wade; Craig Porter Jr.; De'Andre Hunter; Nae'Qwan Tomlin; James Harden,Desmond Bane; Paolo Banchero; Wendell Carter Jr.; Anthony Black; Tristan Da Silva; Jalen Suggs; Franz Wagner; Goga Bitadze; Noah Penda; Tyus Jones
2026-01-24,LAL,DAL,116,110,Luka Dončić; Jake LaRavia; LeBron James; Deandre Ayton; Rui Hachimura; Marcus Smart; Austin Reaves; Jaxson Hayes; Jarred Vanderbilt; Luke Kennard,Cooper Flagg; Max Christie; Naji Marshall; P.J. Washington; Klay Thompson; Brandon Williams; Daniel Gafford; Ryan Nembhard; Dwight Powell; Caleb Martin
2026-01-24,MIA,UTA,147,116,Bam Adebayo; Jaime Jaquez Jr.; Andrew Wiggins; Davion Mitchell; Pelle Larsson; Norman Powell; Kel'el Ware; Simone Fontecchio; Dru Smith; Tyler Herro,Ace Bailey; Kyle Filipowski; Keyonte George; Brice Sensabaugh; Cody Williams; Isaiah Collier; Lauri Markkanen; Svi Mykhailiuk; Jusuf Nurkić; Walter Clayton
2026-01-24,NYK,PHI,112,109,Mikal Bridges; Jalen Brunson; Karl-Anthony Towns; OG Anunoby; Josh Hart; Jordan Clarkson; Mitchell Robinson; Landry Shamet; Miles McBride; Tyler Kolek,Tyrese Maxey; VJ Edgecombe; Quentin Grimes; Dominick Barlow; Kelly Oubre Jr.; Adem Bona; Andre Drummond; Joel Embiid; Paul George; Justin Edwards
2026-01-24,WAS,CHA,115,119,Bub Carrington; Will Riley; Bilal Coulibaly; Tre Johnson; Kyshawn George; Justin Champagnie; Alex Sarr; CJ McCollum; Jamir Watkins; Anthony Gill,Kon Knueppel; Miles Bridges; LaMelo Ball; Brandon Miller; Moussa Diabaté; Sion James; Ryan Kalkbrenner; Collin Sexton; Josh Green; Grant Williams
2026-01-25,BKN,LAC,89,126,Nic Claxton; Noah Clowney; Michael Porter Jr.; Terance Mann; Drake Powell; Egor Dёmin; Ziaire Williams; Nolan Traoré; Danny Wolf; Day'Ron Sharpe,Kris Dunn; Kawhi Leonard; John Collins; Brook Lopez; James Harden; Kobe Sanders; Derrick Jones Jr.; Ivica Zubac; Jordan Miller; Nicolas Batum
2026-01-25,GSW,MIN,111,85,Brandin Podziemski; Draymond Green; Moses Moody; Gui Santos; Will Richard; Stephen Curry; Pat Spencer; Jimmy Butler; Quinten Post; Gary Payton II,Julius Randle; Donte DiVincenzo; Rudy Gobert; Jaden McDaniels; Anthony Edwards; Naz Reid; Bones Hyland; Mike Conley; Jaylen Clark; Ayo Dosunmu
2026-01-25,MIA,PHX,111,102,Bam Adebayo; Jaime Jaquez Jr.; Andrew Wiggins; Davion Mitchell; Pelle Larsson; Norman Powell; Kel'el Ware; Simone Fontecchio; Dru Smith; Tyler Herro,Collin Gillespie; Royce O'Neale; Devin Booker; Oso Ighodaro; Dillon Brooks; Jordan Goodwin; Grayson Allen; Mark Williams; Ryan Dunn; Jalen Green
2026-01-25,NOP,SAS,104,95,Trey Murphy III; Saddiq Bey; Jeremiah Fears; Derik Queen; Zion Williamson; Herbert Jones; Yves Missi; Jordan Poole; Micah Peavy; Karlo Matković,Julian Champagnie; De'Aaron Fox; Devin Vassell; Stephon Castle; Harrison Barnes; Keldon Johnson; Victor Wembanyama; Dylan Harper; Luke Kornet; Carter Bryant
2026-01-25,SAC,DET,116,139,DeMar DeRozan; Maxime Raynaud; Nique Clifford; Russell Westbrook; Precious Achiuwa; Malik Monk; Zach LaVine; Dennis Schröder; Dylan Cardwell; Daeqwon Plowden,Cade Cunningham; Duncan Robinson; Jalen Duren; Ausar Thompson; Tobias Harris; Ron Holland; Daniss Jenkins; Javonte Green; Isaiah Stewart; Caris LeVert
2026-01-25,TOR,OKC,103,101,Scottie Barnes; Brandon Ingram; Immanuel Quickley; Jamal Shead; Sandro Mamukelashvili; RJ Barrett; Ja'Kobe Walter; Collin Murray-Boyles; Jakob Poeltl; Gradey Dick,Shai Gilgeous-Alexander; Cason Wallace; Chet Holmgren; Luguentz Dort; Isaiah Joe; Ajay Mitchell; Aaron Wiggins; Jaylin Williams; Isaiah Hartenstein; Alex Caruso
2026-01-26,GSW,MIN,83,108,Brandin Podziemski; Draymond Green; Moses Moody; Gui Santos; Will Richard; Stephen Curry; Pat Spencer; Jimmy Butler; Quinten Post; Gary Payton II,Julius Randle; Donte DiVincenzo; Rudy Gobert; Jaden McDaniels; Anthony Edwards; Naz Reid; Bones Hyland; Mike Conley; Jaylen Clark; Ayo Dosunmu
2026-01-26,IND,ATL,116,132,Pascal Siakam; Jarace Walker; Andrew Nembhard; Jay Huff; Ben Sheppard; Aaron Nesmith; T.J. McConnell; Micah Potter; Quenton Jackson; Bennedict Mathurin,Nickeil Alexander-Walker; Jalen Johnson; Dyson Daniels; Onyeka Okongwu; Zaccharie Risacher; CJ McCollum; Mouhamed Gueye; Vít Krejčí; Luke Kennard; Corey Kispert
2026-01-26,LAL,CHI,129,118,Luka Dončić; Jake LaRavia; LeBron James; Deandre Ayton; Rui Hachimura; Marcus Smart; Austin Reaves; Jaxson Hayes; Jarred Vanderbilt; Luke Kennard,Matas Buzelis; Tre Jones; Josh Giddey; Isaac Okoro; Nikola Vučević; Patrick Williams; Ayo Dosunmu; Jalen Smith; Kevin Huerter; Coby White
2026-01-26,MEM,HOU,99,108,Jaylen Wells; Cam Spencer; Cedric Coward; Jaren Jackson Jr.; Santi Aldama; GG Jackson II; Kentavious Caldwell-Pope; Jock Landale; Olivier-Maxence Prosper; Javon Small,Amen Thompson; Kevin Durant; Jabari Smith Jr.; Alperen Sengun; Reed Sheppard; Tari Eason; Josh Okogie; Clint Capela; Aaron Holiday; Steven Adams
2026-01-26,ORL,CLE,98,114,Desmond Bane; Paolo Banchero; Wendell Carter Jr.; Anthony Black; Tristan Da Silva; Jalen Suggs; Franz Wagner; Goga Bitadze; Noah Penda; Tyus Jones,Donovan Mitchell; Evan Mobley; Jaylon Tyson; Jarrett Allen; Sam Merrill; Dean Wade; Craig Porter Jr.; De'Andre Hunter; Nae'Qwan Tomlin; James Harden
2026-01-26,PHI,CHA,93,130,Tyrese Maxey; VJ Edgecombe; Quentin Grimes; Dominick Barlow; Kelly Oubre Jr.; Adem Bona; Andre Drummond; Joel Embiid; Paul George; Justin Edwards,Kon Knueppel; Miles Bridges; LaMelo Ball; Brandon Miller; Moussa Diabaté; Sion James; Ryan Kalkbrenner; Collin Sexton; Josh Green; Grant Williams
2026-01-26,POR,BOS,94,102,Toumani Camara; Deni Avdija; Donovan Clingan; Jerami Grant; Jrue Holiday; Shaedon Sharpe; Sidy Cissoko; Kris Murray; Caleb Love; Robert Williams,Derrick White; Payton Pritchard; Jaylen Brown; Sam Hauser; Neemias Queta; Baylor Scheierman; Jordan Walsh; Anfernee Simons; Luka Garza; Hugo González
2026-01-27,BKN,PHX,102,106,Nic Claxton; Noah Clowney; Michael Porter Jr.; Terance Mann; Drake Powell; Egor Dёmin; Ziaire Williams; Nolan Traoré; Danny Wolf; Day'Ron Sharpe,Collin Gillespie; Royce O'Neale; Devin Booker; Oso Ighodaro; Dillon Brooks; Jordan Goodwin; Grayson Allen; Mark Williams; Ryan Dunn; Jalen Green
2026-01-27,DET,DEN,109,107,Cade Cunningham; Duncan Robinson; Jalen Duren; Ausar Thompson; Tobias Harris; Ron Holland; Daniss Jenkins; Javonte Green; Isaiah Stewart; Caris LeVert,Jamal Murray; Nikola Jokić; Tim Hardaway Jr.; Bruce Brown; Cameron Johnson; Peyton Watson; Spencer Jones; Christian Braun; Aaron Gordon; Jonas Valančiūnas
2026-01-27,LAC,UTA,115,103,Kris Dunn; Kawhi Leonard; John Collins; Brook Lopez; James Harden; Kobe Sanders; Derrick Jones Jr.; Ivica Zubac; Jordan Miller; Nicolas Batum,Ace Bailey; Kyle Filipowski; Keyonte George; Brice Sensabaugh; Cody Williams; Isaiah Collier; Lauri Markkanen; Svi Mykhailiuk; Jusuf Nurkić; Walter Clayton
2026-01-27,MIL,PHI,122,139,Ryan Rollins; A.J. Green; Myles Turner; Kyle Kuzma; Bobby Portis; Gary Trent Jr.; Jericho Sims; Kevin Porter Jr.; Giannis Antetokounmpo; Ousmane Dieng,Tyrese Maxey; VJ Edgecombe; Quentin Grimes; Dominick Barlow; Kelly Oubre Jr.; Adem Bona; Andre Drummond; Joel Embiid; Paul George; Justin Edwards
2026-01-27,NOP,OKC,95,104,Trey Murphy III; Saddiq Bey; Jeremiah Fears; Derik Queen; Zion Williamson; Herbert Jones; Yves Missi; Jordan Poole; Micah Peavy; Karlo Matković,Shai Gilgeous-Alexander; Cason Wallace; Chet Holmgren; Luguentz Dort; Isaiah Joe; Ajay Mitchell; Aaron Wiggins; Jaylin Williams; Isaiah Hartenstein; Alex Caruso
2026-01-27,POR,WAS,111,115,Toumani Camara; Deni Avdija; Donovan Clingan; Jerami Grant; Jrue Holiday; Shaedon Sharpe; Sidy Cissoko; Kris Murray; Caleb Love; Robert Williams,Bub Carrington; Will Riley; Bilal Coulibaly; Tre Johnson; Kyshawn George; Justin Champagnie; Alex Sarr; CJ McCollum; Jamir Watkins; Anthony Gill
2026-01-27,SAC,NYK,87,103,DeMar DeRozan; Maxime Raynaud; Nique Clifford; Russell Westbrook; Precious Achiuwa; Malik Monk; Zach LaVine; Dennis Schröder; Dylan Cardwell; Daeqwon Plowden,Mikal Bridges; Jalen Brunson; Karl-Anthony Towns; OG Anunoby; Josh Hart; Jordan Clarkson; Mitchell Robinson; Landry Shamet; Miles McBride; Tyler Kolek
2026-01-28,ATL,BOS,117,106,Nickeil Alexander-Walker; Jalen Johnson; Dyson Daniels; Onyeka Okongwu; Zaccharie Risacher; CJ McCollum; Mouhamed Gueye; Vít Krejčí; Luke Kennard; Corey Kispert,Derrick White; Payton Pritchard; Jaylen Brown; Sam Hauser; Neemias Queta; Baylor Scheierman; Jordan Walsh; Anfernee Simons; Luka Garza; Hugo González
2026-01-28,CHA,MEM,112,97,Kon Knueppel; Miles Bridges; LaMelo Ball; Brandon Miller; Moussa Diabaté; Sion James; Ryan Kalkbrenner; Collin Sexton; Josh Green; Grant Williams,Jaylen Wells; Cam Spencer; Cedric Coward; Jaren Jackson Jr.; Santi Aldama; GG Jackson II; Kentavious Caldwell-Pope; Jock Landale; Olivier-Maxence Prosper; Javon Small
2026-01-28,CHI,IND,110,113,Matas Buzelis; Tre Jones; Josh Giddey; Isaac Okoro; Nikola Vučević; Patrick Williams; Ayo Dosunmu; Jalen Smith; Kevin Huerter; Coby White,Pascal Siakam; Jarace Walker; Andrew Nembhard; Jay Huff; Ben Sheppard; Aaron Nesmith; T.J. McConnell; Micah Potter; Quenton Jackson; Bennedict Mathurin
2026-01-28,GSW,UTA,140,124,Brandin Podziemski; Draymond Green; Moses Moody; Gui Santos; Will Richard; Stephen Curry; Pat Spencer; Jimmy Butler; Quinten Post; Gary Payton II,Ace Bailey; Kyle Filipowski; Keyonte George; Brice Sensabaugh; Cody Williams; Isaiah Collier; Lauri Markkanen; Svi Mykhailiuk; Jusuf Nurkić; Walter Clayton
2026-01-28,LAL,CLE,99,129,Luka Dončić; Jake LaRavia; LeBron James; Deandre Ayton; Rui Hachimura; Marcus Smart; Austin Reaves; Jaxson Hayes; Jarred Vanderbilt; Luke Kennard,Donovan Mitchell; Evan Mobley; Jaylon Tyson; Jarrett Allen; Sam Merrill; Dean Wade; Craig Porter Jr.; De'Andre Hunter; Nae'Qwan Tomlin; James Harden
2026-01-28,MIN,DAL,118,105,Julius Randle; Donte DiVincenzo; Rudy Gobert; Jaden McDaniels; Anthony Edwards; Naz Reid; Bones Hyland; Mike Conley; Jaylen Clark; Ayo Dosunmu,Cooper Flagg; Max Christie; Naji Marshall; P.J. Washington; Klay Thompson; Brandon Williams; Daniel Gafford; Ryan Nembhard; Dwight Powell; Caleb Martin
2026-01-28,NYK,TOR,119,92,Mikal Bridges; Jalen Brunson; Karl-Anthony Towns; OG Anunoby; Josh Hart; Jordan Clarkson; Mitchell Robinson; Landry Shamet; Miles McBride; Tyler Kolek,Scottie Barnes; Brandon Ingram; Immanuel Quickley; Jamal Shead; Sandro Mamukelashvili; RJ Barrett; Ja'Kobe Walter; Collin Murray-Boyles; Jakob Poeltl; Gradey Dick
2026-01-28,ORL,MIA,133,124,Desmond Bane; Paolo Banchero; Wendell Carter Jr.; Anthony Black; Tristan Da Silva; Jalen Suggs; Franz Wagner; Goga Bitadze; Noah Penda; Tyus Jones,Bam Adebayo; Jaime Jaquez Jr.; Andrew Wiggins; Davion Mitchell; Pelle Larsson; Norman Powell; Kel'el Ware; Simone Fontecchio; Dru Smith; Tyler Herro
2026-01-28,SAS,HOU,111,99,Julian Champagnie; De'Aaron Fox; Devin Vassell; Stephon Castle; Harrison Barnes; Keldon Johnson; Victor Wembanyama; Dylan Harper; Luke Kornet; Carter Bryant,Amen Thompson; Kevin Durant; Jabari Smith Jr.; Alperen Sengun; Reed Sheppard; Tari Eason; Josh Okogie; Clint Capela; Aaron Holiday; Steven Adams
2026-01-29,BKN,DEN,103,107,Nic Claxton; Noah Clowney; Michael Porter Jr.; Terance Mann; Drake Powell; Egor Dёmin; Ziaire Williams; Nolan Traoré; Danny Wolf; Day'Ron Sharpe,Jamal Murray; Nikola Jokić; Tim Hardaway Jr.; Bruce Brown; Cameron Johnson; Peyton Watson; Spencer Jones; Christian Braun; Aaron Gordon; Jonas Valančiūnas
2026-01-29,CHA,DAL,123,121,Kon Knueppel; Miles Bridges; LaMelo Ball; Brandon Miller; Moussa Diabaté; Sion James; Ryan Kalkbrenner; Collin Sexton; Josh Green; Grant Williams,Cooper Flagg; Max Christie; Naji Marshall; P.J. Washington; Klay Thompson; Brandon Williams; Daniel Gafford; Ryan Nembhard; Dwight Powell; Caleb Martin
2026-01-29,DET,PHX,96,114,Cade Cunningham; Duncan Robinson; Jalen Duren; Ausar Thompson; Tobias Harris; Ron Holland; Daniss Jenkins; Javonte Green; Isaiah Stewart; Caris LeVert,Collin Gillespie; Royce O'Neale; Devin Booker; Oso Ighodaro; Dillon Brooks; Jordan Goodwin; Grayson Allen; Mark Williams; Ryan Dunn; Jalen Green
2026-01-29,HOU,ATL,104,86,Amen Thompson; Kevin Durant; Jabari Smith Jr.; Alperen Sengun; Reed Sheppard; Tari Eason; Josh Okogie; Clint Capela; Aaron Holiday; Steven Adams,Nickeil Alexander-Walker; Jalen Johnson; Dyson Daniels; Onyeka Okongwu; Zaccharie Risacher; CJ McCollum; Mouhamed Gueye; Vít Krejčí; Luke Kennard; Corey Kispert
2026-01-29,MIA,CHI,116,113,Bam Adebayo; Jaime Jaquez Jr.; Andrew Wiggins; Davion Mitchell; Pelle Larsson; Norman Powell; Kel'el Ware; Simone Fontecchio; Dru Smith; Tyler Herro,Matas Buzelis; Tre Jones; Josh Giddey; Isaac Okoro; Nikola Vučević; Patrick Williams; Ayo Dosunmu; Jalen Smith; Kevin Huerter; Coby White
2026-01-29,MIL,WAS,99,109,Ryan Rollins; A.J. Green; Myles Turner; Kyle Kuzma; Bobby Portis; Gary Trent Jr.; Jericho Sims; Kevin Porter Jr.; Giannis Antetokounmpo; Ousmane Dieng,Bub Carrington; Will Riley; Bilal Coulibaly; Tre Johnson; Kyshawn George; Justin Champagnie; Alex Sarr; CJ McCollum; Jamir Watkins; Anthony Gill
2026-01-29,OKC,MIN,111,123,Shai Gilgeous-Alexander; Cason Wallace; Chet Holmgren; Luguentz Dort; Isaiah Joe; Ajay Mitchell; Aaron Wiggins; Jaylin Williams; Isaiah Hartenstein; Alex Caruso,Julius Randle; Donte DiVincenzo; Rudy Gobert; Jaden McDaniels; Anthony Edwards; Naz Reid; Bones Hyland; Mike Conley; Jaylen Clark; Ayo Dosunmu
2026-01-29,SAC,PHI,111,113,DeMar DeRozan; Maxime Raynaud; Nique Clifford; Russell Westbrook; Precious Achiuwa; Malik Monk; Zach LaVine; Dennis Schröder; Dylan Cardwell; Daeqwon Plowden,Tyrese Maxey; VJ Edgecombe; Quentin Grimes; Dominick Barlow; Kelly Oubre Jr.; Adem Bona; Andre Drummond; Joel Embiid; Paul George; Justin Edwards
2026-01-30,BKN,UTA,109,99,Nic Claxton; Noah Clowney; Michael Porter Jr.; Terance Mann; Drake Powell; Egor Dёmin; Ziaire Williams; Nolan Traoré; Danny Wolf; Day'Ron Sharpe,Ace Bailey; Kyle Filipowski; Keyonte George; Brice Sensabaugh; Cody Williams; Isaiah Collier; Lauri Markkanen; Svi Mykhailiuk; Jusuf Nurkić; Walter Clayton
2026-01-30,CLE,PHX,113,126,Donovan Mitchell; Evan Mobley; Jaylon Tyson; Jarrett Allen; Sam Merrill; Dean Wade; Craig Porter Jr.; De'Andre Hunter; Nae'Qwan Tomlin; James Harden,Collin Gillespie; Royce O'Neale; Devin Booker; Oso Ighodaro; Dillon Brooks; Jordan Goodwin; Grayson Allen; Mark Williams; Ryan Dunn; Jalen Green
2026-01-30,DET,GSW,131,124,Cade Cunningham; Duncan Robinson; Jalen Duren; Ausar Thompson; Tobias Harris; Ron Holland; Daniss Jenkins; Javonte Green; Isaiah Stewart; Caris LeVert,Brandin Podziemski; Draymond Green; Moses Moody; Gui Santos; Will Richard; Stephen Curry; Pat Spencer; Jimmy Butler; Quinten Post; Gary Payton II
2026-01-30,LAC,DEN,109,122,Kris Dunn; Kawhi Leonard; John Collins; Brook Lopez; James Harden; Kobe Sanders; Derrick Jones Jr.; Ivica Zubac; Jordan Miller; Nicolas Batum,Jamal Murray; Nikola Jokić; Tim Hardaway Jr.; Bruce Brown; Cameron Johnson; Peyton Watson; Spencer Jones; Christian Braun; Aaron Gordon; Jonas Valančiūnas
2026-01-30,LAL,WAS,142,111,Luka Dončić; Jake LaRavia; LeBron James; Deandre Ayton; Rui Hachimura; Marcus Smart; Austin Reaves; Jaxson Hayes; Jarred Vanderbilt; Luke Kennard,Bub Carrington; Will Riley; Bilal Coulibaly; Tre Johnson; Kyshawn George; Justin Champagnie; Alex Sarr; CJ McCollum; Jamir Watkins; Anthony Gill
2026-01-30,MEM,NOP,106,114,Jaylen Wells; Cam Spencer; Cedric Coward; Jaren Jackson Jr.; Santi Aldama; GG Jackson II; Kentavious Caldwell-Pope; Jock Landale; Olivier-Maxence Prosper; Javon Small,Trey Murphy III; Saddiq Bey; Jeremiah Fears; Derik Queen; Zion Williamson; Herbert Jones; Yves Missi; Jordan Poole; Micah Peavy; Karlo Matković
2026-01-30,POR,NYK,97,127,Toumani Camara; Deni Avdija; Donovan Clingan; Jerami Grant; Jrue Holiday; Shaedon Sharpe; Sidy Cissoko; Kris Murray; Caleb Love; Robert Williams,Mikal Bridges; Jalen Brunson; Karl-Anthony Towns; OG Anunoby; Josh Hart; Jordan Clarkson; Mitchell Robinson; Landry Shamet; Miles McBride; Tyler Kolek
2026-01-30,SAC,BOS,93,112,DeMar DeRozan; Maxime Raynaud; Nique Clifford; Russell Westbrook; Precious Achiuwa; Malik Monk; Zach LaVine; Dennis Schröder; Dylan Cardwell; Daeqwon Plowden,Derrick White; Payton Pritchard; Jaylen Brown; Sam Hauser; Neemias Queta; Baylor Scheierman; Jordan Walsh; Anfernee Simons; Luka Garza; Hugo González
2026-01-30,TOR,ORL,120,130,Scottie Barnes; Brandon Ingram; Immanuel Quickley; Jamal Shead; Sandro Mamukelashvili; RJ Barrett; Ja'Kobe Walter; Collin Murray-Boyles; Jakob Poeltl; Gradey Dick,Desmond Bane; Paolo Banchero; Wendell Carter Jr.; Anthony Black; Tristan Da Silva; Jalen Suggs; Franz Wagner; Goga Bitadze; Noah Penda; Tyus Jones
2026-01-31,ATL,IND,124,129,Nickeil Alexander-Walker; Jalen Johnson; Dyson Daniels; Onyeka Okongwu; Zaccharie Risacher; CJ McCollum; Mouhamed Gueye; Vít Krejčí; Luke Kennard; Corey Kispert,Pascal Siakam; Jarace Walker; Andrew Nembhard; Jay Huff; Ben Sheppard; Aaron Nesmith; T.J. McConnell; Micah Potter; Quenton Jackson; Bennedict Mathurin
2026-01-31,CHI,MIA,125,118,Matas Buzelis; Tre Jones; Josh Giddey; Isaac Okoro; Nikola Vučević; Patrick Williams; Ayo Dosunmu; Jalen Smith; Kevin Huerter; Coby White,Bam Adebayo; Jaime Jaquez Jr.; Andrew Wiggins; Davion Mitchell; Pelle Larsson; Norman Powell; Kel'el Ware; Simone Fontecchio; Dru Smith; Tyler Herro
2026-01-31,DAL,HOU,107,111,Cooper Flagg; Max Christie; Naji Marshall; P.J. Washington; Klay Thompson; Brandon Williams; Daniel Gafford; Ryan Nembhard; Dwight Powell; Caleb Martin,Amen Thompson; Kevin Durant; Jabari Smith Jr.; Alperen Sengun; Reed Sheppard; Tari Eason; Josh Okogie; Clint Capela; Aaron Holiday; Steven Adams
2026-01-31,MIN,MEM,131,114,Julius Randle; Donte DiVincenzo; Rudy Gobert; Jaden McDaniels; Anthony Edwards; Naz Reid; Bones Hyland; Mike Conley; Jaylen Clark; Ayo Dosunmu,Jaylen Wells; Cam Spencer; Cedric Coward; Jaren Jackson Jr.; Santi Aldama; GG Jackson II; Kentavious Caldwell-Pope; Jock Landale; Olivier-Maxence Prosper; Javon Small
2026-01-31,NOP,PHI,114,124,Trey Murphy III; Saddiq Bey; Jeremiah Fears; Derik Queen; Zion Williamson; Herbert Jones; Yves Missi; Jordan Poole; Micah Peavy; Karlo Matković,Tyrese Maxey; VJ Edgecombe; Quentin Grimes; Dominick Barlow; Kelly Oubre Jr.; Adem Bona; Andre Drummond; Joel Embiid; Paul George; Justin Edwards
2026-01-31,SAS,CHA,106,111,Julian Champagnie; De'Aaron Fox; Devin Vassell; Stephon Castle; Harrison Barnes; Keldon Johnson; Victor Wembanyama; Dylan Harper; Luke Kornet; Carter Bryant,Kon Knueppel; Miles Bridges; LaMelo Ball; Brandon Miller; Moussa Diabaté; Sion James; Ryan Kalkbrenner; Collin Sexton; Josh Green; Grant Williams
2026-02-01,BKN,DET,77,130,Nic Claxton; Noah Clowney; Michael Porter Jr.; Terance Mann; Drake Powell; Egor Dёmin; Ziaire Williams; Nolan Traoré; Danny Wolf; Day'Ron Sharpe,Cade Cunningham; Duncan Robinson; Jalen Duren; Ausar Thompson; Tobias Harris; Ron Holland; Daniss Jenkins; Javonte Green; Isaiah Stewart; Caris LeVert
2026-02-01,CHI,MIA,91,134,Matas Buzelis; Tre Jones; Josh Giddey; Isaac Okoro; Nikola Vučević; Patrick Williams; Ayo Dosunmu; Jalen Smith; Kevin Huerter; Coby White,Bam Adebayo; Jaime Jaquez Jr.; Andrew Wiggins; Davion Mitchell; Pelle Larsson; Norman Powell; Kel'el Ware; Simone Fontecchio; Dru Smith; Tyler Herro
2026-02-01,CLE,POR,130,111,Donovan Mitchell; Evan Mobley; Jaylon Tyson; Jarrett Allen; Sam Merrill; Dean Wade; Craig Porter Jr.; De'Andre Hunter; Nae'Qwan Tomlin; James Harden,Toumani Camara; Deni Avdija; Donovan Clingan; Jerami Grant; Jrue Holiday; Shaedon Sharpe; Sidy Cissoko; Kris Murray; Caleb Love; Robert Williams
2026-02-01,LAC,PHX,117,93,Kris Dunn; Kawhi Leonard; John Collins; Brook Lopez; James Harden; Kobe Sanders; Derrick Jones Jr.; Ivica Zubac; Jordan Miller; Nicolas Batum,Collin Gillespie; Royce O'Neale; Devin Booker; Oso Ighodaro; Dillon Brooks; Jordan Goodwin; Grayson Allen; Mark Williams; Ryan Dunn; Jalen Green
2026-02-01,LAL,NYK,100,112,Luka Dončić; Jake LaRavia; LeBron James; Deandre Ayton; Rui Hachimura; Marcus Smart; Austin Reaves; Jaxson Hayes; Jarred Vanderbilt; Luke Kennard,Mikal Bridges; Jalen Brunson; Karl-Anthony Towns; OG Anunoby; Josh Hart; Jordan Clarkson; Mitchell Robinson; Landry Shamet; Miles McBride; Tyler Kolek
2026-02-01,MIL,BOS,79,107,Ryan Rollins; A.J. Green; Myles Turner; Kyle Kuzma; Bobby Portis; Gary Trent Jr.; Jericho Sims; Kevin Porter Jr.; Giannis Antetokounmpo; Ousmane Dieng,Derrick White; Payton Pritchard; Jaylen Brown; Sam Hauser; Neemias Queta; Baylor Scheierman; Jordan Walsh; Anfernee Simons; Luka Garza; Hugo González
2026-02-01,OKC,DEN,121,111,Shai Gilgeous-Alexander; Cason Wallace; Chet Holmgren; Luguentz Dort; Isaiah Joe; Ajay Mitchell; Aaron Wiggins; Jaylin Williams; Isaiah Hartenstein; Alex Caruso,Jamal Murray; Nikola Jokić; Tim Hardaway Jr.; Bruce Brown; Cameron Johnson; Peyton Watson; Spencer Jones; Christian Braun; Aaron Gordon; Jonas Valančiūnas
2026-02-01,ORL,SAS,103,112,Desmond Bane; Paolo Banchero; Wendell Carter Jr.; Anthony Black; Tristan Da Silva; Jalen Suggs; Franz Wagner; Goga Bitadze; Noah Penda; Tyus Jones,Julian Champagnie; De'Aaron Fox; Devin Vassell; Stephon Castle; Harrison Barnes; Keldon Johnson; Victor Wembanyama; Dylan Harper; Luke Kornet; Carter Bryant
2026-02-01,SAC,WAS,112,116,DeMar DeRozan; Maxime Raynaud; Nique Clifford; Russell Westbrook; Precious Achiuwa; Malik Monk; Zach LaVine; Dennis Schröder; Dylan Cardwell; Daeqwon Plowden,Bub Carrington; Will Riley; Bilal Coulibaly; Tre Johnson; Kyshawn George; Justin Champagnie; Alex Sarr; CJ McCollum; Jamir Watkins; Anthony Gill
2026-02-01,UTA,TOR,100,107,Ace Bailey; Kyle Filipowski; Keyonte George; Brice Sensabaugh; Cody Williams; Isaiah Collier; Lauri Markkanen; Svi Mykhailiuk; Jusuf Nurkić; Walter Clayton,Scottie Barnes; Brandon Ingram; Immanuel Quickley; Jamal Shead; Sandro Mamukelashvili; RJ Barrett; Ja'Kobe Walter; Collin Murray-Boyles; Jakob Poeltl; Gradey Dick
2026-02-02,HOU,IND,118,114,Amen Thompson; Kevin Durant; Jabari Smith Jr.; Alperen Sengun; Reed Sheppard; Tari Eason; Josh Okogie; Clint Capela; Aaron Holiday; Steven Adams,Pascal Siakam; Jarace Walker; Andrew Nembhard; Jay Huff; Ben Sheppard; Aaron Nesmith; T.J. McConnell; Micah Potter; Quenton Jackson; Bennedict Mathurin
2026-02-02,MIN,MEM,128,137,Julius Randle; Donte DiVincenzo; Rudy Gobert; Jaden McDaniels; Anthony Edwards; Naz Reid; Bones Hyland; Mike Conley; Jaylen Clark; Ayo Dosunmu,Jaylen Wells; Cam Spencer; Cedric Coward; Jaren Jackson Jr.; Santi Aldama; GG Jackson II; Kentavious Caldwell-Pope; Jock Landale; Olivier-Maxence Prosper; Javon Small
2026-02-02,NOP,CHA,95,102,Trey Murphy III; Saddiq Bey; Jeremiah Fears; Derik Queen; Zion Williamson; Herbert Jones; Yves Missi; Jordan Poole; Micah Peavy; Karlo Matković,Kon Knueppel; Miles Bridges; LaMelo Ball; Brandon Miller; Moussa Diabaté; Sion James; Ryan Kalkbrenner; Collin Sexton; Josh Green; Grant Williams
2026-02-02,PHI,LAC,128,113,Tyrese Maxey; VJ Edgecombe; Quentin Grimes; Dominick Barlow; Kelly Oubre Jr.; Adem Bona; Andre Drummond; Joel Embiid; Paul George; Justin Edwards,Kris Dunn; Kawhi Leonard; John Collins; Brook Lopez; James Harden; Kobe Sanders; Derrick Jones Jr.; Ivica Zubac; Jordan Miller; Nicolas Batum
2026-02-03,ATL,MIA,127,115,Nickeil Alexander-Walker; Jalen Johnson; Dyson Daniels; Onyeka Okongwu; Zaccharie Risacher; CJ McCollum; Mouhamed Gueye; Vít Krejčí; Luke Kennard; Corey Kispert,Bam Adebayo; Jaime Jaquez Jr.; Andrew Wiggins; Davion Mitchell; Pelle Larsson; Norman Powell; Kel'el Ware; Simone Fontecchio; Dru Smith; Tyler Herro
2026-02-03,BOS,DAL,110,100,Derrick White; Payton Pritchard; Jaylen Brown; Sam Hauser; Neemias Queta; Baylor Scheierman; Jordan Walsh; Anfernee Simons; Luka Garza; Hugo González,Cooper Flagg; Max Christie; Naji Marshall; P.J. Washington; Klay Thompson; Brandon Williams; Daniel Gafford; Ryan Nembhard; Dwight Powell; Caleb Martin
2026-02-03,CHI,MIL,115,131,Matas Buzelis; Tre Jones; Josh Giddey; Isaac Okoro; Nikola Vučević; Patrick Williams; Ayo Dosunmu; Jalen Smith; Kevin Huerter; Coby White,Ryan Rollins; A.J. Green; Myles Turner; Kyle Kuzma; Bobby Portis; Gary Trent Jr.; Jericho Sims; Kevin Porter Jr.; Giannis Antetokounmpo; Ousmane Dieng
2026-02-03,DEN,DET,121,124,Jamal Murray; Nikola Jokić; Tim Hardaway Jr.; Bruce Brown; Cameron Johnson; Peyton Watson; Spencer Jones; Christian Braun; Aaron Gordon; Jonas Valančiūnas,Cade Cunningham; Duncan Robinson; Jalen Duren; Ausar Thompson; Tobias Harris; Ron Holland; Daniss Jenkins; Javonte Green; Isaiah Stewart; Caris LeVert
2026-02-03,LAL,BKN,125,109,Luka Dončić; Jake LaRavia; LeBron James; Deandre Ayton; Rui Hachimura; Marcus Smart; Austin Reaves; Jaxson Hayes; Jarred Vanderbilt; Luke Kennard,Nic Claxton; Noah Clowney; Michael Porter Jr.; Terance Mann; Drake Powell; Egor Dёmin; Ziaire Williams; Nolan Traoré; Danny Wolf; Day'Ron Sharpe
2026-02-03,NYK,WAS,132,101,Mikal Bridges; Jalen Brunson; Karl-Anthony Towns; OG Anunoby; Josh Hart; Jordan Clarkson; Mitchell Robinson; Landry Shamet; Miles McBride; Tyler Kolek,Bub Carrington; Will Riley; Bilal Coulibaly; Tre Johnson; Kyshawn George; Justin Champagnie; Alex Sarr; CJ McCollum; Jamir Watkins; Anthony Gill
2026-02-03,ORL,OKC,92,128,Desmond Bane; Paolo Banchero; Wendell Carter Jr.; Anthony Black; Tristan Da Silva; Jalen Suggs; Franz Wagner; Goga Bitadze; Noah Penda; Tyus Jones,Shai Gilgeous-Alexander; Cason Wallace; Chet Holmgren; Luguentz Dort; Isaiah Joe; Ajay Mitchell; Aaron Wiggins; Jaylin Williams; Isaiah Hartenstein; Alex Caruso
2026-02-03,PHI,GSW,113,94,Tyrese Maxey; VJ Edgecombe; Quentin Grimes; Dominick Barlow; Kelly Oubre Jr.; Adem Bona; Andre Drummond; Joel Embiid; Paul George; Justin Edwards,Brandin Podziemski; Draymond Green; Moses Moody; Gui Santos; Will Richard; Stephen Curry; Pat Spencer; Jimmy Butler; Quinten Post; Gary Payton II
2026-02-03,PHX,POR,130,125,Collin Gillespie; Royce O'Neale; Devin Booker; Oso Ighodaro; Dillon Brooks; Jordan Goodwin; Grayson Allen; Mark Williams; Ryan Dunn; Jalen Green,Toumani Camara; Deni Avdija; Donovan Clingan; Jerami Grant; Jrue Holiday; Shaedon Sharpe; Sidy Cissoko; Kris Murray; Caleb Love; Robert Williams
2026-02-03,UTA,IND,131,122,Ace Bailey; Kyle Filipowski; Keyonte George; Brice Sensabaugh; Cody Williams; Isaiah Collier; Lauri Markkanen; Svi Mykhailiuk; Jusuf Nurkić; Walter Clayton,Pascal Siakam; Jarace Walker; Andrew Nembhard; Jay Huff; Ben Sheppard; Aaron Nesmith; T.J. McConnell; Micah Potter; Quenton Jackson; Bennedict Mathurin
2026-02-04,BOS,HOU,114,93,Derrick White; Payton Pritchard; Jaylen Brown; Sam Hauser; Neemias Queta; Baylor Scheierman; Jordan Walsh; Anfernee Simons; Luka Garza; Hugo González,Amen Thompson; Kevin Durant; Jabari Smith Jr.; Alperen Sengun; Reed Sheppard; Tari Eason; Josh Okogie; Clint Capela; Aaron Holiday; Steven Adams
2026-02-04,CLE,LAC,124,91,Donovan Mitchell; Evan Mobley; Jaylon Tyson; Jarrett Allen; Sam Merrill; Dean Wade; Craig Porter Jr.; De'Andre Hunter; Nae'Qwan Tomlin; James Harden,Kris Dunn; Kawhi Leonard; John Collins; Brook Lopez; James Harden; Kobe Sanders; Derrick Jones Jr.; Ivica Zubac; Jordan Miller; Nicolas Batum
2026-02-04,DEN,NYK,127,134,Jamal Murray; Nikola Jokić; Tim Hardaway Jr.; Bruce Brown; Cameron Johnson; Peyton Watson; Spencer Jones; Christian Braun; Aaron Gordon; Jonas Valančiūnas,Mikal Bridges; Jalen Brunson; Karl-Anthony Towns; OG Anunoby; Josh Hart; Jordan Clarkson; Mitchell Robinson; Landry Shamet; Miles McBride; Tyler Kolek
2026-02-04,MEM,SAC,129,125,Jaylen Wells; Cam Spencer; Cedric Coward; Jaren Jackson Jr.; Santi Aldama; GG Jackson II; Kentavious Caldwell-Pope; Jock Landale; Olivier-Maxence Prosper; Javon Small,DeMar DeRozan; Maxime Raynaud; Nique Clifford; Russell Westbrook; Precious Achiuwa; Malik Monk; Zach LaVine; Dennis Schröder; Dylan Cardwell; Daeqwon Plowden
2026-02-04,MIN,TOR,128,126,Julius Randle; Donte DiVincenzo; Rudy Gobert; Jaden McDaniels; Anthony Edwards; Naz Reid; Bones Hyland; Mike Conley; Jaylen Clark; Ayo Dosunmu,Scottie Barnes; Brandon Ingram; Immanuel Quickley; Jamal Shead; Sandro Mamukelashvili; RJ Barrett; Ja'Kobe Walter; Collin Murray-Boyles; Jakob Poeltl; Gradey Dick
2026-02-04,NOP,MIL,137,141,Trey Murphy III; Saddiq Bey; Jeremiah Fears; Derik Queen; Zion Williamson; Herbert Jones; Yves Missi; Jordan Poole; Micah Peavy; Karlo Matković,Ryan Rollins; A.J. Green; Myles Turner; Kyle Kuzma; Bobby Portis; Gary Trent Jr.; Jericho Sims; Kevin Porter Jr.; Giannis Antetokounmpo; Ousmane Dieng
2026-02-04,OKC,SAS,106,116,Shai Gilgeous-Alexander; Cason Wallace; Chet Holmgren; Luguentz Dort; Isaiah Joe; Ajay Mitchell; Aaron Wiggins; Jaylin Williams; Isaiah Hartenstein; Alex Caruso,Julian Champagnie; De'Aaron Fox; Devin Vassell; Stephon Castle; Harrison Barnes; Keldon Johnson; Victor Wembanyama; Dylan Harper; Luke Kornet; Carter Bryant
2026-02-05,BKN,ORL,98,118,Nic Claxton; Noah Clowney; Michael Porter Jr.; Terance Mann; Drake Powell; Egor Dёmin; Ziaire Williams; Nolan Traoré; Danny Wolf; Day'Ron Sharpe,Desmond Bane; Paolo Banchero; Wendell Carter Jr.; Anthony Black; Tristan Da Silva; Jalen Suggs; Franz Wagner; Goga Bitadze; Noah Penda; Tyus Jones
2026-02-05,CHA,HOU,109,99,Kon Knueppel; Miles Bridges; LaMelo Ball; Brandon Miller; Moussa Diabaté; Sion James; Ryan Kalkbrenner; Collin Sexton; Josh Green; Grant Williams,Amen Thompson; Kevin Durant; Jabari Smith Jr.; Alperen Sengun; Reed Sheppard; Tari Eason; Josh Okogie; Clint Capela; Aaron Holiday; Steven Adams
2026-02-05,CHI,TOR,107,123,Matas Buzelis; Tre Jones; Josh Giddey; Isaac Okoro; Nikola Vučević; Patrick Williams; Ayo Dosunmu; Jalen Smith; Kevin Huerter; Coby White,Scottie Barnes; Brandon Ingram; Immanuel Quickley; Jamal Shead; Sandro Mamukelashvili; RJ Barrett; Ja'Kobe Walter; Collin Murray-Boyles; Jakob Poeltl; Gradey Dick
2026-02-05,GSW,PHX,101,97,Brandin Podziemski; Draymond Green; Moses Moody; Gui Santos; Will Richard; Stephen Curry; Pat Spencer; Jimmy Butler; Quinten Post; Gary Payton II,Collin Gillespie; Royce O'Neale; Devin Booker; Oso Ighodaro; Dillon Brooks; Jordan Goodwin; Grayson Allen; Mark Williams; Ryan Dunn; Jalen Green
2026-02-05,PHI,LAL,115,119,Tyrese Maxey; VJ Edgecombe; Quentin Grimes; Dominick Barlow; Kelly Oubre Jr.; Adem Bona; Andre Drummond; Joel Embiid; Paul George; Justin Edwards,Luka Dončić; Jake LaRavia; LeBron James; Deandre Ayton; Rui Hachimura; Marcus Smart; Austin Reaves; Jaxson Hayes; Jarred Vanderbilt; Luke Kennard
2026-02-05,SAS,DAL,135,123,Julian Champagnie; De'Aaron Fox; Devin Vassell; Stephon Castle; Harrison Barnes; Keldon Johnson; Victor Wembanyama; Dylan Harper; Luke Kornet; Carter Bryant,Cooper Flagg; Max Christie; Naji Marshall; P.J. Washington; Klay Thompson; Brandon Williams; Daniel Gafford; Ryan Nembhard; Dwight Powell; Caleb Martin
2026-02-05,UTA,ATL,119,121,Ace Bailey; Kyle Filipowski; Keyonte George; Brice Sensabaugh; Cody Williams; Isaiah Collier; Lauri Markkanen; Svi Mykhailiuk; Jusuf Nurkić; Walter Clayton,Nickeil Alexander-Walker; Jalen Johnson; Dyson Daniels; Onyeka Okongwu; Zaccharie Risacher; CJ McCollum; Mouhamed Gueye; Vít Krejčí; Luke Kennard; Corey Kispert
2026-02-05,WAS,DET,126,117,Bub Carrington; Will Riley; Bilal Coulibaly; Tre Johnson; Kyshawn George; Justin Champagnie; Alex Sarr; CJ McCollum; Jamir Watkins; Anthony Gill,Cade Cunningham; Duncan Robinson; Jalen Duren; Ausar Thompson; Tobias Harris; Ron Holland; Daniss Jenkins; Javonte Green; Isaiah Stewart; Caris LeVert
2026-02-06,IND,MIL,99,105,Pascal Siakam; Jarace Walker; Andrew Nembhard; Jay Huff; Ben Sheppard; Aaron Nesmith; T.J. McConnell; Micah Potter; Quenton Jackson; Bennedict Mathurin,Ryan Rollins; A.J. Green; Myles Turner; Kyle Kuzma; Bobby Portis; Gary Trent Jr.; Jericho Sims; Kevin Porter Jr.; Giannis Antetokounmpo; Ousmane Dieng
2026-02-06,LAC,SAC,114,111,Kris Dunn; Kawhi Leonard; John Collins; Brook Lopez; James Harden; Kobe Sanders; Derrick Jones Jr.; Ivica Zubac; Jordan Miller; Nicolas Batum,DeMar DeRozan; Maxime Raynaud; Nique Clifford; Russell Westbrook; Precious Achiuwa; Malik Monk; Zach LaVine; Dennis Schröder; Dylan Cardwell; Daeqwon Plowden
2026-02-06,MEM,POR,115,135,Jaylen Wells; Cam Spencer; Cedric Coward; Jaren Jackson Jr.; Santi Aldama; GG Jackson II; Kentavious Caldwell-Pope; Jock Landale; Olivier-Maxence Prosper; Javon Small,Toumani Camara; Deni Avdija; Donovan Clingan; Jerami Grant; Jrue Holiday; Shaedon Sharpe; Sidy Cissoko; Kris Murray; Caleb Love; Robert Williams
2026-02-06,MIA,BOS,96,98,Bam Adebayo; Jaime Jaquez Jr.; Andrew Wiggins; Davion Mitchell; Pelle Larsson; Norman Powell; Kel'el Ware; Simone Fontecchio; Dru Smith; Tyler Herro,Derrick White; Payton Pritchard; Jaylen Brown; Sam Hauser; Neemias Queta; Baylor Scheierman; Jordan Walsh; Anfernee Simons; Luka Garza; Hugo González
2026-02-06,NOP,MIN,119,115,Trey Murphy III; Saddiq Bey; Jeremiah Fears; Derik Queen; Zion Williamson; Herbert Jones; Yves Missi; Jordan Poole; Micah Peavy; Karlo Matković,Julius Randle; Donte DiVincenzo; Rudy Gobert; Jaden McDaniels; Anthony Edwards; Naz Reid; Bones Hyland; Mike Conley; Jaylen Clark; Ayo Dosunmu
2026-02-06,NYK,DET,80,118,Mikal Bridges; Jalen Brunson; Karl-Anthony Towns; OG Anunoby; Josh Hart; Jordan Clarkson; Mitchell Robinson; Landry Shamet; Miles McBride; Tyler Kolek,Cade Cunningham; Duncan Robinson; Jalen Duren; Ausar Thompson; Tobias Harris; Ron Holland; Daniss Jenkins; Javonte Green; Isaiah Stewart; Caris LeVert
2026-02-07,CHA,ATL,126,119,Kon Knueppel; Miles Bridges; LaMelo Ball; Brandon Miller; Moussa Diabaté; Sion James; Ryan Kalkbrenner; Collin Sexton; Josh Green; Grant Williams,Nickeil Alexander-Walker; Jalen Johnson; Dyson Daniels; Onyeka Okongwu; Zaccharie Risacher; CJ McCollum; Mouhamed Gueye; Vít Krejčí; Luke Kennard; Corey Kispert
2026-02-07,CLE,SAC,132,126,Donovan Mitchell; Evan Mobley; Jaylon Tyson; Jarrett Allen; Sam Merrill; Dean Wade; Craig Porter Jr.; De'Andre Hunter; Nae'Qwan Tomlin; James Harden,DeMar DeRozan; Maxime Raynaud; Nique Clifford; Russell Westbrook; Precious Achiuwa; Malik Monk; Zach LaVine; Dennis Schröder; Dylan Cardwell; Daeqwon Plowden
2026-02-07,DAL,SAS,125,138,Cooper Flagg; Max Christie; Naji Marshall; P.J. Washington; Klay Thompson; Brandon Williams; Daniel Gafford; Ryan Nembhard; Dwight Powell; Caleb Martin,Julian Champagnie; De'Aaron Fox; Devin Vassell; Stephon Castle; Harrison Barnes; Keldon Johnson; Victor Wembanyama; Dylan Harper; Luke Kornet; Carter Bryant
2026-02-07,DEN,CHI,136,120,Jamal Murray; Nikola Jokić; Tim Hardaway Jr.; Bruce Brown; Cameron Johnson; Peyton Watson; Spencer Jones; Christian Braun; Aaron Gordon; Jonas Valančiūnas,Matas Buzelis; Tre Jones; Josh Giddey; Isaac Okoro; Nikola Vučević; Patrick Williams; Ayo Dosunmu; Jalen Smith; Kevin Huerter; Coby White
2026-02-07,GSW,LAL,99,105,Brandin Podziemski; Draymond Green; Moses Moody; Gui Santos; Will Richard; Stephen Curry; Pat Spencer; Jimmy Butler; Quinten Post; Gary Payton II,Luka Dončić; Jake LaRavia; LeBron James; Deandre Ayton; Rui Hachimura; Marcus Smart; Austin Reaves; Jaxson Hayes; Jarred Vanderbilt; Luke Kennard
2026-02-07,HOU,OKC,112,106,Amen Thompson; Kevin Durant; Jabari Smith Jr.; Alperen Sengun; Reed Sheppard; Tari Eason; Josh Okogie; Clint Capela; Aaron Holiday; Steven Adams,Shai Gilgeous-Alexander; Cason Wallace; Chet Holmgren; Luguentz Dort; Isaiah Joe; Ajay Mitchell; Aaron Wiggins; Jaylin Williams; Isaiah Hartenstein; Alex Caruso
2026-02-07,MEM,POR,115,122,Jaylen Wells; Cam Spencer; Cedric Coward; Jaren Jackson Jr.; Santi Aldama; GG Jackson II; Kentavious Caldwell-Pope; Jock Landale; Olivier-Maxence Prosper; Javon Small,Toumani Camara; Deni Avdija; Donovan Clingan; Jerami Grant; Jrue Holiday; Shaedon Sharpe; Sidy Cissoko; Kris Murray; Caleb Love; Robert Williams
2026-02-07,PHI,PHX,109,103,Tyrese Maxey; VJ Edgecombe; Quentin Grimes; Dominick Barlow; Kelly Oubre Jr.; Adem Bona; Andre Drummond; Joel Embiid; Paul George; Justin Edwards,Collin Gillespie; Royce O'Neale; Devin Booker; Oso Ighodaro; Dillon Brooks; Jordan Goodwin; Grayson Allen; Mark Williams; Ryan Dunn; Jalen Green
2026-02-07,UTA,ORL,117,120,Ace Bailey; Kyle Filipowski; Keyonte George; Brice Sensabaugh; Cody Williams; Isaiah Collier; Lauri Markkanen; Svi Mykhailiuk; Jusuf Nurkić; Walter Clayton,Desmond Bane; Paolo Banchero; Wendell Carter Jr.; Anthony Black; Tristan Da Silva; Jalen Suggs; Franz Wagner; Goga Bitadze; Noah Penda; Tyus Jones
2026-02-07,WAS,BKN,113,127,Bub Carrington; Will Riley; Bilal Coulibaly; Tre Johnson; Kyshawn George; Justin Champagnie; Alex Sarr; CJ McCollum; Jamir Watkins; Anthony Gill,Nic Claxton; Noah Clowney; Michael Porter Jr.; Terance Mann; Drake Powell; Egor Dёmin; Ziaire Williams; Nolan Traoré; Danny Wolf; Day'Ron Sharpe
2026-02-08,IND,TOR,104,122,Pascal Siakam; Jarace Walker; Andrew Nembhard; Jay Huff; Ben Sheppard; Aaron Nesmith; T.J. McConnell; Micah Potter; Quenton Jackson; Bennedict Mathurin,Scottie Barnes; Brandon Ingram; Immanuel Quickley; Jamal Shead; Sandro Mamukelashvili; RJ Barrett; Ja'Kobe Walter; Collin Murray-Boyles; Jakob Poeltl; Gradey Dick
2026-02-08,LAC,MIN,115,96,Kris Dunn; Kawhi Leonard; John Collins; Brook Lopez; James Harden; Kobe Sanders; Derrick Jones Jr.; Ivica Zubac; Jordan Miller; Nicolas Batum,Julius Randle; Donte DiVincenzo; Rudy Gobert; Jaden McDaniels; Anthony Edwards; Naz Reid; Bones Hyland; Mike Conley; Jaylen Clark; Ayo Dosunmu
2026-02-08,MIA,WAS,132,101,Bam Adebayo; Jaime Jaquez Jr.; Andrew Wiggins; Davion Mitchell; Pelle Larsson; Norman Powell; Kel'el Ware; Simone Fontecchio; Dru Smith; Tyler Herro,Bub Carrington; Will Riley; Bilal Coulibaly; Tre Johnson; Kyshawn George; Justin Champagnie; Alex Sarr; CJ McCollum; Jamir Watkins; Anthony Gill
2026-02-08,NYK,BOS,111,89,Mikal Bridges; Jalen Brunson; Karl-Anthony Towns; OG Anunoby; Josh Hart; Jordan Clarkson; Mitchell Robinson; Landry Shamet; Miles McBride; Tyler Kolek,Derrick White; Payton Pritchard; Jaylen Brown; Sam Hauser; Neemias Queta; Baylor Scheierman; Jordan Walsh; Anfernee Simons; Luka Garza; Hugo González
2026-02-09,ATL,MIN,116,138,Nickeil Alexander-Walker; Jalen Johnson; Dyson Daniels; Onyeka Okongwu; Zaccharie Risacher; CJ McCollum; Mouhamed Gueye; Vít Krejčí; Luke Kennard; Corey Kispert,Julius Randle; Donte DiVincenzo; Rudy Gobert; Jaden McDaniels; Anthony Edwards; Naz Reid; Bones Hyland; Mike Conley; Jaylen Clark; Ayo Dosunmu
2026-02-09,CHI,BKN,115,123,Matas Buzelis; Tre Jones; Josh Giddey; Isaac Okoro; Nikola Vučević; Patrick Williams; Ayo Dosunmu; Jalen Smith; Kevin Huerter; Coby White,Nic Claxton; Noah Clowney; Michael Porter Jr.; Terance Mann; Drake Powell; Egor Dёmin; Ziaire Williams; Nolan Traoré; Danny Wolf; Day'Ron Sharpe
2026-02-09,CLE,DEN,119,117,Donovan Mitchell; Evan Mobley; Jaylon Tyson; Jarrett Allen; Sam Merrill; Dean Wade; Craig Porter Jr.; De'Andre Hunter; Nae'Qwan Tomlin; James Harden,Jamal Murray; Nikola Jokić; Tim Hardaway Jr.; Bruce Brown; Cameron Johnson; Peyton Watson; Spencer Jones; Christian Braun; Aaron Gordon; Jonas Valančiūnas
2026-02-09,DET,CHA,110,104,Cade Cunningham; Duncan Robinson; Jalen Duren; Ausar Thompson; Tobias Harris; Ron Holland; Daniss Jenkins; Javonte Green; Isaiah Stewart; Caris LeVert,Kon Knueppel; Miles Bridges; LaMelo Ball; Brandon Miller; Moussa Diabaté; Sion James; Ryan Kalkbrenner; Collin Sexton; Josh Green; Grant Williams
2026-02-09,MEM,GSW,113,114,Jaylen Wells; Cam Spencer; Cedric Coward; Jaren Jackson Jr.; Santi Aldama; GG Jackson II; Kentavious Caldwell-Pope; Jock Landale; Olivier-Maxence Prosper; Javon Small,Brandin Podziemski; Draymond Green; Moses Moody; Gui Santos; Will Richard; Stephen Curry; Pat Spencer; Jimmy Butler; Quinten Post; Gary Payton II
2026-02-09,MIL,ORL,99,118,Ryan Rollins; A.J. Green; Myles Turner; Kyle Kuzma; Bobby Portis; Gary Trent Jr.; Jericho Sims; Kevin Porter Jr.; Giannis Antetokounmpo; Ousmane Dieng,Desmond Bane; Paolo Banchero; Wendell Carter Jr.; Anthony Black; Tristan Da Silva; Jalen Suggs; Franz Wagner; Goga Bitadze; Noah Penda; Tyus Jones
2026-02-09,OKC,LAL,119,110,Shai Gilgeous-Alexander; Cason Wallace; Chet Holmgren; Luguentz Dort; Isaiah Joe; Ajay Mitchell; Aaron Wiggins; Jaylin Williams; Isaiah Hartenstein; Alex Caruso,Luka Dončić; Jake LaRavia; LeBron James; Deandre Ayton; Rui Hachimura; Marcus Smart; Austin Reaves; Jaxson Hayes; Jarred Vanderbilt; Luke Kennard
2026-02-09,PHI,POR,118,135,Tyrese Maxey; VJ Edgecombe; Quentin Grimes; Dominick Barlow; Kelly Oubre Jr.; Adem Bona; Andre Drummond; Joel Embiid; Paul George; Justin Edwards,Toumani Camara; Deni Avdija; Donovan Clingan; Jerami Grant; Jrue Holiday; Shaedon Sharpe; Sidy Cissoko; Kris Murray; Caleb Love; Robert Williams
2026-02-09,SAC,NOP,94,120,DeMar DeRozan; Maxime Raynaud; Nique Clifford; Russell Westbrook; Precious Achiuwa; Malik Monk; Zach LaVine; Dennis Schröder; Dylan Cardwell; Daeqwon Plowden,Trey Murphy III; Saddiq Bey; Jeremiah Fears; Derik Queen; Zion Williamson; Herbert Jones; Yves Missi; Jordan Poole; Micah Peavy; Karlo Matković
2026-02-09,UTA,MIA,115,111,Ace Bailey; Kyle Filipowski; Keyonte George; Brice Sensabaugh; Cody Williams; Isaiah Collier; Lauri Markkanen; Svi Mykhailiuk; Jusuf Nurkić; Walter Clayton,Bam Adebayo; Jaime Jaquez Jr.; Andrew Wiggins; Davion Mitchell; Pelle Larsson; Norman Powell; Kel'el Ware; Simone Fontecchio; Dru Smith; Tyler Herro
2026-02-10,DAL,PHX,111,120,Cooper Flagg; Max Christie; Naji Marshall; P.J. Washington; Klay Thompson; Brandon Williams; Daniel Gafford; Ryan Nembhard; Dwight Powell; Caleb Martin,Collin Gillespie; Royce O'Neale; Devin Booker; Oso Ighodaro; Dillon Brooks; Jordan Goodwin; Grayson Allen; Mark Williams; Ryan Dunn; Jalen Green
2026-02-10,IND,NYK,137,134,Pascal Siakam; Jarace Walker; Andrew Nembhard; Jay Huff; Ben Sheppard; Aaron Nesmith; T.J. McConnell; Micah Potter; Quenton Jackson; Bennedict Mathurin,Mikal Bridges; Jalen Brunson; Karl-Anthony Towns; OG Anunoby; Josh Hart; Jordan Clarkson; Mitchell Robinson; Landry Shamet; Miles McBride; Tyler Kolek
2026-02-10,LAC,HOU,95,102,Kris Dunn; Kawhi Leonard; John Collins; Brook Lopez; James Harden; Kobe Sanders; Derrick Jones Jr.; Ivica Zubac; Jordan Miller; Nicolas Batum,Amen Thompson; Kevin Durant; Jabari Smith Jr.; Alperen Sengun; Reed Sheppard; Tari Eason; Josh Okogie; Clint Capela; Aaron Holiday; Steven Adams
2026-02-10,SAS,LAL,136,108,Julian Champagnie; De'Aaron Fox; Devin Vassell; Stephon Castle; Harrison Barnes; Keldon Johnson; Victor Wembanyama; Dylan Harper; Luke Kornet; Carter Bryant,Luka Dončić; Jake LaRavia; LeBron James; Deandre Ayton; Rui Hachimura; Marcus Smart; Austin Reaves; Jaxson Hayes; Jarred Vanderbilt; Luke Kennard
2026-02-11,ATL,CHA,107,110,Nickeil Alexander-Walker; Jalen Johnson; Dyson Daniels; Onyeka Okongwu; Zaccharie Risacher; CJ McCollum; Mouhamed Gueye; Vít Krejčí; Luke Kennard; Corey Kispert,Kon Knueppel; Miles Bridges; LaMelo Ball; Brandon Miller; Moussa Diabaté; Sion James; Ryan Kalkbrenner; Collin Sexton; Josh Green; Grant Williams
2026-02-11,CHI,BOS,105,124,Matas Buzelis; Tre Jones; Josh Giddey; Isaac Okoro; Nikola Vučević; Patrick Williams; Ayo Dosunmu; Jalen Smith; Kevin Huerter; Coby White,Derrick White; Payton Pritchard; Jaylen Brown; Sam Hauser; Neemias Queta; Baylor Scheierman; Jordan Walsh; Anfernee Simons; Luka Garza; Hugo González
2026-02-11,DET,TOR,113,95,Cade Cunningham; Duncan Robinson; Jalen Duren; Ausar Thompson; Tobias Harris; Ron Holland; Daniss Jenkins; Javonte Green; Isaiah Stewart; Caris LeVert,Scottie Barnes; Brandon Ingram; Immanuel Quickley; Jamal Shead; Sandro Mamukelashvili; RJ Barrett; Ja'Kobe Walter; Collin Murray-Boyles; Jakob Poeltl; Gradey Dick
2026-02-11,IND,BKN,115,110,Pascal Siakam; Jarace Walker; Andrew Nembhard; Jay Huff; Ben Sheppard; Aaron Nesmith; T.J. McConnell; Micah Potter; Quenton Jackson; Bennedict Mathurin,Nic Claxton; Noah Clowney; Michael Porter Jr.; Terance Mann; Drake Powell; Egor Dёmin; Ziaire Williams; Nolan Traoré; Danny Wolf; Day'Ron Sharpe
2026-02-11,LAC,HOU,105,102,Kris Dunn; Kawhi Leonard; John Collins; Brook Lopez; James Harden; Kobe Sanders; Derrick Jones Jr.; Ivica Zubac; Jordan Miller; Nicolas Batum,Amen Thompson; Kevin Durant; Jabari Smith Jr.; Alperen Sengun; Reed Sheppard; Tari Eason; Josh Okogie; Clint Capela; Aaron Holiday; Steven Adams
2026-02-11,MEM,DEN,116,122,Jaylen Wells; Cam Spencer; Cedric Coward; Jaren Jackson Jr.; Santi Aldama; GG Jackson II; Kentavious Caldwell-Pope; Jock Landale; Olivier-Maxence Prosper; Javon Small,Jamal Murray; Nikola Jokić; Tim Hardaway Jr.; Bruce Brown; Cameron Johnson; Peyton Watson; Spencer Jones; Christian Braun; Aaron Gordon; Jonas Valančiūnas
2026-02-11,MIA,NOP,123,111,Bam Adebayo; Jaime Jaquez Jr.; Andrew Wiggins; Davion Mitchell; Pelle Larsson; Norman Powell; Kel'el Ware; Simone Fontecchio; Dru Smith; Tyler Herro,Trey Murphy III; Saddiq Bey; Jeremiah Fears; Derik Queen; Zion Williamson; Herbert Jones; Yves Missi; Jordan Poole; Micah Peavy; Karlo Matković
2026-02-11,MIL,ORL,116,108,Ryan Rollins; A.J. Green; Myles Turner; Kyle Kuzma; Bobby Portis; Gary Trent Jr.; Jericho Sims; Kevin Porter Jr.; Giannis Antetokounmpo; Ousmane Dieng,Desmond Bane; Paolo Banchero; Wendell Carter Jr.; Anthony Black; Tristan Da Silva; Jalen Suggs; Franz Wagner; Goga Bitadze; Noah Penda; Tyus Jones
2026-02-11,NYK,PHI,138,89,Mikal Bridges; Jalen Brunson; Karl-Anthony Towns; OG Anunoby; Josh Hart; Jordan Clarkson; Mitchell Robinson; Landry Shamet; Miles McBride; Tyler Kolek,Tyrese Maxey; VJ Edgecombe; Quentin Grimes; Dominick Barlow; Kelly Oubre Jr.; Adem Bona; Andre Drummond; Joel Embiid; Paul George; Justin Edwards
2026-02-11,OKC,PHX,136,109,Shai Gilgeous-Alexander; Cason Wallace; Chet Holmgren; Luguentz Dort; Isaiah Joe; Ajay Mitchell; Aaron Wiggins; Jaylin Williams; Isaiah Hartenstein; Alex Caruso,Collin Gillespie; Royce O'Neale; Devin Booker; Oso Ighodaro; Dillon Brooks; Jordan Goodwin; Grayson Allen; Mark Williams; Ryan Dunn; Jalen Green
2026-02-11,POR,MIN,109,133,Toumani Camara; Deni Avdija; Donovan Clingan; Jerami Grant; Jrue Holiday; Shaedon Sharpe; Sidy Cissoko; Kris Murray; Caleb Love; Robert Williams,Julius Randle; Donte DiVincenzo; Rudy Gobert; Jaden McDaniels; Anthony Edwards; Naz Reid; Bones Hyland; Mike Conley; Jaylen Clark; Ayo Dosunmu
2026-02-11,SAC,UTA,93,121,DeMar DeRozan; Maxime Raynaud; Nique Clifford; Russell Westbrook; Precious Achiuwa; Malik Monk; Zach LaVine; Dennis Schröder; Dylan Cardwell; Daeqwon Plowden,Ace Bailey; Kyle Filipowski; Keyonte George; Brice Sensabaugh; Cody Williams; Isaiah Collier; Lauri Markkanen; Svi Mykhailiuk; Jusuf Nurkić; Walter Clayton
2026-02-11,SAS,GSW,126,113,Julian Champagnie; De'Aaron Fox; Devin Vassell; Stephon Castle; Harrison Barnes; Keldon Johnson; Victor Wembanyama; Dylan Harper; Luke Kornet; Carter Bryant,Brandin Podziemski; Draymond Green; Moses Moody; Gui Santos; Will Richard; Stephen Curry; Pat Spencer; Jimmy Butler; Quinten Post; Gary Payton II
2026-02-11,WAS,CLE,113,138,Bub Carrington; Will Riley; Bilal Coulibaly; Tre Johnson; Kyshawn George; Justin Champagnie; Alex Sarr; CJ McCollum; Jamir Watkins; Anthony Gill,Donovan Mitchell; Evan Mobley; Jaylon Tyson; Jarrett Allen; Sam Merrill; Dean Wade; Craig Porter Jr.; De'Andre Hunter; Nae'Qwan Tomlin; James Harden
2026-02-12,DAL,LAL,104,124,Cooper Flagg; Max Christie; Naji Marshall; P.J. Washington; Klay Thompson; Brandon Williams; Daniel Gafford; Ryan Nembhard; Dwight Powell; Caleb Martin,Luka Dončić; Jake LaRavia; LeBron James; Deandre Ayton; Rui Hachimura; Marcus Smart; Austin Reaves; Jaxson Hayes; Jarred Vanderbilt; Luke Kennard
2026-02-12,MIL,OKC,110,93,Ryan Rollins; A.J. Green; Myles Turner; Kyle Kuzma; Bobby Portis; Gary Trent Jr.; Jericho Sims; Kevin Porter Jr.; Giannis Antetokounmpo; Ousmane Dieng,Shai Gilgeous-Alexander; Cason Wallace; Chet Holmgren; Luguentz Dort; Isaiah Joe; Ajay Mitchell; Aaron Wiggins; Jaylin Williams; Isaiah Hartenstein; Alex Caruso
2026-02-12,POR,UTA,135,119,Toumani Camara; Deni Avdija; Donovan Clingan; Jerami Grant; Jrue Holiday; Shaedon Sharpe; Sidy Cissoko; Kris Murray; Caleb Love; Robert Williams,Ace Bailey; Kyle Filipowski; Keyonte George; Brice Sensabaugh; Cody Williams; Isaiah Collier; Lauri Markkanen; Svi Mykhailiuk; Jusuf Nurkić; Walter Clayton
2026-02-19,ATL,PHI,117,107,Nickeil Alexander-Walker; Jalen Johnson; Dyson Daniels; Onyeka Okongwu; Zaccharie Risacher; CJ McCollum; Mouhamed Gueye; Vít Krejčí; Luke Kennard; Corey Kispert,Tyrese Maxey; VJ Edgecombe; Quentin Grimes; Dominick Barlow; Kelly Oubre Jr.; Adem Bona; Andre Drummond; Joel Embiid; Paul George; Justin Edwards
2026-02-19,BKN,CLE,84,112,Nic Claxton; Noah Clowney; Michael Porter Jr.; Terance Mann; Drake Powell; Egor Dёmin; Ziaire Williams; Nolan Traoré; Danny Wolf; Day'Ron Sharpe,Donovan Mitchell; Evan Mobley; Jaylon Tyson; Jarrett Allen; Sam Merrill; Dean Wade; Craig Porter Jr.; De'Andre Hunter; Nae'Qwan Tomlin; James Harden
2026-02-19,BOS,GSW,121,110,Derrick White; Payton Pritchard; Jaylen Brown; Sam Hauser; Neemias Queta; Baylor Scheierman; Jordan Walsh; Anfernee Simons; Luka Garza; Hugo González,Brandin Podziemski; Draymond Green; Moses Moody; Gui Santos; Will Richard; Stephen Curry; Pat Spencer; Jimmy Butler; Quinten Post; Gary Payton II
2026-02-19,DEN,LAC,114,115,Jamal Murray; Nikola Jokić; Tim Hardaway Jr.; Bruce Brown; Cameron Johnson; Peyton Watson; Spencer Jones; Christian Braun; Aaron Gordon; Jonas Valančiūnas,Kris Dunn; Kawhi Leonard; John Collins; Brook Lopez; James Harden; Kobe Sanders; Derrick Jones Jr.; Ivica Zubac; Jordan Miller; Nicolas Batum
2026-02-19,DET,NYK,126,111,Cade Cunningham; Duncan Robinson; Jalen Duren; Ausar Thompson; Tobias Harris; Ron Holland; Daniss Jenkins; Javonte Green; Isaiah Stewart; Caris LeVert,Mikal Bridges; Jalen Brunson; Karl-Anthony Towns; OG Anunoby; Josh Hart; Jordan Clarkson; Mitchell Robinson; Landry Shamet; Miles McBride; Tyler Kolek
2026-02-19,HOU,CHA,105,101,Amen Thompson; Kevin Durant; Jabari Smith Jr.; Alperen Sengun; Reed Sheppard; Tari Eason; Josh Okogie; Clint Capela; Aaron Holiday; Steven Adams,Kon Knueppel; Miles Bridges; LaMelo Ball; Brandon Miller; Moussa Diabaté; Sion James; Ryan Kalkbrenner; Collin Sexton; Josh Green; Grant Williams
2026-02-19,IND,WAS,105,112,Pascal Siakam; Jarace Walker; Andrew Nembhard; Jay Huff; Ben Sheppard; Aaron Nesmith; T.J. McConnell; Micah Potter; Quenton Jackson; Bennedict Mathurin,Bub Carrington; Will Riley; Bilal Coulibaly; Tre Johnson; Kyshawn George; Justin Champagnie; Alex Sarr; CJ McCollum; Jamir Watkins; Anthony Gill
2026-02-19,ORL,SAC,131,94,Desmond Bane; Paolo Banchero; Wendell Carter Jr.; Anthony Black; Tristan Da Silva; Jalen Suggs; Franz Wagner; Goga Bitadze; Noah Penda; Tyus Jones,DeMar DeRozan; Maxime Raynaud; Nique Clifford; Russell Westbrook; Precious Achiuwa; Malik Monk; Zach LaVine; Dennis Schröder; Dylan Cardwell; Daeqwon Plowden
2026-02-19,PHX,SAS,94,121,Collin Gillespie; Royce O'Neale; Devin Booker; Oso Ighodaro; Dillon Brooks; Jordan Goodwin; Grayson Allen; Mark Williams; Ryan Dunn; Jalen Green,Julian Champagnie; De'Aaron Fox; Devin Vassell; Stephon Castle; Harrison Barnes; Keldon Johnson; Victor Wembanyama; Dylan Harper; Luke Kornet; Carter Bryant
2026-02-19,TOR,CHI,110,101,Scottie Barnes; Brandon Ingram; Immanuel Quickley; Jamal Shead; Sandro Mamukelashvili; RJ Barrett; Ja'Kobe Walter; Collin Murray-Boyles; Jakob Poeltl; Gradey Dick,Matas Buzelis; Tre Jones; Josh Giddey; Isaac Okoro; Nikola Vučević; Patrick Williams; Ayo Dosunmu; Jalen Smith; Kevin Huerter; Coby White
2026-02-20,BKN,OKC,86,105,Nic Claxton; Noah Clowney; Michael Porter Jr.; Terance Mann; Drake Powell; Egor Dёmin; Ziaire Williams; Nolan Traoré; Danny Wolf; Day'Ron Sharpe,Shai Gilgeous-Alexander; Cason Wallace; Chet Holmgren; Luguentz Dort; Isaiah Joe; Ajay Mitchell; Aaron Wiggins; Jaylin Williams; Isaiah Hartenstein; Alex Caruso
2026-02-20,CLE,CHA,118,113,Donovan Mitchell; Evan Mobley; Jaylon Tyson; Jarrett Allen; Sam Merrill; Dean Wade; Craig Porter Jr.; De'Andre Hunter; Nae'Qwan Tomlin; James Harden,Kon Knueppel; Miles Bridges; LaMelo Ball; Brandon Miller; Moussa Diabaté; Sion James; Ryan Kalkbrenner; Collin Sexton; Josh Green; Grant Williams
2026-02-20,DAL,MIN,111,122,Cooper Flagg; Max Christie; Naji Marshall; P.J. Washington; Klay Thompson; Brandon Williams; Daniel Gafford; Ryan Nembhard; Dwight Powell; Caleb Martin,Julius Randle; Donte DiVincenzo; Rudy Gobert; Jaden McDaniels; Anthony Edwards; Naz Reid; Bones Hyland; Mike Conley; Jaylen Clark; Ayo Dosunmu
2026-02-20,DEN,POR,157,103,Jamal Murray; Nikola Jokić; Tim Hardaway Jr.; Bruce Brown; Cameron Johnson; Peyton Watson; Spencer Jones; Christian Braun; Aaron Gordon; Jonas Valančiūnas,Toumani Camara; Deni Avdija; Donovan Clingan; Jerami Grant; Jrue Holiday; Shaedon Sharpe; Sidy Cissoko; Kris Murray; Caleb Love; Robert Williams
2026-02-20,IND,WAS,118,131,Pascal Siakam; Jarace Walker; Andrew Nembhard; Jay Huff; Ben Sheppard; Aaron Nesmith; T.J. McConnell; Micah Potter; Quenton Jackson; Bennedict Mathurin,Bub Carrington; Will Riley; Bilal Coulibaly; Tre Johnson; Kyshawn George; Justin Champagnie; Alex Sarr; CJ McCollum; Jamir Watkins; Anthony Gill
2026-02-20,LAC,LAL,122,125,Kris Dunn; Kawhi Leonard; John Collins; Brook Lopez; James Harden; Kobe Sanders; Derrick Jones Jr.; Ivica Zubac; Jordan Miller; Nicolas Batum,Luka Dončić; Jake LaRavia; LeBron James; Deandre Ayton; Rui Hachimura; Marcus Smart; Austin Reaves; Jaxson Hayes; Jarred Vanderbilt; Luke Kennard
2026-02-20,MIA,ATL,128,97,Bam Adebayo; Jaime Jaquez Jr.; Andrew Wiggins; Davion Mitchell; Pelle Larsson; Norman Powell; Kel'el Ware; Simone Fontecchio; Dru Smith; Tyler Herro,Nickeil Alexander-Walker; Jalen Johnson; Dyson Daniels; Onyeka Okongwu; Zaccharie Risacher; CJ McCollum; Mouhamed Gueye; Vít Krejčí; Luke Kennard; Corey Kispert
2026-02-20,MIL,NOP,139,118,Ryan Rollins; A.J. Green; Myles Turner; Kyle Kuzma; Bobby Portis; Gary Trent Jr.; Jericho Sims; Kevin Porter Jr.; Giannis Antetokounmpo; Ousmane Dieng,Trey Murphy III; Saddiq Bey; Jeremiah Fears; Derik Queen; Zion Williamson; Herbert Jones; Yves Missi; Jordan Poole; Micah Peavy; Karlo Matković
2026-02-20,UTA,MEM,114,123,Ace Bailey; Kyle Filipowski; Keyonte George; Brice Sensabaugh; Cody Williams; Isaiah Collier; Lauri Markkanen; Svi Mykhailiuk; Jusuf Nurkić; Walter Clayton,Jaylen Wells; Cam Spencer; Cedric Coward; Jaren Jackson Jr.; Santi Aldama; GG Jackson II; Kentavious Caldwell-Pope; Jock Landale; Olivier-Maxence Prosper; Javon Small
2026-02-21,DET,CHI,126,110,Cade Cunningham; Duncan Robinson; Jalen Duren; Ausar Thompson; Tobias Harris; Ron Holland; Daniss Jenkins; Javonte Green; Isaiah Stewart; Caris LeVert,Matas Buzelis; Tre Jones; Josh Giddey; Isaac Okoro; Nikola Vučević; Patrick Williams; Ayo Dosunmu; Jalen Smith; Kevin Huerter; Coby White
2026-02-21,HOU,NYK,106,108,Amen Thompson; Kevin Durant; Jabari Smith Jr.; Alperen Sengun; Reed Sheppard; Tari Eason; Josh Okogie; Clint Capela; Aaron Holiday; Steven Adams,Mikal Bridges; Jalen Brunson; Karl-Anthony Towns; OG Anunoby; Josh Hart; Jordan Clarkson; Mitchell Robinson; Landry Shamet; Miles McBride; Tyler Kolek
2026-02-21,MEM,MIA,120,136,Jaylen Wells; Cam Spencer; Cedric Coward; Jaren Jackson Jr.; Santi Aldama; GG Jackson II; Kentavious Caldwell-Pope; Jock Landale; Olivier-Maxence Prosper; Javon Small,Bam Adebayo; Jaime Jaquez Jr.; Andrew Wiggins; Davion Mitchell; Pelle Larsson; Norman Powell; Kel'el Ware; Simone Fontecchio; Dru Smith; Tyler Herro
2026-02-21,ORL,PHX,110,113,Desmond Bane; Paolo Banchero; Wendell Carter Jr.; Anthony Black; Tristan Da Silva; Jalen Suggs; Franz Wagner; Goga Bitadze; Noah Penda; Tyus Jones,Collin Gillespie; Royce O'Neale; Devin Booker; Oso Ighodaro; Dillon Brooks; Jordan Goodwin; Grayson Allen; Mark Williams; Ryan Dunn; Jalen Green
2026-02-21,PHI,NOP,111,126,Tyrese Maxey; VJ Edgecombe; Quentin Grimes; Dominick Barlow; Kelly Oubre Jr.; Adem Bona; Andre Drummond; Joel Embiid; Paul George; Justin Edwards,Trey Murphy III; Saddiq Bey; Jeremiah Fears; Derik Queen; Zion Williamson; Herbert Jones; Yves Missi; Jordan Poole; Micah Peavy; Karlo Matković
2026-02-21,SAC,SAS,122,139,DeMar DeRozan; Maxime Raynaud; Nique Clifford; Russell Westbrook; Precious Achiuwa; Malik Monk; Zach LaVine; Dennis Schröder; Dylan Cardwell; Daeqwon Plowden,Julian Champagnie; De'Aaron Fox; Devin Vassell; Stephon Castle; Harrison Barnes; Keldon Johnson; Victor Wembanyama; Dylan Harper; Luke Kornet; Carter Bryant
2026-02-22,BKN,ATL,104,115,Nic Claxton; Noah Clowney; Michael Porter Jr.; Terance Mann; Drake Powell; Egor Dёmin; Ziaire Williams; Nolan Traoré; Danny Wolf; Day'Ron Sharpe,Nickeil Alexander-Walker; Jalen Johnson; Dyson Daniels; Onyeka Okongwu; Zaccharie Risacher; CJ McCollum; Mouhamed Gueye; Vít Krejčí; Luke Kennard; Corey Kispert
2026-02-22,BOS,LAL,111,89,Derrick White; Payton Pritchard; Jaylen Brown; Sam Hauser; Neemias Queta; Baylor Scheierman; Jordan Walsh; Anfernee Simons; Luka Garza; Hugo González,Luka Dončić; Jake LaRavia; LeBron James; Deandre Ayton; Rui Hachimura; Marcus Smart; Austin Reaves; Jaxson Hayes; Jarred Vanderbilt; Luke Kennard
2026-02-22,CHA,WAS,129,112,Kon Knueppel; Miles Bridges; LaMelo Ball; Brandon Miller; Moussa Diabaté; Sion James; Ryan Kalkbrenner; Collin Sexton; Josh Green; Grant Williams,Bub Carrington; Will Riley; Bilal Coulibaly; Tre Johnson; Kyshawn George; Justin Champagnie; Alex Sarr; CJ McCollum; Jamir Watkins; Anthony Gill
2026-02-22,CLE,OKC,113,121,Donovan Mitchell; Evan Mobley; Jaylon Tyson; Jarrett Allen; Sam Merrill; Dean Wade; Craig Porter Jr.; De'Andre Hunter; Nae'Qwan Tomlin; James Harden,Shai Gilgeous-Alexander; Cason Wallace; Chet Holmgren; Luguentz Dort; Isaiah Joe; Ajay Mitchell; Aaron Wiggins; Jaylin Williams; Isaiah Hartenstein; Alex Caruso
2026-02-22,DAL,IND,134,130,Cooper Flagg; Max Christie; Naji Marshall; P.J. Washington; Klay Thompson; Brandon Williams; Daniel Gafford; Ryan Nembhard; Dwight Powell; Caleb Martin,Pascal Siakam; Jarace Walker; Andrew Nembhard; Jay Huff; Ben Sheppard; Aaron Nesmith; T.J. McConnell; Micah Potter; Quenton Jackson; Bennedict Mathurin
2026-02-22,DEN,GSW,117,128,Jamal Murray; Nikola Jokić; Tim Hardaway Jr.; Bruce Brown; Cameron Johnson; Peyton Watson; Spencer Jones; Christian Braun; Aaron Gordon; Jonas Valančiūnas,Brandin Podziemski; Draymond Green; Moses Moody; Gui Santos; Will Richard; Stephen Curry; Pat Spencer; Jimmy Butler; Quinten Post; Gary Payton II
2026-02-22,NYK,CHI,105,99,Mikal Bridges; Jalen Brunson; Karl-Anthony Towns; OG Anunoby; Josh Hart; Jordan Clarkson; Mitchell Robinson; Landry Shamet; Miles McBride; Tyler Kolek,Matas Buzelis; Tre Jones; Josh Giddey; Isaac Okoro; Nikola Vučević; Patrick Williams; Ayo Dosunmu; Jalen Smith; Kevin Huerter; Coby White
2026-02-22,ORL,LAC,111,109,Desmond Bane; Paolo Banchero; Wendell Carter Jr.; Anthony Black; Tristan Da Silva; Jalen Suggs; Franz Wagner; Goga Bitadze; Noah Penda; Tyus Jones,Kris Dunn; Kawhi Leonard; John Collins; Brook Lopez; James Harden; Kobe Sanders; Derrick Jones Jr.; Ivica Zubac; Jordan Miller; Nicolas Batum
2026-02-22,PHI,MIN,135,108,Tyrese Maxey; VJ Edgecombe; Quentin Grimes; Dominick Barlow; Kelly Oubre Jr.; Adem Bona; Andre Drummond; Joel Embiid; Paul George; Justin Edwards,Julius Randle; Donte DiVincenzo; Rudy Gobert; Jaden McDaniels; Anthony Edwards; Naz Reid; Bones Hyland; Mike Conley; Jaylen Clark; Ayo Dosunmu
2026-02-22,POR,PHX,92,77,Toumani Camara; Deni Avdija; Donovan Clingan; Jerami Grant; Jrue Holiday; Shaedon Sharpe; Sidy Cissoko; Kris Murray; Caleb Love; Robert Williams,Collin Gillespie; Royce O'Neale; Devin Booker; Oso Ighodaro; Dillon Brooks; Jordan Goodwin; Grayson Allen; Mark Williams; Ryan Dunn; Jalen Green
2026-02-22,TOR,MIL,122,94,Scottie Barnes; Brandon Ingram; Immanuel Quickley; Jamal Shead; Sandro Mamukelashvili; RJ Barrett; Ja'Kobe Walter; Collin Murray-Boyles; Jakob Poeltl; Gradey Dick,Ryan Rollins; A.J. Green; Myles Turner; Kyle Kuzma; Bobby Portis; Gary Trent Jr.; Jericho Sims; Kevin Porter Jr.; Giannis Antetokounmpo; Ousmane Dieng
2026-02-23,SAC,MEM,123,114,DeMar DeRozan; Maxime Raynaud; Nique Clifford; Russell Westbrook; Precious Achiuwa; Malik Monk; Zach LaVine; Dennis Schröder; Dylan Cardwell; Daeqwon Plowden,Jaylen Wells; Cam Spencer; Cedric Coward; Jaren Jackson Jr.; Santi Aldama; GG Jackson II; Kentavious Caldwell-Pope; Jock Landale; Olivier-Maxence Prosper; Javon Small
2026-02-23,SAS,DET,114,103,Julian Champagnie; De'Aaron Fox; Devin Vassell; Stephon Castle; Harrison Barnes; Keldon Johnson; Victor Wembanyama; Dylan Harper; Luke Kornet; Carter Bryant,Cade Cunningham; Duncan Robinson; Jalen Duren; Ausar Thompson; Tobias Harris; Ron Holland; Daniss Jenkins; Javonte Green; Isaiah Stewart; Caris LeVert
2026-02-23,UTA,HOU,105,125,Ace Bailey; Kyle Filipowski; Keyonte George; Brice Sensabaugh; Cody Williams; Isaiah Collier; Lauri Markkanen; Svi Mykhailiuk; Jusuf Nurkić; Walter Clayton,Amen Thompson; Kevin Durant; Jabari Smith Jr.; Alperen Sengun; Reed Sheppard; Tari Eason; Josh Okogie; Clint Capela; Aaron Holiday; Steven Adams
2026-02-24,BOS,PHX,97,81,Derrick White; Payton Pritchard; Jaylen Brown; Sam Hauser; Neemias Queta; Baylor Scheierman; Jordan Walsh; Anfernee Simons; Luka Garza; Hugo González,Collin Gillespie; Royce O'Neale; Devin Booker; Oso Ighodaro; Dillon Brooks; Jordan Goodwin; Grayson Allen; Mark Williams; Ryan Dunn; Jalen Green
2026-02-24,CHA,CHI,131,99,Kon Knueppel; Miles Bridges; LaMelo Ball; Brandon Miller; Moussa Diabaté; Sion James; Ryan Kalkbrenner; Collin Sexton; Josh Green; Grant Williams,Matas Buzelis; Tre Jones; Josh Giddey; Isaac Okoro; Nikola Vučević; Patrick Williams; Ayo Dosunmu; Jalen Smith; Kevin Huerter; Coby White
2026-02-24,DAL,BKN,123,114,Cooper Flagg; Max Christie; Naji Marshall; P.J. Washington; Klay Thompson; Brandon Williams; Daniel Gafford; Ryan Nembhard; Dwight Powell; Caleb Martin,Nic Claxton; Noah Clowney; Michael Porter Jr.; Terance Mann; Drake Powell; Egor Dёmin; Ziaire Williams; Nolan Traoré; Danny Wolf; Day'Ron Sharpe
2026-02-24,GSW,NOP,109,113,Brandin Podziemski; Draymond Green; Moses Moody; Gui Santos; Will Richard; Stephen Curry; Pat Spencer; Jimmy Butler; Quinten Post; Gary Payton II,Trey Murphy III; Saddiq Bey; Jeremiah Fears; Derik Queen; Zion Williamson; Herbert Jones; Yves Missi; Jordan Poole; Micah Peavy; Karlo Matković
2026-02-24,MIA,MIL,117,128,Bam Adebayo; Jaime Jaquez Jr.; Andrew Wiggins; Davion Mitchell; Pelle Larsson; Norman Powell; Kel'el Ware; Simone Fontecchio; Dru Smith; Tyler Herro,Ryan Rollins; A.J. Green; Myles Turner; Kyle Kuzma; Bobby Portis; Gary Trent Jr.; Jericho Sims; Kevin Porter Jr.; Giannis Antetokounmpo; Ousmane Dieng
2026-02-24,MIN,POR,124,121,Julius Randle; Donte DiVincenzo; Rudy Gobert; Jaden McDaniels; Anthony Edwards; Naz Reid; Bones Hyland; Mike Conley; Jaylen Clark; Ayo Dosunmu,Toumani Camara; Deni Avdija; Donovan Clingan; Jerami Grant; Jrue Holiday; Shaedon Sharpe; Sidy Cissoko; Kris Murray; Caleb Love; Robert Williams
2026-02-24,NYK,CLE,94,109,Mikal Bridges; Jalen Brunson; Karl-Anthony Towns; OG Anunoby; Josh Hart; Jordan Clarkson; Mitchell Robinson; Landry Shamet; Miles McBride; Tyler Kolek,Donovan Mitchell; Evan Mobley; Jaylon Tyson; Jarrett Allen; Sam Merrill; Dean Wade; Craig Porter Jr.; De'Andre Hunter; Nae'Qwan Tomlin; James Harden
2026-02-24,OKC,TOR,116,107,Shai Gilgeous-Alexander; Cason Wallace; Chet Holmgren; Luguentz Dort; Isaiah Joe; Ajay Mitchell; Aaron Wiggins; Jaylin Williams; Isaiah Hartenstein; Alex Caruso,Scottie Barnes; Brandon Ingram; Immanuel Quickley; Jamal Shead; Sandro Mamukelashvili; RJ Barrett; Ja'Kobe Walter; Collin Murray-Boyles; Jakob Poeltl; Gradey Dick
2026-02-24,ORL,LAL,110,109,Desmond Bane; Paolo Banchero; Wendell Carter Jr.; Anthony Black; Tristan Da Silva; Jalen Suggs; Franz Wagner; Goga Bitadze; Noah Penda; Tyus Jones,Luka Dončić; Jake LaRavia; LeBron James; Deandre Ayton; Rui Hachimura; Marcus Smart; Austin Reaves; Jaxson Hayes; Jarred Vanderbilt; Luke Kennard
2026-02-24,PHI,IND,135,114,Tyrese Maxey; VJ Edgecombe; Quentin Grimes; Dominick Barlow; Kelly Oubre Jr.; Adem Bona; Andre Drummond; Joel Embiid; Paul George; Justin Edwards,Pascal Siakam; Jarace Walker; Andrew Nembhard; Jay Huff; Ben Sheppard; Aaron Nesmith; T.J. McConnell; Micah Potter; Quenton Jackson; Bennedict Mathurin
2026-02-24,WAS,ATL,98,119,Bub Carrington; Will Riley; Bilal Coulibaly; Tre Johnson; Kyshawn George; Justin Champagnie; Alex Sarr; CJ McCollum; Jamir Watkins; Anthony Gill,Nickeil Alexander-Walker; Jalen Johnson; Dyson Daniels; Onyeka Okongwu; Zaccharie Risacher; CJ McCollum; Mouhamed Gueye; Vít Krejčí; Luke Kennard; Corey Kispert
2026-02-25,BOS,DEN,84,103,Derrick White; Payton Pritchard; Jaylen Brown; Sam Hauser; Neemias Queta; Baylor Scheierman; Jordan Walsh; Anfernee Simons; Luka Garza; Hugo González,Jamal Murray; Nikola Jokić; Tim Hardaway Jr.; Bruce Brown; Cameron Johnson; Peyton Watson; Spencer Jones; Christian Braun; Aaron Gordon; Jonas Valančiūnas
2026-02-25,CLE,MIL,116,118,Donovan Mitchell; Evan Mobley; Jaylon Tyson; Jarrett Allen; Sam Merrill; Dean Wade; Craig Porter Jr.; De'Andre Hunter; Nae'Qwan Tomlin; James Harden,Ryan Rollins; A.J. Green; Myles Turner; Kyle Kuzma; Bobby Portis; Gary Trent Jr.; Jericho Sims; Kevin Porter Jr.; Giannis Antetokounmpo; Ousmane Dieng
2026-02-25,GSW,MEM,133,112,Brandin Podziemski; Draymond Green; Moses Moody; Gui Santos; Will Richard; Stephen Curry; Pat Spencer; Jimmy Butler; Quinten Post; Gary Payton II,Jaylen Wells; Cam Spencer; Cedric Coward; Jaren Jackson Jr.; Santi Aldama; GG Jackson II; Kentavious Caldwell-Pope; Jock Landale; Olivier-Maxence Prosper; Javon Small
2026-02-25,OKC,DET,116,124,Shai Gilgeous-Alexander; Cason Wallace; Chet Holmgren; Luguentz Dort; Isaiah Joe; Ajay Mitchell; Aaron Wiggins; Jaylin Williams; Isaiah Hartenstein; Alex Caruso,Cade Cunningham; Duncan Robinson; Jalen Duren; Ausar Thompson; Tobias Harris; Ron Holland; Daniss Jenkins; Javonte Green; Isaiah Stewart; Caris LeVert
2026-02-25,SAC,HOU,97,128,DeMar DeRozan; Maxime Raynaud; Nique Clifford; Russell Westbrook; Precious Achiuwa; Malik Monk; Zach LaVine; Dennis Schröder; Dylan Cardwell; Daeqwon Plowden,Amen Thompson; Kevin Durant; Jabari Smith Jr.; Alperen Sengun; Reed Sheppard; Tari Eason; Josh Okogie; Clint Capela; Aaron Holiday; Steven Adams
2026-02-25,SAS,TOR,110,107,Julian Champagnie; De'Aaron Fox; Devin Vassell; Stephon Castle; Harrison Barnes; Keldon Johnson; Victor Wembanyama; Dylan Harper; Luke Kornet; Carter Bryant,Scottie Barnes; Brandon Ingram; Immanuel Quickley; Jamal Shead; Sandro Mamukelashvili; RJ Barrett; Ja'Kobe Walter; Collin Murray-Boyles; Jakob Poeltl; Gradey Dick
2026-02-26,CHA,IND,133,109,Kon Knueppel; Miles Bridges; LaMelo Ball; Brandon Miller; Moussa Diabaté; Sion James; Ryan Kalkbrenner; Collin Sexton; Josh Green; Grant Williams,Pascal Siakam; Jarace Walker; Andrew Nembhard; Jay Huff; Ben Sheppard; Aaron Nesmith; T.J. McConnell; Micah Potter; Quenton Jackson; Bennedict Mathurin
2026-02-26,HOU,ORL,113,108,Amen Thompson; Kevin Durant; Jabari Smith Jr.; Alperen Sengun; Reed Sheppard; Tari Eason; Josh Okogie; Clint Capela; Aaron Holiday; Steven Adams,Desmond Bane; Paolo Banchero; Wendell Carter Jr.; Anthony Black; Tristan Da Silva; Jalen Suggs; Franz Wagner; Goga Bitadze; Noah Penda; Tyus Jones
2026-02-26,LAL,PHX,110,113,Luka Dončić; Jake LaRavia; LeBron James; Deandre Ayton; Rui Hachimura; Marcus Smart; Austin Reaves; Jaxson Hayes; Jarred Vanderbilt; Luke Kennard,Collin Gillespie; Royce O'Neale; Devin Booker; Oso Ighodaro; Dillon Brooks; Jordan Goodwin; Grayson Allen; Mark Williams; Ryan Dunn; Jalen Green
2026-02-26,MIA,PHI,117,124,Bam Adebayo; Jaime Jaquez Jr.; Andrew Wiggins; Davion Mitchell; Pelle Larsson; Norman Powell; Kel'el Ware; Simone Fontecchio; Dru Smith; Tyler Herro,Tyrese Maxey; VJ Edgecombe; Quentin Grimes; Dominick Barlow; Kelly Oubre Jr.; Adem Bona; Andre Drummond; Joel Embiid; Paul George; Justin Edwards
2026-02-26,MIN,LAC,94,88,Julius Randle; Donte DiVincenzo; Rudy Gobert; Jaden McDaniels; Anthony Edwards; Naz Reid; Bones Hyland; Mike Conley; Jaylen Clark; Ayo Dosunmu,Kris Dunn; Kawhi Leonard; John Collins; Brook Lopez; James Harden; Kobe Sanders; Derrick Jones Jr.; Ivica Zubac; Jordan Miller; Nicolas Batum
2026-02-26,NOP,UTA,129,118,Trey Murphy III; Saddiq Bey; Jeremiah Fears; Derik Queen; Zion Williamson; Herbert Jones; Yves Missi; Jordan Poole; Micah Peavy; Karlo Matković,Ace Bailey; Kyle Filipowski; Keyonte George; Brice Sensabaugh; Cody Williams; Isaiah Collier; Lauri Markkanen; Svi Mykhailiuk; Jusuf Nurkić; Walter Clayton
2026-02-26,POR,CHI,121,112,Toumani Camara; Deni Avdija; Donovan Clingan; Jerami Grant; Jrue Holiday; Shaedon Sharpe; Sidy Cissoko; Kris Murray; Caleb Love; Robert Williams,Matas Buzelis; Tre Jones; Josh Giddey; Isaac Okoro; Nikola Vučević; Patrick Williams; Ayo Dosunmu; Jalen Smith; Kevin Huerter; Coby White
2026-02-26,SAC,DAL,130,121,DeMar DeRozan; Maxime Raynaud; Nique Clifford; Russell Westbrook; Precious Achiuwa; Malik Monk; Zach LaVine; Dennis Schröder; Dylan Cardwell; Daeqwon Plowden,Cooper Flagg; Max Christie; Naji Marshall; P.J. Washington; Klay Thompson; Brandon Williams; Daniel Gafford; Ryan Nembhard; Dwight Powell; Caleb Martin
2026-02-26,SAS,BKN,126,110,Julian Champagnie; De'Aaron Fox; Devin Vassell; Stephon Castle; Harrison Barnes; Keldon Johnson; Victor Wembanyama; Dylan Harper; Luke Kornet; Carter Bryant,Nic Claxton; Noah Clowney; Michael Porter Jr.; Terance Mann; Drake Powell; Egor Dёmin; Ziaire Williams; Nolan Traoré; Danny Wolf; Day'Ron Sharpe
2026-02-26,WAS,ATL,96,126,Bub Carrington; Will Riley; Bilal Coulibaly; Tre Johnson; Kyshawn George; Justin Champagnie; Alex Sarr; CJ McCollum; Jamir Watkins; Anthony Gill,Nickeil Alexander-Walker; Jalen Johnson; Dyson Daniels; Onyeka Okongwu; Zaccharie Risacher; CJ McCollum; Mouhamed Gueye; Vít Krejčí; Luke Kennard; Corey Kispert
2026-02-27,BKN,BOS,111,148,Nic Claxton; Noah Clowney; Michael Porter Jr.; Terance Mann; Drake Powell; Egor Dёmin; Ziaire Williams; Nolan Traoré; Danny Wolf; Day'Ron Sharpe,Derrick White; Payton Pritchard; Jaylen Brown; Sam Hauser; Neemias Queta; Baylor Scheierman; Jordan Walsh; Anfernee Simons; Luka Garza; Hugo González
2026-02-27,CLE,DET,119,122,Donovan Mitchell; Evan Mobley; Jaylon Tyson; Jarrett Allen; Sam Merrill; Dean Wade; Craig Porter Jr.; De'Andre Hunter; Nae'Qwan Tomlin; James Harden,Cade Cunningham; Duncan Robinson; Jalen Duren; Ausar Thompson; Tobias Harris; Ron Holland; Daniss Jenkins; Javonte Green; Isaiah Stewart; Caris LeVert
2026-02-27,DEN,OKC,121,127,Jamal Murray; Nikola Jokić; Tim Hardaway Jr.; Bruce Brown; Cameron Johnson; Peyton Watson; Spencer Jones; Christian Braun; Aaron Gordon; Jonas Valančiūnas,Shai Gilgeous-Alexander; Cason Wallace; Chet Holmgren; Luguentz Dort; Isaiah Joe; Ajay Mitchell; Aaron Wiggins; Jaylin Williams; Isaiah Hartenstein; Alex Caruso
2026-02-27,MEM,DAL,124,105,Jaylen Wells; Cam Spencer; Cedric Coward; Jaren Jackson Jr.; Santi Aldama; GG Jackson II; Kentavious Caldwell-Pope; Jock Landale; Olivier-Maxence Prosper; Javon Small,Cooper Flagg; Max Christie; Naji Marshall; P.J. Washington; Klay Thompson; Brandon Williams; Daniel Gafford; Ryan Nembhard; Dwight Powell; Caleb Martin
2026-02-27,NYK,MIL,127,98,Mikal Bridges; Jalen Brunson; Karl-Anthony Towns; OG Anunoby; Josh Hart; Jordan Clarkson; Mitchell Robinson; Landry Shamet; Miles McBride; Tyler Kolek,Ryan Rollins; A.J. Green; Myles Turner; Kyle Kuzma; Bobby Portis; Gary Trent Jr.; Jericho Sims; Kevin Porter Jr.; Giannis Antetokounmpo; Ousmane Dieng
2026-02-28,HOU,MIA,105,115,Amen Thompson; Kevin Durant; Jabari Smith Jr.; Alperen Sengun; Reed Sheppard; Tari Eason; Josh Okogie; Clint Capela; Aaron Holiday; Steven Adams,Bam Adebayo; Jaime Jaquez Jr.; Andrew Wiggins; Davion Mitchell; Pelle Larsson; Norman Powell; Kel'el Ware; Simone Fontecchio; Dru Smith; Tyler Herro
2026-02-28,LAL,GSW,129,101,Luka Dončić; Jake LaRavia; LeBron James; Deandre Ayton; Rui Hachimura; Marcus Smart; Austin Reaves; Jaxson Hayes; Jarred Vanderbilt; Luke Kennard,Brandin Podziemski; Draymond Green; Moses Moody; Gui Santos; Will Richard; Stephen Curry; Pat Spencer; Jimmy Butler; Quinten Post; Gary Payton II
2026-02-28,NOP,UTA,115,105,Trey Murphy III; Saddiq Bey; Jeremiah Fears; Derik Queen; Zion Williamson; Herbert Jones; Yves Missi; Jordan Poole; Micah Peavy; Karlo Matković,Ace Bailey; Kyle Filipowski; Keyonte George; Brice Sensabaugh; Cody Williams; Isaiah Collier; Lauri Markkanen; Svi Mykhailiuk; Jusuf Nurkić; Walter Clayton
2026-02-28,POR,CHA,93,109,Toumani Camara; Deni Avdija; Donovan Clingan; Jerami Grant; Jrue Holiday; Shaedon Sharpe; Sidy Cissoko; Kris Murray; Caleb Love; Robert Williams,Kon Knueppel; Miles Bridges; LaMelo Ball; Brandon Miller; Moussa Diabaté; Sion James; Ryan Kalkbrenner; Collin Sexton; Josh Green; Grant Williams
2026-02-28,TOR,WAS,134,125,Scottie Barnes; Brandon Ingram; Immanuel Quickley; Jamal Shead; Sandro Mamukelashvili; RJ Barrett; Ja'Kobe Walter; Collin Murray-Boyles; Jakob Poeltl; Gradey Dick,Bub Carrington; Will Riley; Bilal Coulibaly; Tre Johnson; Kyshawn George; Justin Champagnie; Alex Sarr; CJ McCollum; Jamir Watkins; Anthony Gill
2026-03-01,CLE,BKN,106,102,Donovan Mitchell; Evan Mobley; Jaylon Tyson; Jarrett Allen; Sam Merrill; Dean Wade; Craig Porter Jr.; De'Andre Hunter; Nae'Qwan Tomlin; James Harden,Nic Claxton; Noah Clowney; Michael Porter Jr.; Terance Mann; Drake Powell; Egor Dёmin; Ziaire Williams; Nolan Traoré; Danny Wolf; Day'Ron Sharpe
2026-03-01,DET,ORL,106,92,Cade Cunningham; Duncan Robinson; Jalen Duren; Ausar Thompson; Tobias Harris; Ron Holland; Daniss Jenkins; Javonte Green; Isaiah Stewart; Caris LeVert,Desmond Bane; Paolo Banchero; Wendell Carter Jr.; Anthony Black; Tristan Da Silva; Jalen Suggs; Franz Wagner; Goga Bitadze; Noah Penda; Tyus Jones
2026-03-01,MEM,IND,125,106,Jaylen Wells; Cam Spencer; Cedric Coward; Jaren Jackson Jr.; Santi Aldama; GG Jackson II; Kentavious Caldwell-Pope; Jock Landale; Olivier-Maxence Prosper; Javon Small,Pascal Siakam; Jarace Walker; Andrew Nembhard; Jay Huff; Ben Sheppard; Aaron Nesmith; T.J. McConnell; Micah Potter; Quenton Jackson; Bennedict Mathurin
2026-03-01,MIL,CHI,97,120,Ryan Rollins; A.J. Green; Myles Turner; Kyle Kuzma; Bobby Portis; Gary Trent Jr.; Jericho Sims; Kevin Porter Jr.; Giannis Antetokounmpo; Ousmane Dieng,Matas Buzelis; Tre Jones; Josh Giddey; Isaac Okoro; Nikola Vučević; Patrick Williams; Ayo Dosunmu; Jalen Smith; Kevin Huerter; Coby White
2026-03-01,MIN,DEN,117,108,Julius Randle; Donte DiVincenzo; Rudy Gobert; Jaden McDaniels; Anthony Edwards; Naz Reid; Bones Hyland; Mike Conley; Jaylen Clark; Ayo Dosunmu,Jamal Murray; Nikola Jokić; Tim Hardaway Jr.; Bruce Brown; Cameron Johnson; Peyton Watson; Spencer Jones; Christian Braun; Aaron Gordon; Jonas Valančiūnas
2026-03-01,NOP,LAC,117,137,Trey Murphy III; Saddiq Bey; Jeremiah Fears; Derik Queen; Zion Williamson; Herbert Jones; Yves Missi; Jordan Poole; Micah Peavy; Karlo Matković,Kris Dunn; Kawhi Leonard; John Collins; Brook Lopez; James Harden; Kobe Sanders; Derrick Jones Jr.; Ivica Zubac; Jordan Miller; Nicolas Batum
2026-03-01,OKC,DAL,100,87,Shai Gilgeous-Alexander; Cason Wallace; Chet Holmgren; Luguentz Dort; Isaiah Joe; Ajay Mitchell; Aaron Wiggins; Jaylin Williams; Isaiah Hartenstein; Alex Caruso,Cooper Flagg; Max Christie; Naji Marshall; P.J. Washington; Klay Thompson; Brandon Williams; Daniel Gafford; Ryan Nembhard; Dwight Powell; Caleb Martin
2026-03-01,PHI,BOS,98,114,Tyrese Maxey; VJ Edgecombe; Quentin Grimes; Dominick Barlow; Kelly Oubre Jr.; Adem Bona; Andre Drummond; Joel Embiid; Paul George; Justin Edwards,Derrick White; Payton Pritchard; Jaylen Brown; Sam Hauser; Neemias Queta; Baylor Scheierman; Jordan Walsh; Anfernee Simons; Luka Garza; Hugo González
2026-03-01,POR,ATL,101,135,Toumani Camara; Deni Avdija; Donovan Clingan; Jerami Grant; Jrue Holiday; Shaedon Sharpe; Sidy Cissoko; Kris Murray; Caleb Love; Robert Williams,Nickeil Alexander-Walker; Jalen Johnson; Dyson Daniels; Onyeka Okongwu; Zaccharie Risacher; CJ McCollum; Mouhamed Gueye; Vít Krejčí; Luke Kennard; Corey Kispert
2026-03-01,SAC,LAL,104,128,DeMar DeRozan; Maxime Raynaud; Nique Clifford; Russell Westbrook; Precious Achiuwa; Malik Monk; Zach LaVine; Dennis Schröder; Dylan Cardwell; Daeqwon Plowden,Luka Dončić; Jake LaRavia; LeBron James; Deandre Ayton; Rui Hachimura; Marcus Smart; Austin Reaves; Jaxson Hayes; Jarred Vanderbilt; Luke Kennard
2026-03-01,SAS,NYK,89,114,Julian Champagnie; De'Aaron Fox; Devin Vassell; Stephon Castle; Harrison Barnes; Keldon Johnson; Victor Wembanyama; Dylan Harper; Luke Kornet; Carter Bryant,Mikal Bridges; Jalen Brunson; Karl-Anthony Towns; OG Anunoby; Josh Hart; Jordan Clarkson; Mitchell Robinson; Landry Shamet; Miles McBride; Tyler Kolek
2026-03-02,BOS,MIL,108,81,Derrick White; Payton Pritchard; Jaylen Brown; Sam Hauser; Neemias Queta; Baylor Scheierman; Jordan Walsh; Anfernee Simons; Luka Garza; Hugo González,Ryan Rollins; A.J. Green; Myles Turner; Kyle Kuzma; Bobby Portis; Gary Trent Jr.; Jericho Sims; Kevin Porter Jr.; Giannis Antetokounmpo; Ousmane Dieng
2026-03-02,DEN,UTA,128,125,Jamal Murray; Nikola Jokić; Tim Hardaway Jr.; Bruce Brown; Cameron Johnson; Peyton Watson; Spencer Jones; Christian Braun; Aaron Gordon; Jonas Valančiūnas,Ace Bailey; Kyle Filipowski; Keyonte George; Brice Sensabaugh; Cody Williams; Isaiah Collier; Lauri Markkanen; Svi Mykhailiuk; Jusuf Nurkić; Walter Clayton
2026-03-02,HOU,WAS,123,118,Amen Thompson; Kevin Durant; Jabari Smith Jr.; Alperen Sengun; Reed Sheppard; Tari Eason; Josh Okogie; Clint Capela; Aaron Holiday; Steven Adams,Bub Carrington; Will Riley; Bilal Coulibaly; Tre Johnson; Kyshawn George; Justin Champagnie; Alex Sarr; CJ McCollum; Jamir Watkins; Anthony Gill
2026-03-02,LAC,GSW,114,101,Kris Dunn; Kawhi Leonard; John Collins; Brook Lopez; James Harden; Kobe Sanders; Derrick Jones Jr.; Ivica Zubac; Jordan Miller; Nicolas Batum,Brandin Podziemski; Draymond Green; Moses Moody; Gui Santos; Will Richard; Stephen Curry; Pat Spencer; Jimmy Butler; Quinten Post; Gary Payton II
2026-03-03,BKN,MIA,98,124,Nic Claxton; Noah Clowney; Michael Porter Jr.; Terance Mann; Drake Powell; Egor Dёmin; Ziaire Williams; Nolan Traoré; Danny Wolf; Day'Ron Sharpe,Bam Adebayo; Jaime Jaquez Jr.; Andrew Wiggins; Davion Mitchell; Pelle Larsson; Norman Powell; Kel'el Ware; Simone Fontecchio; Dru Smith; Tyler Herro
2026-03-03,DAL,CHA,90,117,Cooper Flagg; Max Christie; Naji Marshall; P.J. Washington; Klay Thompson; Brandon Williams; Daniel Gafford; Ryan Nembhard; Dwight Powell; Caleb Martin,Kon Knueppel; Miles Bridges; LaMelo Ball; Brandon Miller; Moussa Diabaté; Sion James; Ryan Kalkbrenner; Collin Sexton; Josh Green; Grant Williams
2026-03-03,DET,CLE,109,113,Cade Cunningham; Duncan Robinson; Jalen Duren; Ausar Thompson; Tobias Harris; Ron Holland; Daniss Jenkins; Javonte Green; Isaiah Stewart; Caris LeVert,Donovan Mitchell; Evan Mobley; Jaylon Tyson; Jarrett Allen; Sam Merrill; Dean Wade; Craig Porter Jr.; De'Andre Hunter; Nae'Qwan Tomlin; James Harden
2026-03-03,MEM,MIN,110,117,Jaylen Wells; Cam Spencer; Cedric Coward; Jaren Jackson Jr.; Santi Aldama; GG Jackson II; Kentavious Caldwell-Pope; Jock Landale; Olivier-Maxence Prosper; Javon Small,Julius Randle; Donte DiVincenzo; Rudy Gobert; Jaden McDaniels; Anthony Edwards; Naz Reid; Bones Hyland; Mike Conley; Jaylen Clark; Ayo Dosunmu
2026-03-03,NOP,LAL,101,110,Trey Murphy III; Saddiq Bey; Jeremiah Fears; Derik Queen; Zion Williamson; Herbert Jones; Yves Missi; Jordan Poole; Micah Peavy; Karlo Matković,Luka Dončić; Jake LaRavia; LeBron James; Deandre Ayton; Rui Hachimura; Marcus Smart; Austin Reaves; Jaxson Hayes; Jarred Vanderbilt; Luke Kennard
2026-03-03,NYK,TOR,111,95,Mikal Bridges; Jalen Brunson; Karl-Anthony Towns; OG Anunoby; Josh Hart; Jordan Clarkson; Mitchell Robinson; Landry Shamet; Miles McBride; Tyler Kolek,Scottie Barnes; Brandon Ingram; Immanuel Quickley; Jamal Shead; Sandro Mamukelashvili; RJ Barrett; Ja'Kobe Walter; Collin Murray-Boyles; Jakob Poeltl; Gradey Dick
2026-03-03,OKC,CHI,116,108,Shai Gilgeous-Alexander; Cason Wallace; Chet Holmgren; Luguentz Dort; Isaiah Joe; Ajay Mitchell; Aaron Wiggins; Jaylin Williams; Isaiah Hartenstein; Alex Caruso,Matas Buzelis; Tre Jones; Josh Giddey; Isaac Okoro; Nikola Vučević; Patrick Williams; Ayo Dosunmu; Jalen Smith; Kevin Huerter; Coby White
2026-03-03,PHX,SAC,114,103,Collin Gillespie; Royce O'Neale; Devin Booker; Oso Ighodaro; Dillon Brooks; Jordan Goodwin; Grayson Allen; Mark Williams; Ryan Dunn; Jalen Green,DeMar DeRozan; Maxime Raynaud; Nique Clifford; Russell Westbrook; Precious Achiuwa; Malik Monk; Zach LaVine; Dennis Schröder; Dylan Cardwell; Daeqwon Plowden
2026-03-03,SAS,PHI,131,91,Julian Champagnie; De'Aaron Fox; Devin Vassell; Stephon Castle; Harrison Barnes; Keldon Johnson; Victor Wembanyama; Dylan Harper; Luke Kornet; Carter Bryant,Tyrese Maxey; VJ Edgecombe; Quentin Grimes; Dominick Barlow; Kelly Oubre Jr.; Adem Bona; Andre Drummond; Joel Embiid; Paul George; Justin Edwards
2026-03-03,WAS,ORL,109,126,Bub Carrington; Will Riley; Bilal Coulibaly; Tre Johnson; Kyshawn George; Justin Champagnie; Alex Sarr; CJ McCollum; Jamir Watkins; Anthony Gill,Desmond Bane; Paolo Banchero; Wendell Carter Jr.; Anthony Black; Tristan Da Silva; Jalen Suggs; Franz Wagner; Goga Bitadze; Noah Penda; Tyus Jones
2026-03-04,ATL,MIL,131,113,Nickeil Alexander-Walker; Jalen Johnson; Dyson Daniels; Onyeka Okongwu; Zaccharie Risacher; CJ McCollum; Mouhamed Gueye; Vít Krejčí; Luke Kennard; Corey Kispert,Ryan Rollins; A.J. Green; Myles Turner; Kyle Kuzma; Bobby Portis; Gary Trent Jr.; Jericho Sims; Kevin Porter Jr.; Giannis Antetokounmpo; Ousmane Dieng
2026-03-04,CHA,BOS,118,89,Kon Knueppel; Miles Bridges; LaMelo Ball; Brandon Miller; Moussa Diabaté; Sion James; Ryan Kalkbrenner; Collin Sexton; Josh Green; Grant Williams,Derrick White; Payton Pritchard; Jaylen Brown; Sam Hauser; Neemias Queta; Baylor Scheierman; Jordan Walsh; Anfernee Simons; Luka Garza; Hugo González
2026-03-04,IND,LAC,107,130,Pascal Siakam; Jarace Walker; Andrew Nembhard; Jay Huff; Ben Sheppard; Aaron Nesmith; T.J. McConnell; Micah Potter; Quenton Jackson; Bennedict Mathurin,Kris Dunn; Kawhi Leonard; John Collins; Brook Lopez; James Harden; Kobe Sanders; Derrick Jones Jr.; Ivica Zubac; Jordan Miller; Nicolas Batum
2026-03-04,OKC,NYK,103,100,Shai Gilgeous-Alexander; Cason Wallace; Chet Holmgren; Luguentz Dort; Isaiah Joe; Ajay Mitchell; Aaron Wiggins; Jaylin Williams; Isaiah Hartenstein; Alex Caruso,Mikal Bridges; Jalen Brunson; Karl-Anthony Towns; OG Anunoby; Josh Hart; Jordan Clarkson; Mitchell Robinson; Landry Shamet; Miles McBride; Tyler Kolek
2026-03-04,POR,MEM,122,114,Toumani Camara; Deni Avdija; Donovan Clingan; Jerami Grant; Jrue Holiday; Shaedon Sharpe; Sidy Cissoko; Kris Murray; Caleb Love; Robert Williams,Jaylen Wells; Cam Spencer; Cedric Coward; Jaren Jackson Jr.; Santi Aldama; GG Jackson II; Kentavious Caldwell-Pope; Jock Landale; Olivier-Maxence Prosper; Javon Small
2026-03-04,UTA,PHI,102,106,Ace Bailey; Kyle Filipowski; Keyonte George; Brice Sensabaugh; Cody Williams; Isaiah Collier; Lauri Markkanen; Svi Mykhailiuk; Jusuf Nurkić; Walter Clayton,Tyrese Maxey; VJ Edgecombe; Quentin Grimes; Dominick Barlow; Kelly Oubre Jr.; Adem Bona; Andre Drummond; Joel Embiid; Paul George; Justin Edwards
2026-03-05,BKN,MIA,110,126,Nic Claxton; Noah Clowney; Michael Porter Jr.; Terance Mann; Drake Powell; Egor Dёmin; Ziaire Williams; Nolan Traoré; Danny Wolf; Day'Ron Sharpe,Bam Adebayo; Jaime Jaquez Jr.; Andrew Wiggins; Davion Mitchell; Pelle Larsson; Norman Powell; Kel'el Ware; Simone Fontecchio; Dru Smith; Tyler Herro
2026-03-05,CHI,PHX,105,103,Matas Buzelis; Tre Jones; Josh Giddey; Isaac Okoro; Nikola Vučević; Patrick Williams; Ayo Dosunmu; Jalen Smith; Kevin Huerter; Coby White,Collin Gillespie; Royce O'Neale; Devin Booker; Oso Ighodaro; Dillon Brooks; Jordan Goodwin; Grayson Allen; Mark Williams; Ryan Dunn; Jalen Green
2026-03-05,DAL,ORL,114,115,Cooper Flagg; Max Christie; Naji Marshall; P.J. Washington; Klay Thompson; Brandon Williams; Daniel Gafford; Ryan Nembhard; Dwight Powell; Caleb Martin,Desmond Bane; Paolo Banchero; Wendell Carter Jr.; Anthony Black; Tristan Da Silva; Jalen Suggs; Franz Wagner; Goga Bitadze; Noah Penda; Tyus Jones
2026-03-05,DET,SAS,106,121,Cade Cunningham; Duncan Robinson; Jalen Duren; Ausar Thompson; Tobias Harris; Ron Holland; Daniss Jenkins; Javonte Green; Isaiah Stewart; Caris LeVert,Julian Champagnie; De'Aaron Fox; Devin Vassell; Stephon Castle; Harrison Barnes; Keldon Johnson; Victor Wembanyama; Dylan Harper; Luke Kornet; Carter Bryant
2026-03-05,GSW,HOU,115,113,Brandin Podziemski; Draymond Green; Moses Moody; Gui Santos; Will Richard; Stephen Curry; Pat Spencer; Jimmy Butler; Quinten Post; Gary Payton II,Amen Thompson; Kevin Durant; Jabari Smith Jr.; Alperen Sengun; Reed Sheppard; Tari Eason; Josh Okogie; Clint Capela; Aaron Holiday; Steven Adams
2026-03-05,LAL,DEN,113,120,Luka Dončić; Jake LaRavia; LeBron James; Deandre Ayton; Rui Hachimura; Marcus Smart; Austin Reaves; Jaxson Hayes; Jarred Vanderbilt; Luke Kennard,Jamal Murray; Nikola Jokić; Tim Hardaway Jr.; Bruce Brown; Cameron Johnson; Peyton Watson; Spencer Jones; Christian Braun; Aaron Gordon; Jonas Valančiūnas
2026-03-05,NOP,SAC,133,123,Trey Murphy III; Saddiq Bey; Jeremiah Fears; Derik Queen; Zion Williamson; Herbert Jones; Yves Missi; Jordan Poole; Micah Peavy; Karlo Matković,DeMar DeRozan; Maxime Raynaud; Nique Clifford; Russell Westbrook; Precious Achiuwa; Malik Monk; Zach LaVine; Dennis Schröder; Dylan Cardwell; Daeqwon Plowden
2026-03-05,TOR,MIN,107,115,Scottie Barnes; Brandon Ingram; Immanuel Quickley; Jamal Shead; Sandro Mamukelashvili; RJ Barrett; Ja'Kobe Walter; Collin Murray-Boyles; Jakob Poeltl; Gradey Dick,Julius Randle; Donte DiVincenzo; Rudy Gobert; Jaden McDaniels; Anthony Edwards; Naz Reid; Bones Hyland; Mike Conley; Jaylen Clark; Ayo Dosunmu
2026-03-05,UTA,WAS,122,112,Ace Bailey; Kyle Filipowski; Keyonte George; Brice Sensabaugh; Cody Williams; Isaiah Collier; Lauri Markkanen; Svi Mykhailiuk; Jusuf Nurkić; Walter Clayton,Bub Carrington; Will Riley; Bilal Coulibaly; Tre Johnson; Kyshawn George; Justin Champagnie; Alex Sarr; CJ McCollum; Jamir Watkins; Anthony Gill
2026-03-06,DAL,BOS,100,120,Cooper Flagg; Max Christie; Naji Marshall; P.J. Washington; Klay Thompson; Brandon Williams; Daniel Gafford; Ryan Nembhard; Dwight Powell; Caleb Martin,Derrick White; Payton Pritchard; Jaylen Brown; Sam Hauser; Neemias Queta; Baylor Scheierman; Jordan Walsh; Anfernee Simons; Luka Garza; Hugo González
2026-03-06,IND,LAL,117,128,Pascal Siakam; Jarace Walker; Andrew Nembhard; Jay Huff; Ben Sheppard; Aaron Nesmith; T.J. McConnell; Micah Potter; Quenton Jackson; Bennedict Mathurin,Luka Dončić; Jake LaRavia; LeBron James; Deandre Ayton; Rui Hachimura; Marcus Smart; Austin Reaves; Jaxson Hayes; Jarred Vanderbilt; Luke Kennard
2026-03-06,LAC,SAS,112,116,Kris Dunn; Kawhi Leonard; John Collins; Brook Lopez; James Harden; Kobe Sanders; Derrick Jones Jr.; Ivica Zubac; Jordan Miller; Nicolas Batum,Julian Champagnie; De'Aaron Fox; Devin Vassell; Stephon Castle; Harrison Barnes; Keldon Johnson; Victor Wembanyama; Dylan Harper; Luke Kornet; Carter Bryant
2026-03-06,MIA,CHA,128,120,Bam Adebayo; Jaime Jaquez Jr.; Andrew Wiggins; Davion Mitchell; Pelle Larsson; Norman Powell; Kel'el Ware; Simone Fontecchio; Dru Smith; Tyler Herro,Kon Knueppel; Miles Bridges; LaMelo Ball; Brandon Miller; Moussa Diabaté; Sion James; Ryan Kalkbrenner; Collin Sexton; Josh Green; Grant Williams
2026-03-06,NOP,PHX,116,118,Trey Murphy III; Saddiq Bey; Jeremiah Fears; Derik Queen; Zion Williamson; Herbert Jones; Yves Missi; Jordan Poole; Micah Peavy; Karlo Matković,Collin Gillespie; Royce O'Neale; Devin Booker; Oso Ighodaro; Dillon Brooks; Jordan Goodwin; Grayson Allen; Mark Williams; Ryan Dunn; Jalen Green
2026-03-06,NYK,DEN,142,103,Mikal Bridges; Jalen Brunson; Karl-Anthony Towns; OG Anunoby; Josh Hart; Jordan Clarkson; Mitchell Robinson; Landry Shamet; Miles McBride; Tyler Kolek,Jamal Murray; Nikola Jokić; Tim Hardaway Jr.; Bruce Brown; Cameron Johnson; Peyton Watson; Spencer Jones; Christian Braun; Aaron Gordon; Jonas Valančiūnas
2026-03-06,POR,HOU,99,106,Toumani Camara; Deni Avdija; Donovan Clingan; Jerami Grant; Jrue Holiday; Shaedon Sharpe; Sidy Cissoko; Kris Murray; Caleb Love; Robert Williams,Amen Thompson; Kevin Durant; Jabari Smith Jr.; Alperen Sengun; Reed Sheppard; Tari Eason; Josh Okogie; Clint Capela; Aaron Holiday; Steven Adams
2026-03-07,BKN,DET,107,105,Nic Claxton; Noah Clowney; Michael Porter Jr.; Terance Mann; Drake Powell; Egor Dёmin; Ziaire Williams; Nolan Traoré; Danny Wolf; Day'Ron Sharpe,Cade Cunningham; Duncan Robinson; Jalen Duren; Ausar Thompson; Tobias Harris; Ron Holland; Daniss Jenkins; Javonte Green; Isaiah Stewart; Caris LeVert
2026-03-07,GSW,OKC,97,104,Brandin Podziemski; Draymond Green; Moses Moody; Gui Santos; Will Richard; Stephen Curry; Pat Spencer; Jimmy Butler; Quinten Post; Gary Payton II,Shai Gilgeous-Alexander; Cason Wallace; Chet Holmgren; Luguentz Dort; Isaiah Joe; Ajay Mitchell; Aaron Wiggins; Jaylin Williams; Isaiah Hartenstein; Alex Caruso
2026-03-07,LAC,MEM,123,120,Kris Dunn; Kawhi Leonard; John Collins; Brook Lopez; James Harden; Kobe Sanders; Derrick Jones Jr.; Ivica Zubac; Jordan Miller; Nicolas Batum,Jaylen Wells; Cam Spencer; Cedric Coward; Jaren Jackson Jr.; Santi Aldama; GG Jackson II; Kentavious Caldwell-Pope; Jock Landale; Olivier-Maxence Prosper; Javon Small
2026-03-07,ORL,MIN,119,92,Desmond Bane; Paolo Banchero; Wendell Carter Jr.; Anthony Black; Tristan Da Silva; Jalen Suggs; Franz Wagner; Goga Bitadze; Noah Penda; Tyus Jones,Julius Randle; Donte DiVincenzo; Rudy Gobert; Jaden McDaniels; Anthony Edwards; Naz Reid; Bones Hyland; Mike Conley; Jaylen Clark; Ayo Dosunmu
2026-03-07,PHI,ATL,116,125,Tyrese Maxey; VJ Edgecombe; Quentin Grimes; Dominick Barlow; Kelly Oubre Jr.; Adem Bona; Andre Drummond; Joel Embiid; Paul George; Justin Edwards,Nickeil Alexander-Walker; Jalen Johnson; Dyson Daniels; Onyeka Okongwu; Zaccharie Risacher; CJ McCollum; Mouhamed Gueye; Vít Krejčí; Luke Kennard; Corey Kispert
2026-03-07,UTA,MIL,99,113,Ace Bailey; Kyle Filipowski; Keyonte George; Brice Sensabaugh; Cody Williams; Isaiah Collier; Lauri Markkanen; Svi Mykhailiuk; Jusuf Nurkić; Walter Clayton,Ryan Rollins; A.J. Green; Myles Turner; Kyle Kuzma; Bobby Portis; Gary Trent Jr.; Jericho Sims; Kevin Porter Jr.; Giannis Antetokounmpo; Ousmane Dieng
2026-03-08,BOS,CLE,109,98,Derrick White; Payton Pritchard; Jaylen Brown; Sam Hauser; Neemias Queta; Baylor Scheierman; Jordan Walsh; Anfernee Simons; Luka Garza; Hugo González,Donovan Mitchell; Evan Mobley; Jaylon Tyson; Jarrett Allen; Sam Merrill; Dean Wade; Craig Porter Jr.; De'Andre Hunter; Nae'Qwan Tomlin; James Harden
2026-03-08,CHA,PHX,99,111,Kon Knueppel; Miles Bridges; LaMelo Ball; Brandon Miller; Moussa Diabaté; Sion James; Ryan Kalkbrenner; Collin Sexton; Josh Green; Grant Williams,Collin Gillespie; Royce O'Neale; Devin Booker; Oso Ighodaro; Dillon Brooks; Jordan Goodwin; Grayson Allen; Mark Williams; Ryan Dunn; Jalen Green
2026-03-08,CHI,SAC,110,126,Matas Buzelis; Tre Jones; Josh Giddey; Isaac Okoro; Nikola Vučević; Patrick Williams; Ayo Dosunmu; Jalen Smith; Kevin Huerter; Coby White,DeMar DeRozan; Maxime Raynaud; Nique Clifford; Russell Westbrook; Precious Achiuwa; Malik Monk; Zach LaVine; Dennis Schröder; Dylan Cardwell; Daeqwon Plowden
2026-03-08,DAL,TOR,92,122,Cooper Flagg; Max Christie; Naji Marshall; P.J. Washington; Klay Thompson; Brandon Williams; Daniel Gafford; Ryan Nembhard; Dwight Powell; Caleb Martin,Scottie Barnes; Brandon Ingram; Immanuel Quickley; Jamal Shead; Sandro Mamukelashvili; RJ Barrett; Ja'Kobe Walter; Collin Murray-Boyles; Jakob Poeltl; Gradey Dick
2026-03-08,DET,MIA,110,121,Cade Cunningham; Duncan Robinson; Jalen Duren; Ausar Thompson; Tobias Harris; Ron Holland; Daniss Jenkins; Javonte Green; Isaiah Stewart; Caris LeVert,Bam Adebayo; Jaime Jaquez Jr.; Andrew Wiggins; Davion Mitchell; Pelle Larsson; Norman Powell; Kel'el Ware; Simone Fontecchio; Dru Smith; Tyler Herro
2026-03-08,HOU,SAS,120,145,Amen Thompson; Kevin Durant; Jabari Smith Jr.; Alperen Sengun; Reed Sheppard; Tari Eason; Josh Okogie; Clint Capela; Aaron Holiday; Steven Adams,Julian Champagnie; De'Aaron Fox; Devin Vassell; Stephon Castle; Harrison Barnes; Keldon Johnson; Victor Wembanyama; Dylan Harper; Luke Kornet; Carter Bryant
2026-03-08,IND,POR,111,131,Pascal Siakam; Jarace Walker; Andrew Nembhard; Jay Huff; Ben Sheppard; Aaron Nesmith; T.J. McConnell; Micah Potter; Quenton Jackson; Bennedict Mathurin,Toumani Camara; Deni Avdija; Donovan Clingan; Jerami Grant; Jrue Holiday; Shaedon Sharpe; Sidy Cissoko; Kris Murray; Caleb Love; Robert Williams
2026-03-08,NYK,LAL,97,110,Mikal Bridges; Jalen Brunson; Karl-Anthony Towns; OG Anunoby; Josh Hart; Jordan Clarkson; Mitchell Robinson; Landry Shamet; Miles McBride; Tyler Kolek,Luka Dončić; Jake LaRavia; LeBron James; Deandre Ayton; Rui Hachimura; Marcus Smart; Austin Reaves; Jaxson Hayes; Jarred Vanderbilt; Luke Kennard
2026-03-08,ORL,MIL,130,91,Desmond Bane; Paolo Banchero; Wendell Carter Jr.; Anthony Black; Tristan Da Silva; Jalen Suggs; Franz Wagner; Goga Bitadze; Noah Penda; Tyus Jones,Ryan Rollins; A.J. Green; Myles Turner; Kyle Kuzma; Bobby Portis; Gary Trent Jr.; Jericho Sims; Kevin Porter Jr.; Giannis Antetokounmpo; Ousmane Dieng
2026-03-08,WAS,NOP,118,138,Bub Carrington; Will Riley; Bilal Coulibaly; Tre Johnson; Kyshawn George; Justin Champagnie; Alex Sarr; CJ McCollum; Jamir Watkins; Anthony Gill,Trey Murphy III; Saddiq Bey; Jeremiah Fears; Derik Queen; Zion Williamson; Herbert Jones; Yves Missi; Jordan Poole; Micah Peavy; Karlo Matković
2026-03-09,DEN,OKC,126,129,Jamal Murray; Nikola Jokić; Tim Hardaway Jr.; Bruce Brown; Cameron Johnson; Peyton Watson; Spencer Jones; Christian Braun; Aaron Gordon; Jonas Valančiūnas,Shai Gilgeous-Alexander; Cason Wallace; Chet Holmgren; Luguentz Dort; Isaiah Joe; Ajay Mitchell; Aaron Wiggins; Jaylin Williams; Isaiah Hartenstein; Alex Caruso
2026-03-09,GSW,UTA,116,119,Brandin Podziemski; Draymond Green; Moses Moody; Gui Santos; Will Richard; Stephen Curry; Pat Spencer; Jimmy Butler; Quinten Post; Gary Payton II,Ace Bailey; Kyle Filipowski; Keyonte George; Brice Sensabaugh; Cody Williams; Isaiah Collier; Lauri Markkanen; Svi Mykhailiuk; Jusuf Nurkić; Walter Clayton
2026-03-09,MEM,BKN,115,126,Jaylen Wells; Cam Spencer; Cedric Coward; Jaren Jackson Jr.; Santi Aldama; GG Jackson II; Kentavious Caldwell-Pope; Jock Landale; Olivier-Maxence Prosper; Javon Small,Nic Claxton; Noah Clowney; Michael Porter Jr.; Terance Mann; Drake Powell; Egor Dёmin; Ziaire Williams; Nolan Traoré; Danny Wolf; Day'Ron Sharpe
2026-03-09,NYK,LAC,118,126,Mikal Bridges; Jalen Brunson; Karl-Anthony Towns; OG Anunoby; Josh Hart; Jordan Clarkson; Mitchell Robinson; Landry Shamet; Miles McBride; Tyler Kolek,Kris Dunn; Kawhi Leonard; John Collins; Brook Lopez; James Harden; Kobe Sanders; Derrick Jones Jr.; Ivica Zubac; Jordan Miller; Nicolas Batum
2026-03-09,PHI,CLE,101,115,Tyrese Maxey; VJ Edgecombe; Quentin Grimes; Dominick Barlow; Kelly Oubre Jr.; Adem Bona; Andre Drummond; Joel Embiid; Paul George; Justin Edwards,Donovan Mitchell; Evan Mobley; Jaylon Tyson; Jarrett Allen; Sam Merrill; Dean Wade; Craig Porter Jr.; De'Andre Hunter; Nae'Qwan Tomlin; James Harden
2026-03-10,BOS,SAS,116,125,Derrick White; Payton Pritchard; Jaylen Brown; Sam Hauser; Neemias Queta; Baylor Scheierman; Jordan Walsh; Anfernee Simons; Luka Garza; Hugo González,Julian Champagnie; De'Aaron Fox; Devin Vassell; Stephon Castle; Harrison Barnes; Keldon Johnson; Victor Wembanyama; Dylan Harper; Luke Kornet; Carter Bryant
2026-03-10,CHA,POR,103,101,Kon Knueppel; Miles Bridges; LaMelo Ball; Brandon Miller; Moussa Diabaté; Sion James; Ryan Kalkbrenner; Collin Sexton; Josh Green; Grant Williams,Toumani Camara; Deni Avdija; Donovan Clingan; Jerami Grant; Jrue Holiday; Shaedon Sharpe; Sidy Cissoko; Kris Murray; Caleb Love; Robert Williams
2026-03-10,CHI,GSW,130,124,Matas Buzelis; Tre Jones; Josh Giddey; Isaac Okoro; Nikola Vučević; Patrick Williams; Ayo Dosunmu; Jalen Smith; Kevin Huerter; Coby White,Brandin Podziemski; Draymond Green; Moses Moody; Gui Santos; Will Richard; Stephen Curry; Pat Spencer; Jimmy Butler; Quinten Post; Gary Payton II
2026-03-10,DAL,ATL,112,124,Cooper Flagg; Max Christie; Naji Marshall; P.J. Washington; Klay Thompson; Brandon Williams; Daniel Gafford; Ryan Nembhard; Dwight Powell; Caleb Martin,Nickeil Alexander-Walker; Jalen Johnson; Dyson Daniels; Onyeka Okongwu; Zaccharie Risacher; CJ McCollum; Mouhamed Gueye; Vít Krejčí; Luke Kennard; Corey Kispert
2026-03-10,DET,BKN,138,100,Cade Cunningham; Duncan Robinson; Jalen Duren; Ausar Thompson; Tobias Harris; Ron Holland; Daniss Jenkins; Javonte Green; Isaiah Stewart; Caris LeVert,Nic Claxton; Noah Clowney; Michael Porter Jr.; Terance Mann; Drake Powell; Egor Dёmin; Ziaire Williams; Nolan Traoré; Danny Wolf; Day'Ron Sharpe
2026-03-10,IND,SAC,109,114,Pascal Siakam; Jarace Walker; Andrew Nembhard; Jay Huff; Ben Sheppard; Aaron Nesmith; T.J. McConnell; Micah Potter; Quenton Jackson; Bennedict Mathurin,DeMar DeRozan; Maxime Raynaud; Nique Clifford; Russell Westbrook; Precious Achiuwa; Malik Monk; Zach LaVine; Dennis Schröder; Dylan Cardwell; Daeqwon Plowden
2026-03-10,MEM,PHI,129,139,Jaylen Wells; Cam Spencer; Cedric Coward; Jaren Jackson Jr.; Santi Aldama; GG Jackson II; Kentavious Caldwell-Pope; Jock Landale; Olivier-Maxence Prosper; Javon Small,Tyrese Maxey; VJ Edgecombe; Quentin Grimes; Dominick Barlow; Kelly Oubre Jr.; Adem Bona; Andre Drummond; Joel Embiid; Paul George; Justin Edwards
2026-03-10,MIN,LAL,106,120,Julius Randle; Donte DiVincenzo; Rudy Gobert; Jaden McDaniels; Anthony Edwards; Naz Reid; Bones Hyland; Mike Conley; Jaylen Clark; Ayo Dosunmu,Luka Dončić; Jake LaRavia; LeBron James; Deandre Ayton; Rui Hachimura; Marcus Smart; Austin Reaves; Jaxson Hayes; Jarred Vanderbilt; Luke Kennard
2026-03-10,PHX,MIL,129,114,Collin Gillespie; Royce O'Neale; Devin Booker; Oso Ighodaro; Dillon Brooks; Jordan Goodwin; Grayson Allen; Mark Williams; Ryan Dunn; Jalen Green,Ryan Rollins; A.J. Green; Myles Turner; Kyle Kuzma; Bobby Portis; Gary Trent Jr.; Jericho Sims; Kevin Porter Jr.; Giannis Antetokounmpo; Ousmane Dieng
2026-03-10,TOR,HOU,99,113,Scottie Barnes; Brandon Ingram; Immanuel Quickley; Jamal Shead; Sandro Mamukelashvili; RJ Barrett; Ja'Kobe Walter; Collin Murray-Boyles; Jakob Poeltl; Gradey Dick,Amen Thompson; Kevin Durant; Jabari Smith Jr.; Alperen Sengun; Reed Sheppard; Tari Eason; Josh Okogie; Clint Capela; Aaron Holiday; Steven Adams
2026-03-10,WAS,MIA,129,150,Bub Carrington; Will Riley; Bilal Coulibaly; Tre Johnson; Kyshawn George; Justin Champagnie; Alex Sarr; CJ McCollum; Jamir Watkins; Anthony Gill,Bam Adebayo; Jaime Jaquez Jr.; Andrew Wiggins; Davion Mitchell; Pelle Larsson; Norman Powell; Kel'el Ware; Simone Fontecchio; Dru Smith; Tyler Herro
2026-03-11,CHA,SAC,117,109,Kon Knueppel; Miles Bridges; LaMelo Ball; Brandon Miller; Moussa Diabaté; Sion James; Ryan Kalkbrenner; Collin Sexton; Josh Green; Grant Williams,DeMar DeRozan; Maxime Raynaud; Nique Clifford; Russell Westbrook; Precious Achiuwa; Malik Monk; Zach LaVine; Dennis Schröder; Dylan Cardwell; Daeqwon Plowden
2026-03-11,CLE,ORL,122,128,Donovan Mitchell; Evan Mobley; Jaylon Tyson; Jarrett Allen; Sam Merrill; Dean Wade; Craig Porter Jr.; De'Andre Hunter; Nae'Qwan Tomlin; James Harden,Desmond Bane; Paolo Banchero; Wendell Carter Jr.; Anthony Black; Tristan Da Silva; Jalen Suggs; Franz Wagner; Goga Bitadze; Noah Penda; Tyus Jones
2026-03-11,HOU,DEN,93,129,Amen Thompson; Kevin Durant; Jabari Smith Jr.; Alperen Sengun; Reed Sheppard; Tari Eason; Josh Okogie; Clint Capela; Aaron Holiday; Steven Adams,Jamal Murray; Nikola Jokić; Tim Hardaway Jr.; Bruce Brown; Cameron Johnson; Peyton Watson; Spencer Jones; Christian Braun; Aaron Gordon; Jonas Valančiūnas
2026-03-11,MIN,LAC,128,153,Julius Randle; Donte DiVincenzo; Rudy Gobert; Jaden McDaniels; Anthony Edwards; Naz Reid; Bones Hyland; Mike Conley; Jaylen Clark; Ayo Dosunmu,Kris Dunn; Kawhi Leonard; John Collins; Brook Lopez; James Harden; Kobe Sanders; Derrick Jones Jr.; Ivica Zubac; Jordan Miller; Nicolas Batum
2026-03-11,NYK,UTA,134,117,Mikal Bridges; Jalen Brunson; Karl-Anthony Towns; OG Anunoby; Josh Hart; Jordan Clarkson; Mitchell Robinson; Landry Shamet; Miles McBride; Tyler Kolek,Ace Bailey; Kyle Filipowski; Keyonte George; Brice Sensabaugh; Cody Williams; Isaiah Collier; Lauri Markkanen; Svi Mykhailiuk; Jusuf Nurkić; Walter Clayton
2026-03-11,TOR,NOP,111,122,Scottie Barnes; Brandon Ingram; Immanuel Quickley; Jamal Shead; Sandro Mamukelashvili; RJ Barrett; Ja'Kobe Walter; Collin Murray-Boyles; Jakob Poeltl; Gradey Dick,Trey Murphy III; Saddiq Bey; Jeremiah Fears; Derik Queen; Zion Williamson; Herbert Jones; Yves Missi; Jordan Poole; Micah Peavy; Karlo Matković
2026-03-12,BKN,ATL,97,108,Nic Claxton; Noah Clowney; Michael Porter Jr.; Terance Mann; Drake Powell; Egor Dёmin; Ziaire Williams; Nolan Traoré; Danny Wolf; Day'Ron Sharpe,Nickeil Alexander-Walker; Jalen Johnson; Dyson Daniels; Onyeka Okongwu; Zaccharie Risacher; CJ McCollum; Mouhamed Gueye; Vít Krejčí; Luke Kennard; Corey Kispert
2026-03-12,BOS,OKC,102,104,Derrick White; Payton Pritchard; Jaylen Brown; Sam Hauser; Neemias Queta; Baylor Scheierman; Jordan Walsh; Anfernee Simons; Luka Garza; Hugo González,Shai Gilgeous-Alexander; Cason Wallace; Chet Holmgren; Luguentz Dort; Isaiah Joe; Ajay Mitchell; Aaron Wiggins; Jaylin Williams; Isaiah Hartenstein; Alex Caruso
2026-03-12,CHI,LAL,130,142,Matas Buzelis; Tre Jones; Josh Giddey; Isaac Okoro; Nikola Vučević; Patrick Williams; Ayo Dosunmu; Jalen Smith; Kevin Huerter; Coby White,Luka Dončić; Jake LaRavia; LeBron James; Deandre Ayton; Rui Hachimura; Marcus Smart; Austin Reaves; Jaxson Hayes; Jarred Vanderbilt; Luke Kennard
2026-03-12,DAL,MEM,120,112,Cooper Flagg; Max Christie; Naji Marshall; P.J. Washington; Klay Thompson; Brandon Williams; Daniel Gafford; Ryan Nembhard; Dwight Powell; Caleb Martin,Jaylen Wells; Cam Spencer; Cedric Coward; Jaren Jackson Jr.; Santi Aldama; GG Jackson II; Kentavious Caldwell-Pope; Jock Landale; Olivier-Maxence Prosper; Javon Small
2026-03-12,DEN,SAS,136,131,Jamal Murray; Nikola Jokić; Tim Hardaway Jr.; Bruce Brown; Cameron Johnson; Peyton Watson; Spencer Jones; Christian Braun; Aaron Gordon; Jonas Valančiūnas,Julian Champagnie; De'Aaron Fox; Devin Vassell; Stephon Castle; Harrison Barnes; Keldon Johnson; Victor Wembanyama; Dylan Harper; Luke Kornet; Carter Bryant
2026-03-12,MIL,MIA,105,112,Ryan Rollins; A.J. Green; Myles Turner; Kyle Kuzma; Bobby Portis; Gary Trent Jr.; Jericho Sims; Kevin Porter Jr.; Giannis Antetokounmpo; Ousmane Dieng,Bam Adebayo; Jaime Jaquez Jr.; Andrew Wiggins; Davion Mitchell; Pelle Larsson; Norman Powell; Kel'el Ware; Simone Fontecchio; Dru Smith; Tyler Herro
2026-03-12,PHI,DET,109,131,Tyrese Maxey; VJ Edgecombe; Quentin Grimes; Dominick Barlow; Kelly Oubre Jr.; Adem Bona; Andre Drummond; Joel Embiid; Paul George; Justin Edwards,Cade Cunningham; Duncan Robinson; Jalen Duren; Ausar Thompson; Tobias Harris; Ron Holland; Daniss Jenkins; Javonte Green; Isaiah Stewart; Caris LeVert
2026-03-12,PHX,IND,123,108,Collin Gillespie; Royce O'Neale; Devin Booker; Oso Ighodaro; Dillon Brooks; Jordan Goodwin; Grayson Allen; Mark Williams; Ryan Dunn; Jalen Green,Pascal Siakam; Jarace Walker; Andrew Nembhard; Jay Huff; Ben Sheppard; Aaron Nesmith; T.J. McConnell; Micah Potter; Quenton Jackson; Bennedict Mathurin
2026-03-12,WAS,ORL,131,136,Bub Carrington; Will Riley; Bilal Coulibaly; Tre Johnson; Kyshawn George; Justin Champagnie; Alex Sarr; CJ McCollum; Jamir Watkins; Anthony Gill,Desmond Bane; Paolo Banchero; Wendell Carter Jr.; Anthony Black; Tristan Da Silva; Jalen Suggs; Franz Wagner; Goga Bitadze; Noah Penda; Tyus Jones
2026-03-13,CHI,LAC,108,119,Matas Buzelis; Tre Jones; Josh Giddey; Isaac Okoro; Nikola Vučević; Patrick Williams; Ayo Dosunmu; Jalen Smith; Kevin Huerter; Coby White,Kris Dunn; Kawhi Leonard; John Collins; Brook Lopez; James Harden; Kobe Sanders; Derrick Jones Jr.; Ivica Zubac; Jordan Miller; Nicolas Batum
2026-03-13,CLE,DAL,138,105,Donovan Mitchell; Evan Mobley; Jaylon Tyson; Jarrett Allen; Sam Merrill; Dean Wade; Craig Porter Jr.; De'Andre Hunter; Nae'Qwan Tomlin; James Harden,Cooper Flagg; Max Christie; Naji Marshall; P.J. Washington; Klay Thompson; Brandon Williams; Daniel Gafford; Ryan Nembhard; Dwight Powell; Caleb Martin
2026-03-13,MEM,DET,110,126,Jaylen Wells; Cam Spencer; Cedric Coward; Jaren Jackson Jr.; Santi Aldama; GG Jackson II; Kentavious Caldwell-Pope; Jock Landale; Olivier-Maxence Prosper; Javon Small,Cade Cunningham; Duncan Robinson; Jalen Duren; Ausar Thompson; Tobias Harris; Ron Holland; Daniss Jenkins; Javonte Green; Isaiah Stewart; Caris LeVert
2026-03-13,MIN,GSW,127,117,Julius Randle; Donte DiVincenzo; Rudy Gobert; Jaden McDaniels; Anthony Edwards; Naz Reid; Bones Hyland; Mike Conley; Jaylen Clark; Ayo Dosunmu,Brandin Podziemski; Draymond Green; Moses Moody; Gui Santos; Will Richard; Stephen Curry; Pat Spencer; Jimmy Butler; Quinten Post; Gary Payton II
2026-03-13,NOP,HOU,105,107,Trey Murphy III; Saddiq Bey; Jeremiah Fears; Derik Queen; Zion Williamson; Herbert Jones; Yves Missi; Jordan Poole; Micah Peavy; Karlo Matković,Amen Thompson; Kevin Durant; Jabari Smith Jr.; Alperen Sengun; Reed Sheppard; Tari Eason; Josh Okogie; Clint Capela; Aaron Holiday; Steven Adams
2026-03-13,NYK,IND,101,92,Mikal Bridges; Jalen Brunson; Karl-Anthony Towns; OG Anunoby; Josh Hart; Jordan Clarkson; Mitchell Robinson; Landry Shamet; Miles McBride; Tyler Kolek,Pascal Siakam; Jarace Walker; Andrew Nembhard; Jay Huff; Ben Sheppard; Aaron Nesmith; T.J. McConnell; Micah Potter; Quenton Jackson; Bennedict Mathurin
2026-03-13,PHX,TOR,115,122,Collin Gillespie; Royce O'Neale; Devin Booker; Oso Ighodaro; Dillon Brooks; Jordan Goodwin; Grayson Allen; Mark Williams; Ryan Dunn; Jalen Green,Scottie Barnes; Brandon Ingram; Immanuel Quickley; Jamal Shead; Sandro Mamukelashvili; RJ Barrett; Ja'Kobe Walter; Collin Murray-Boyles; Jakob Poeltl; Gradey Dick
2026-03-13,UTA,POR,114,124,Ace Bailey; Kyle Filipowski; Keyonte George; Brice Sensabaugh; Cody Williams; Isaiah Collier; Lauri Markkanen; Svi Mykhailiuk; Jusuf Nurkić; Walter Clayton,Toumani Camara; Deni Avdija; Donovan Clingan; Jerami Grant; Jrue Holiday; Shaedon Sharpe; Sidy Cissoko; Kris Murray; Caleb Love; Robert Williams
2026-03-14,BKN,PHI,97,104,Nic Claxton; Noah Clowney; Michael Porter Jr.; Terance Mann; Drake Powell; Egor Dёmin; Ziaire Williams; Nolan Traoré; Danny Wolf; Day'Ron Sharpe,Tyrese Maxey; VJ Edgecombe; Quentin Grimes; Dominick Barlow; Kelly Oubre Jr.; Adem Bona; Andre Drummond; Joel Embiid; Paul George; Justin Edwards
2026-03-14,CHA,SAS,102,115,Kon Knueppel; Miles Bridges; LaMelo Ball; Brandon Miller; Moussa Diabaté; Sion James; Ryan Kalkbrenner; Collin Sexton; Josh Green; Grant Williams,Julian Champagnie; De'Aaron Fox; Devin Vassell; Stephon Castle; Harrison Barnes; Keldon Johnson; Victor Wembanyama; Dylan Harper; Luke Kornet; Carter Bryant
2026-03-14,DEN,LAL,125,127,Jamal Murray; Nikola Jokić; Tim Hardaway Jr.; Bruce Brown; Cameron Johnson; Peyton Watson; Spencer Jones; Christian Braun; Aaron Gordon; Jonas Valančiūnas,Luka Dončić; Jake LaRavia; LeBron James; Deandre Ayton; Rui Hachimura; Marcus Smart; Austin Reaves; Jaxson Hayes; Jarred Vanderbilt; Luke Kennard
2026-03-14,MIL,ATL,99,122,Ryan Rollins; A.J. Green; Myles Turner; Kyle Kuzma; Bobby Portis; Gary Trent Jr.; Jericho Sims; Kevin Porter Jr.; Giannis Antetokounmpo; Ousmane Dieng,Nickeil Alexander-Walker; Jalen Johnson; Dyson Daniels; Onyeka Okongwu; Zaccharie Risacher; CJ McCollum; Mouhamed Gueye; Vít Krejčí; Luke Kennard; Corey Kispert
2026-03-14,ORL,MIA,121,117,Desmond Bane; Paolo Banchero; Wendell Carter Jr.; Anthony Black; Tristan Da Silva; Jalen Suggs; Franz Wagner; Goga Bitadze; Noah Penda; Tyus Jones,Bam Adebayo; Jaime Jaquez Jr.; Andrew Wiggins; Davion Mitchell; Pelle Larsson; Norman Powell; Kel'el Ware; Simone Fontecchio; Dru Smith; Tyler Herro
2026-03-14,SAC,LAC,118,109,DeMar DeRozan; Maxime Raynaud; Nique Clifford; Russell Westbrook; Precious Achiuwa; Malik Monk; Zach LaVine; Dennis Schröder; Dylan Cardwell; Daeqwon Plowden,Kris Dunn; Kawhi Leonard; John Collins; Brook Lopez; James Harden; Kobe Sanders; Derrick Jones Jr.; Ivica Zubac; Jordan Miller; Nicolas Batum
2026-03-14,WAS,BOS,100,111,Bub Carrington; Will Riley; Bilal Coulibaly; Tre Johnson; Kyshawn George; Justin Champagnie; Alex Sarr; CJ McCollum; Jamir Watkins; Anthony Gill,Derrick White; Payton Pritchard; Jaylen Brown; Sam Hauser; Neemias Queta; Baylor Scheierman; Jordan Walsh; Anfernee Simons; Luka Garza; Hugo González
2026-03-15,DAL,CLE,130,120,Cooper Flagg; Max Christie; Naji Marshall; P.J. Washington; Klay Thompson; Brandon Williams; Daniel Gafford; Ryan Nembhard; Dwight Powell; Caleb Martin,Donovan Mitchell; Evan Mobley; Jaylon Tyson; Jarrett Allen; Sam Merrill; Dean Wade; Craig Porter Jr.; De'Andre Hunter; Nae'Qwan Tomlin; James Harden
2026-03-15,DET,TOR,108,119,Cade Cunningham; Duncan Robinson; Jalen Duren; Ausar Thompson; Tobias Harris; Ron Holland; Daniss Jenkins; Javonte Green; Isaiah Stewart; Caris LeVert,Scottie Barnes; Brandon Ingram; Immanuel Quickley; Jamal Shead; Sandro Mamukelashvili; RJ Barrett; Ja'Kobe Walter; Collin Murray-Boyles; Jakob Poeltl; Gradey Dick
2026-03-15,GSW,NYK,107,110,Brandin Podziemski; Draymond Green; Moses Moody; Gui Santos; Will Richard; Stephen Curry; Pat Spencer; Jimmy Butler; Quinten Post; Gary Payton II,Mikal Bridges; Jalen Brunson; Karl-Anthony Towns; OG Anunoby; Josh Hart; Jordan Clarkson; Mitchell Robinson; Landry Shamet; Miles McBride; Tyler Kolek
2026-03-15,IND,MIL,123,134,Pascal Siakam; Jarace Walker; Andrew Nembhard; Jay Huff; Ben Sheppard; Aaron Nesmith; T.J. McConnell; Micah Potter; Quenton Jackson; Bennedict Mathurin,Ryan Rollins; A.J. Green; Myles Turner; Kyle Kuzma; Bobby Portis; Gary Trent Jr.; Jericho Sims; Kevin Porter Jr.; Giannis Antetokounmpo; Ousmane Dieng
2026-03-15,MIN,OKC,103,116,Julius Randle; Donte DiVincenzo; Rudy Gobert; Jaden McDaniels; Anthony Edwards; Naz Reid; Bones Hyland; Mike Conley; Jaylen Clark; Ayo Dosunmu,Shai Gilgeous-Alexander; Cason Wallace; Chet Holmgren; Luguentz Dort; Isaiah Joe; Ajay Mitchell; Aaron Wiggins; Jaylin Williams; Isaiah Hartenstein; Alex Caruso
2026-03-15,POR,PHI,103,109,Toumani Camara; Deni Avdija; Donovan Clingan; Jerami Grant; Jrue Holiday; Shaedon Sharpe; Sidy Cissoko; Kris Murray; Caleb Love; Robert Williams,Tyrese Maxey; VJ Edgecombe; Quentin Grimes; Dominick Barlow; Kelly Oubre Jr.; Adem Bona; Andre Drummond; Joel Embiid; Paul George; Justin Edwards
2026-03-15,UTA,SAC,111,116,Ace Bailey; Kyle Filipowski; Keyonte George; Brice Sensabaugh; Cody Williams; Isaiah Collier; Lauri Markkanen; Svi Mykhailiuk; Jusuf Nurkić; Walter Clayton,DeMar DeRozan; Maxime Raynaud; Nique Clifford; Russell Westbrook; Precious Achiuwa; Malik Monk; Zach LaVine; Dennis Schröder; Dylan Cardwell; Daeqwon Plowden
2026-03-16,DAL,NOP,111,129,Cooper Flagg; Max Christie; Naji Marshall; P.J. Washington; Klay Thompson; Brandon Williams; Daniel Gafford; Ryan Nembhard; Dwight Powell; Caleb Martin,Trey Murphy III; Saddiq Bey; Jeremiah Fears; Derik Queen; Zion Williamson; Herbert Jones; Yves Missi; Jordan Poole; Micah Peavy; Karlo Matković
2026-03-16,GSW,WAS,125,117,Brandin Podziemski; Draymond Green; Moses Moody; Gui Santos; Will Richard; Stephen Curry; Pat Spencer; Jimmy Butler; Quinten Post; Gary Payton II,Bub Carrington; Will Riley; Bilal Coulibaly; Tre Johnson; Kyshawn George; Justin Champagnie; Alex Sarr; CJ McCollum; Jamir Watkins; Anthony Gill
2026-03-16,LAL,HOU,100,92,Luka Dončić; Jake LaRavia; LeBron James; Deandre Ayton; Rui Hachimura; Marcus Smart; Austin Reaves; Jaxson Hayes; Jarred Vanderbilt; Luke Kennard,Amen Thompson; Kevin Durant; Jabari Smith Jr.; Alperen Sengun; Reed Sheppard; Tari Eason; Josh Okogie; Clint Capela; Aaron Holiday; Steven Adams
2026-03-16,MEM,CHI,107,132,Jaylen Wells; Cam Spencer; Cedric Coward; Jaren Jackson Jr.; Santi Aldama; GG Jackson II; Kentavious Caldwell-Pope; Jock Landale; Olivier-Maxence Prosper; Javon Small,Matas Buzelis; Tre Jones; Josh Giddey; Isaac Okoro; Nikola Vučević; Patrick Williams; Ayo Dosunmu; Jalen Smith; Kevin Huerter; Coby White
2026-03-16,ORL,ATL,112,124,Desmond Bane; Paolo Banchero; Wendell Carter Jr.; Anthony Black; Tristan Da Silva; Jalen Suggs; Franz Wagner; Goga Bitadze; Noah Penda; Tyus Jones,Nickeil Alexander-Walker; Jalen Johnson; Dyson Daniels; Onyeka Okongwu; Zaccharie Risacher; CJ McCollum; Mouhamed Gueye; Vít Krejčí; Luke Kennard; Corey Kispert
2026-03-16,PHX,BOS,112,120,Collin Gillespie; Royce O'Neale; Devin Booker; Oso Ighodaro; Dillon Brooks; Jordan Goodwin; Grayson Allen; Mark Williams; Ryan Dunn; Jalen Green,Derrick White; Payton Pritchard; Jaylen Brown; Sam Hauser; Neemias Queta; Baylor Scheierman; Jordan Walsh; Anfernee Simons; Luka Garza; Hugo González
2026-03-16,POR,BKN,114,95,Toumani Camara; Deni Avdija; Donovan Clingan; Jerami Grant; Jrue Holiday; Shaedon Sharpe; Sidy Cissoko; Kris Murray; Caleb Love; Robert Williams,Nic Claxton; Noah Clowney; Michael Porter Jr.; Terance Mann; Drake Powell; Egor Dёmin; Ziaire Williams; Nolan Traoré; Danny Wolf; Day'Ron Sharpe
2026-03-16,SAS,LAC,119,115,Julian Champagnie; De'Aaron Fox; Devin Vassell; Stephon Castle; Harrison Barnes; Keldon Johnson; Victor Wembanyama; Dylan Harper; Luke Kornet; Carter Bryant,Kris Dunn; Kawhi Leonard; John Collins; Brook Lopez; James Harden; Kobe Sanders; Derrick Jones Jr.; Ivica Zubac; Jordan Miller; Nicolas Batum
2026-03-17,CLE,MIL,123,116,Donovan Mitchell; Evan Mobley; Jaylon Tyson; Jarrett Allen; Sam Merrill; Dean Wade; Craig Porter Jr.; De'Andre Hunter; Nae'Qwan Tomlin; James Harden,Ryan Rollins; A.J. Green; Myles Turner; Kyle Kuzma; Bobby Portis; Gary Trent Jr.; Jericho Sims; Kevin Porter Jr.; Giannis Antetokounmpo; Ousmane Dieng
2026-03-17,DET,WAS,130,117,Cade Cunningham; Duncan Robinson; Jalen Duren; Ausar Thompson; Tobias Harris; Ron Holland; Daniss Jenkins; Javonte Green; Isaiah Stewart; Caris LeVert,Bub Carrington; Will Riley; Bilal Coulibaly; Tre Johnson; Kyshawn George; Justin Champagnie; Alex Sarr; CJ McCollum; Jamir Watkins; Anthony Gill
2026-03-17,IND,NYK,110,136,Pascal Siakam; Jarace Walker; Andrew Nembhard; Jay Huff; Ben Sheppard; Aaron Nesmith; T.J. McConnell; Micah Potter; Quenton Jackson; Bennedict Mathurin,Mikal Bridges; Jalen Brunson; Karl-Anthony Towns; OG Anunoby; Josh Hart; Jordan Clarkson; Mitchell Robinson; Landry Shamet; Miles McBride; Tyler Kolek
2026-03-17,MIA,CHA,106,136,Bam Adebayo; Jaime Jaquez Jr.; Andrew Wiggins; Davion Mitchell; Pelle Larsson; Norman Powell; Kel'el Ware; Simone Fontecchio; Dru Smith; Tyler Herro,Kon Knueppel; Miles Bridges; LaMelo Ball; Brandon Miller; Moussa Diabaté; Sion James; Ryan Kalkbrenner; Collin Sexton; Josh Green; Grant Williams
2026-03-17,OKC,ORL,113,108,Shai Gilgeous-Alexander; Cason Wallace; Chet Holmgren; Luguentz Dort; Isaiah Joe; Ajay Mitchell; Aaron Wiggins; Jaylin Williams; Isaiah Hartenstein; Alex Caruso,Desmond Bane; Paolo Banchero; Wendell Carter Jr.; Anthony Black; Tristan Da Silva; Jalen Suggs; Franz Wagner; Goga Bitadze; Noah Penda; Tyus Jones
2026-03-17,PHI,DEN,96,124,Tyrese Maxey; VJ Edgecombe; Quentin Grimes; Dominick Barlow; Kelly Oubre Jr.; Adem Bona; Andre Drummond; Joel Embiid; Paul George; Justin Edwards,Jamal Murray; Nikola Jokić; Tim Hardaway Jr.; Bruce Brown; Cameron Johnson; Peyton Watson; Spencer Jones; Christian Braun; Aaron Gordon; Jonas Valančiūnas
2026-03-17,PHX,MIN,104,116,Collin Gillespie; Royce O'Neale; Devin Booker; Oso Ighodaro; Dillon Brooks; Jordan Goodwin; Grayson Allen; Mark Williams; Ryan Dunn; Jalen Green,Julius Randle; Donte DiVincenzo; Rudy Gobert; Jaden McDaniels; Anthony Edwards; Naz Reid; Bones Hyland; Mike Conley; Jaylen Clark; Ayo Dosunmu
2026-03-17,SAS,SAC,132,104,Julian Champagnie; De'Aaron Fox; Devin Vassell; Stephon Castle; Harrison Barnes; Keldon Johnson; Victor Wembanyama; Dylan Harper; Luke Kornet; Carter Bryant,DeMar DeRozan; Maxime Raynaud; Nique Clifford; Russell Westbrook; Precious Achiuwa; Malik Monk; Zach LaVine; Dennis Schröder; Dylan Cardwell; Daeqwon Plowden
2026-03-18,ATL,DAL,135,120,Nickeil Alexander-Walker; Jalen Johnson; Dyson Daniels; Onyeka Okongwu; Zaccharie Risacher; CJ McCollum; Mouhamed Gueye; Vít Krejčí; Luke Kennard; Corey Kispert,Cooper Flagg; Max Christie; Naji Marshall; P.J. Washington; Klay Thompson; Brandon Williams; Daniel Gafford; Ryan Nembhard; Dwight Powell; Caleb Martin
2026-03-18,DEN,MEM,118,125,Jamal Murray; Nikola Jokić; Tim Hardaway Jr.; Bruce Brown; Cameron Johnson; Peyton Watson; Spencer Jones; Christian Braun; Aaron Gordon; Jonas Valančiūnas,Jaylen Wells; Cam Spencer; Cedric Coward; Jaren Jackson Jr.; Santi Aldama; GG Jackson II; Kentavious Caldwell-Pope; Jock Landale; Olivier-Maxence Prosper; Javon Small
2026-03-18,GSW,BOS,99,120,Brandin Podziemski; Draymond Green; Moses Moody; Gui Santos; Will Richard; Stephen Curry; Pat Spencer; Jimmy Butler; Quinten Post; Gary Payton II,Derrick White; Payton Pritchard; Jaylen Brown; Sam Hauser; Neemias Queta; Baylor Scheierman; Jordan Walsh; Anfernee Simons; Luka Garza; Hugo González
2026-03-18,LAC,NOP,109,124,Kris Dunn; Kawhi Leonard; John Collins; Brook Lopez; James Harden; Kobe Sanders; Derrick Jones Jr.; Ivica Zubac; Jordan Miller; Nicolas Batum,Trey Murphy III; Saddiq Bey; Jeremiah Fears; Derik Queen; Zion Williamson; Herbert Jones; Yves Missi; Jordan Poole; Micah Peavy; Karlo Matković
2026-03-18,LAL,HOU,124,116,Luka Dončić; Jake LaRavia; LeBron James; Deandre Ayton; Rui Hachimura; Marcus Smart; Austin Reaves; Jaxson Hayes; Jarred Vanderbilt; Luke Kennard,Amen Thompson; Kevin Durant; Jabari Smith Jr.; Alperen Sengun; Reed Sheppard; Tari Eason; Josh Okogie; Clint Capela; Aaron Holiday; Steven Adams
2026-03-18,OKC,BKN,121,92,Shai Gilgeous-Alexander; Cason Wallace; Chet Holmgren; Luguentz Dort; Isaiah Joe; Ajay Mitchell; Aaron Wiggins; Jaylin Williams; Isaiah Hartenstein; Alex Caruso,Nic Claxton; Noah Clowney; Michael Porter Jr.; Terance Mann; Drake Powell; Egor Dёmin; Ziaire Williams; Nolan Traoré; Danny Wolf; Day'Ron Sharpe
2026-03-18,POR,IND,127,119,Toumani Camara; Deni Avdija; Donovan Clingan; Jerami Grant; Jrue Holiday; Shaedon Sharpe; Sidy Cissoko; Kris Murray; Caleb Love; Robert Williams,Pascal Siakam; Jarace Walker; Andrew Nembhard; Jay Huff; Ben Sheppard; Aaron Nesmith; T.J. McConnell; Micah Potter; Quenton Jackson; Bennedict Mathurin
2026-03-18,TOR,CHI,139,109,Scottie Barnes; Brandon Ingram; Immanuel Quickley; Jamal Shead; Sandro Mamukelashvili; RJ Barrett; Ja'Kobe Walter; Collin Murray-Boyles; Jakob Poeltl; Gradey Dick,Matas Buzelis; Tre Jones; Josh Giddey; Isaac Okoro; Nikola Vučević; Patrick Williams; Ayo Dosunmu; Jalen Smith; Kevin Huerter; Coby White
2026-03-18,UTA,MIN,111,147,Ace Bailey; Kyle Filipowski; Keyonte George; Brice Sensabaugh; Cody Williams; Isaiah Collier; Lauri Markkanen; Svi Mykhailiuk; Jusuf Nurkić; Walter Clayton,Julius Randle; Donte DiVincenzo; Rudy Gobert; Jaden McDaniels; Anthony Edwards; Naz Reid; Bones Hyland; Mike Conley; Jaylen Clark; Ayo Dosunmu
2026-03-19,CLE,CHI,115,110,Donovan Mitchell; Evan Mobley; Jaylon Tyson; Jarrett Allen; Sam Merrill; Dean Wade; Craig Porter Jr.; De'Andre Hunter; Nae'Qwan Tomlin; James Harden,Matas Buzelis; Tre Jones; Josh Giddey; Isaac Okoro; Nikola Vučević; Patrick Williams; Ayo Dosunmu; Jalen Smith; Kevin Huerter; Coby White
2026-03-19,DET,WAS,117,95,Cade Cunningham; Duncan Robinson; Jalen Duren; Ausar Thompson; Tobias Harris; Ron Holland; Daniss Jenkins; Javonte Green; Isaiah Stewart; Caris LeVert,Bub Carrington; Will Riley; Bilal Coulibaly; Tre Johnson; Kyshawn George; Justin Champagnie; Alex Sarr; CJ McCollum; Jamir Watkins; Anthony Gill
2026-03-19,LAC,NOP,99,105,Kris Dunn; Kawhi Leonard; John Collins; Brook Lopez; James Harden; Kobe Sanders; Derrick Jones Jr.; Ivica Zubac; Jordan Miller; Nicolas Batum,Trey Murphy III; Saddiq Bey; Jeremiah Fears; Derik Queen; Zion Williamson; Herbert Jones; Yves Missi; Jordan Poole; Micah Peavy; Karlo Matković
2026-03-19,LAL,MIA,134,126,Luka Dončić; Jake LaRavia; LeBron James; Deandre Ayton; Rui Hachimura; Marcus Smart; Austin Reaves; Jaxson Hayes; Jarred Vanderbilt; Luke Kennard,Bam Adebayo; Jaime Jaquez Jr.; Andrew Wiggins; Davion Mitchell; Pelle Larsson; Norman Powell; Kel'el Ware; Simone Fontecchio; Dru Smith; Tyler Herro
2026-03-19,MIL,UTA,96,128,Ryan Rollins; A.J. Green; Myles Turner; Kyle Kuzma; Bobby Portis; Gary Trent Jr.; Jericho Sims; Kevin Porter Jr.; Giannis Antetokounmpo; Ousmane Dieng,Ace Bailey; Kyle Filipowski; Keyonte George; Brice Sensabaugh; Cody Williams; Isaiah Collier; Lauri Markkanen; Svi Mykhailiuk; Jusuf Nurkić; Walter Clayton
2026-03-19,ORL,CHA,111,130,Desmond Bane; Paolo Banchero; Wendell Carter Jr.; Anthony Black; Tristan Da Silva; Jalen Suggs; Franz Wagner; Goga Bitadze; Noah Penda; Tyus Jones,Kon Knueppel; Miles Bridges; LaMelo Ball; Brandon Miller; Moussa Diabaté; Sion James; Ryan Kalkbrenner; Collin Sexton; Josh Green; Grant Williams
2026-03-19,PHI,SAC,139,118,Tyrese Maxey; VJ Edgecombe; Quentin Grimes; Dominick Barlow; Kelly Oubre Jr.; Adem Bona; Andre Drummond; Joel Embiid; Paul George; Justin Edwards,DeMar DeRozan; Maxime Raynaud; Nique Clifford; Russell Westbrook; Precious Achiuwa; Malik Monk; Zach LaVine; Dennis Schröder; Dylan Cardwell; Daeqwon Plowden
2026-03-19,PHX,SAS,100,101,Collin Gillespie; Royce O'Neale; Devin Booker; Oso Ighodaro; Dillon Brooks; Jordan Goodwin; Grayson Allen; Mark Williams; Ryan Dunn; Jalen Green,Julian Champagnie; De'Aaron Fox; Devin Vassell; Stephon Castle; Harrison Barnes; Keldon Johnson; Victor Wembanyama; Dylan Harper; Luke Kornet; Carter Bryant
2026-03-20,ATL,HOU,95,117,Nickeil Alexander-Walker; Jalen Johnson; Dyson Daniels; Onyeka Okongwu; Zaccharie Risacher; CJ McCollum; Mouhamed Gueye; Vít Krejčí; Luke Kennard; Corey Kispert,Amen Thompson; Kevin Durant; Jabari Smith Jr.; Alperen Sengun; Reed Sheppard; Tari Eason; Josh Okogie; Clint Capela; Aaron Holiday; Steven Adams
2026-03-20,BOS,MEM,117,112,Derrick White; Payton Pritchard; Jaylen Brown; Sam Hauser; Neemias Queta; Baylor Scheierman; Jordan Walsh; Anfernee Simons; Luka Garza; Hugo González,Jaylen Wells; Cam Spencer; Cedric Coward; Jaren Jackson Jr.; Santi Aldama; GG Jackson II; Kentavious Caldwell-Pope; Jock Landale; Olivier-Maxence Prosper; Javon Small
2026-03-20,GSW,DET,101,115,Brandin Podziemski; Draymond Green; Moses Moody; Gui Santos; Will Richard; Stephen Curry; Pat Spencer; Jimmy Butler; Quinten Post; Gary Payton II,Cade Cunningham; Duncan Robinson; Jalen Duren; Ausar Thompson; Tobias Harris; Ron Holland; Daniss Jenkins; Javonte Green; Isaiah Stewart; Caris LeVert
2026-03-20,NYK,BKN,93,92,Mikal Bridges; Jalen Brunson; Karl-Anthony Towns; OG Anunoby; Josh Hart; Jordan Clarkson; Mitchell Robinson; Landry Shamet; Miles McBride; Tyler Kolek,Nic Claxton; Noah Clowney; Michael Porter Jr.; Terance Mann; Drake Powell; Egor Dёmin; Ziaire Williams; Nolan Traoré; Danny Wolf; Day'Ron Sharpe
2026-03-20,POR,MIN,108,104,Toumani Camara; Deni Avdija; Donovan Clingan; Jerami Grant; Jrue Holiday; Shaedon Sharpe; Sidy Cissoko; Kris Murray; Caleb Love; Robert Williams,Julius Randle; Donte DiVincenzo; Rudy Gobert; Jaden McDaniels; Anthony Edwards; Naz Reid; Bones Hyland; Mike Conley; Jaylen Clark; Ayo Dosunmu
2026-03-20,TOR,DEN,115,121,Scottie Barnes; Brandon Ingram; Immanuel Quickley; Jamal Shead; Sandro Mamukelashvili; RJ Barrett; Ja'Kobe Walter; Collin Murray-Boyles; Jakob Poeltl; Gradey Dick,Jamal Murray; Nikola Jokić; Tim Hardaway Jr.; Bruce Brown; Cameron Johnson; Peyton Watson; Spencer Jones; Christian Braun; Aaron Gordon; Jonas Valančiūnas
2026-03-21,CLE,NOP,111,106,Donovan Mitchell; Evan Mobley; Jaylon Tyson; Jarrett Allen; Sam Merrill; Dean Wade; Craig Porter Jr.; De'Andre Hunter; Nae'Qwan Tomlin; James Harden,Trey Murphy III; Saddiq Bey; Jeremiah Fears; Derik Queen; Zion Williamson; Herbert Jones; Yves Missi; Jordan Poole; Micah Peavy; Karlo Matković
2026-03-21,GSW,ATL,110,126,Brandin Podziemski; Draymond Green; Moses Moody; Gui Santos; Will Richard; Stephen Curry; Pat Spencer; Jimmy Butler; Quinten Post; Gary Payton II,Nickeil Alexander-Walker; Jalen Johnson; Dyson Daniels; Onyeka Okongwu; Zaccharie Risacher; CJ McCollum; Mouhamed Gueye; Vít Krejčí; Luke Kennard; Corey Kispert
2026-03-21,IND,SAS,119,134,Pascal Siakam; Jarace Walker; Andrew Nembhard; Jay Huff; Ben Sheppard; Aaron Nesmith; T.J. McConnell; Micah Potter; Quenton Jackson; Bennedict Mathurin,Julian Champagnie; De'Aaron Fox; Devin Vassell; Stephon Castle; Harrison Barnes; Keldon Johnson; Victor Wembanyama; Dylan Harper; Luke Kornet; Carter Bryant
2026-03-21,LAC,DAL,138,131,Kris Dunn; Kawhi Leonard; John Collins; Brook Lopez; James Harden; Kobe Sanders; Derrick Jones Jr.; Ivica Zubac; Jordan Miller; Nicolas Batum,Cooper Flagg; Max Christie; Naji Marshall; P.J. Washington; Klay Thompson; Brandon Williams; Daniel Gafford; Ryan Nembhard; Dwight Powell; Caleb Martin
2026-03-21,LAL,ORL,105,104,Luka Dončić; Jake LaRavia; LeBron James; Deandre Ayton; Rui Hachimura; Marcus Smart; Austin Reaves; Jaxson Hayes; Jarred Vanderbilt; Luke Kennard,Desmond Bane; Paolo Banchero; Wendell Carter Jr.; Anthony Black; Tristan Da Silva; Jalen Suggs; Franz Wagner; Goga Bitadze; Noah Penda; Tyus Jones
2026-03-21,MEM,CHA,101,124,Jaylen Wells; Cam Spencer; Cedric Coward; Jaren Jackson Jr.; Santi Aldama; GG Jackson II; Kentavious Caldwell-Pope; Jock Landale; Olivier-Maxence Prosper; Javon Small,Kon Knueppel; Miles Bridges; LaMelo Ball; Brandon Miller; Moussa Diabaté; Sion James; Ryan Kalkbrenner; Collin Sexton; Josh Green; Grant Williams
2026-03-21,MIA,HOU,122,123,Bam Adebayo; Jaime Jaquez Jr.; Andrew Wiggins; Davion Mitchell; Pelle Larsson; Norman Powell; Kel'el Ware; Simone Fontecchio; Dru Smith; Tyler Herro,Amen Thompson; Kevin Durant; Jabari Smith Jr.; Alperen Sengun; Reed Sheppard; Tari Eason; Josh Okogie; Clint Capela; Aaron Holiday; Steven Adams
2026-03-21,MIL,PHX,108,105,Ryan Rollins; A.J. Green; Myles Turner; Kyle Kuzma; Bobby Portis; Gary Trent Jr.; Jericho Sims; Kevin Porter Jr.; Giannis Antetokounmpo; Ousmane Dieng,Collin Gillespie; Royce O'Neale; Devin Booker; Oso Ighodaro; Dillon Brooks; Jordan Goodwin; Grayson Allen; Mark Williams; Ryan Dunn; Jalen Green
2026-03-21,OKC,WAS,132,111,Shai Gilgeous-Alexander; Cason Wallace; Chet Holmgren; Luguentz Dort; Isaiah Joe; Ajay Mitchell; Aaron Wiggins; Jaylin Williams; Isaiah Hartenstein; Alex Caruso,Bub Carrington; Will Riley; Bilal Coulibaly; Tre Johnson; Kyshawn George; Justin Champagnie; Alex Sarr; CJ McCollum; Jamir Watkins; Anthony Gill
2026-03-21,PHI,UTA,126,116,Tyrese Maxey; VJ Edgecombe; Quentin Grimes; Dominick Barlow; Kelly Oubre Jr.; Adem Bona; Andre Drummond; Joel Embiid; Paul George; Justin Edwards,Ace Bailey; Kyle Filipowski; Keyonte George; Brice Sensabaugh; Cody Williams; Isaiah Collier; Lauri Markkanen; Svi Mykhailiuk; Jusuf Nurkić; Walter Clayton
2026-03-22,BKN,SAC,122,126,Nic Claxton; Noah Clowney; Michael Porter Jr.; Terance Mann; Drake Powell; Egor Dёmin; Ziaire Williams; Nolan Traoré; Danny Wolf; Day'Ron Sharpe,DeMar DeRozan; Maxime Raynaud; Nique Clifford; Russell Westbrook; Precious Achiuwa; Malik Monk; Zach LaVine; Dennis Schröder; Dylan Cardwell; Daeqwon Plowden
2026-03-22,MIN,BOS,102,92,Julius Randle; Donte DiVincenzo; Rudy Gobert; Jaden McDaniels; Anthony Edwards; Naz Reid; Bones Hyland; Mike Conley; Jaylen Clark; Ayo Dosunmu,Derrick White; Payton Pritchard; Jaylen Brown; Sam Hauser; Neemias Queta; Baylor Scheierman; Jordan Walsh; Anfernee Simons; Luka Garza; Hugo González
2026-03-22,POR,DEN,112,128,Toumani Camara; Deni Avdija; Donovan Clingan; Jerami Grant; Jrue Holiday; Shaedon Sharpe; Sidy Cissoko; Kris Murray; Caleb Love; Robert Williams,Jamal Murray; Nikola Jokić; Tim Hardaway Jr.; Bruce Brown; Cameron Johnson; Peyton Watson; Spencer Jones; Christian Braun; Aaron Gordon; Jonas Valančiūnas
2026-03-22,TOR,PHX,98,120,Scottie Barnes; Brandon Ingram; Immanuel Quickley; Jamal Shead; Sandro Mamukelashvili; RJ Barrett; Ja'Kobe Walter; Collin Murray-Boyles; Jakob Poeltl; Gradey Dick,Collin Gillespie; Royce O'Neale; Devin Booker; Oso Ighodaro; Dillon Brooks; Jordan Goodwin; Grayson Allen; Mark Williams; Ryan Dunn; Jalen Green
2026-03-22,WAS,NYK,113,145,Bub Carrington; Will Riley; Bilal Coulibaly; Tre Johnson; Kyshawn George; Justin Champagnie; Alex Sarr; CJ McCollum; Jamir Watkins; Anthony Gill,Mikal Bridges; Jalen Brunson; Karl-Anthony Towns; OG Anunoby; Josh Hart; Jordan Clarkson; Mitchell Robinson; Landry Shamet; Miles McBride; Tyler Kolek
2026-03-23,BKN,POR,99,134,Nic Claxton; Noah Clowney; Michael Porter Jr.; Terance Mann; Drake Powell; Egor Dёmin; Ziaire Williams; Nolan Traoré; Danny Wolf; Day'Ron Sharpe,Toumani Camara; Deni Avdija; Donovan Clingan; Jerami Grant; Jrue Holiday; Shaedon Sharpe; Sidy Cissoko; Kris Murray; Caleb Love; Robert Williams
2026-03-23,GSW,DAL,137,131,Brandin Podziemski; Draymond Green; Moses Moody; Gui Santos; Will Richard; Stephen Curry; Pat Spencer; Jimmy Butler; Quinten Post; Gary Payton II,Cooper Flagg; Max Christie; Naji Marshall; P.J. Washington; Klay Thompson; Brandon Williams; Daniel Gafford; Ryan Nembhard; Dwight Powell; Caleb Martin
2026-03-23,HOU,CHI,124,132,Amen Thompson; Kevin Durant; Jabari Smith Jr.; Alperen Sengun; Reed Sheppard; Tari Eason; Josh Okogie; Clint Capela; Aaron Holiday; Steven Adams,Matas Buzelis; Tre Jones; Josh Giddey; Isaac Okoro; Nikola Vučević; Patrick Williams; Ayo Dosunmu; Jalen Smith; Kevin Huerter; Coby White
2026-03-23,IND,ORL,128,126,Pascal Siakam; Jarace Walker; Andrew Nembhard; Jay Huff; Ben Sheppard; Aaron Nesmith; T.J. McConnell; Micah Potter; Quenton Jackson; Bennedict Mathurin,Desmond Bane; Paolo Banchero; Wendell Carter Jr.; Anthony Black; Tristan Da Silva; Jalen Suggs; Franz Wagner; Goga Bitadze; Noah Penda; Tyus Jones
2026-03-23,LAL,DET,110,113,Luka Dončić; Jake LaRavia; LeBron James; Deandre Ayton; Rui Hachimura; Marcus Smart; Austin Reaves; Jaxson Hayes; Jarred Vanderbilt; Luke Kennard,Cade Cunningham; Duncan Robinson; Jalen Duren; Ausar Thompson; Tobias Harris; Ron Holland; Daniss Jenkins; Javonte Green; Isaiah Stewart; Caris LeVert
2026-03-23,MEM,ATL,107,146,Jaylen Wells; Cam Spencer; Cedric Coward; Jaren Jackson Jr.; Santi Aldama; GG Jackson II; Kentavious Caldwell-Pope; Jock Landale; Olivier-Maxence Prosper; Javon Small,Nickeil Alexander-Walker; Jalen Johnson; Dyson Daniels; Onyeka Okongwu; Zaccharie Risacher; CJ McCollum; Mouhamed Gueye; Vít Krejčí; Luke Kennard; Corey Kispert
2026-03-23,MIL,LAC,96,129,Ryan Rollins; A.J. Green; Myles Turner; Kyle Kuzma; Bobby Portis; Gary Trent Jr.; Jericho Sims; Kevin Porter Jr.; Giannis Antetokounmpo; Ousmane Dieng,Kris Dunn; Kawhi Leonard; John Collins; Brook Lopez; James Harden; Kobe Sanders; Derrick Jones Jr.; Ivica Zubac; Jordan Miller; Nicolas Batum
2026-03-23,OKC,PHI,123,103,Shai Gilgeous-Alexander; Cason Wallace; Chet Holmgren; Luguentz Dort; Isaiah Joe; Ajay Mitchell; Aaron Wiggins; Jaylin Williams; Isaiah Hartenstein; Alex Caruso,Tyrese Maxey; VJ Edgecombe; Quentin Grimes; Dominick Barlow; Kelly Oubre Jr.; Adem Bona; Andre Drummond; Joel Embiid; Paul George; Justin Edwards
2026-03-23,SAS,MIA,136,111,Julian Champagnie; De'Aaron Fox; Devin Vassell; Stephon Castle; Harrison Barnes; Keldon Johnson; Victor Wembanyama; Dylan Harper; Luke Kornet; Carter Bryant,Bam Adebayo; Jaime Jaquez Jr.; Andrew Wiggins; Davion Mitchell; Pelle Larsson; Norman Powell; Kel'el Ware; Simone Fontecchio; Dru Smith; Tyler Herro
2026-03-23,TOR,UTA,143,127,Scottie Barnes; Brandon Ingram; Immanuel Quickley; Jamal Shead; Sandro Mamukelashvili; RJ Barrett; Ja'Kobe Walter; Collin Murray-Boyles; Jakob Poeltl; Gradey Dick,Ace Bailey; Kyle Filipowski; Keyonte George; Brice Sensabaugh; Cody Williams; Isaiah Collier; Lauri Markkanen; Svi Mykhailiuk; Jusuf Nurkić; Walter Clayton
2026-03-24,DEN,PHX,125,123,Jamal Murray; Nikola Jokić; Tim Hardaway Jr.; Bruce Brown; Cameron Johnson; Peyton Watson; Spencer Jones; Christian Braun; Aaron Gordon; Jonas Valančiūnas,Collin Gillespie; Royce O'Neale; Devin Booker; Oso Ighodaro; Dillon Brooks; Jordan Goodwin; Grayson Allen; Mark Williams; Ryan Dunn; Jalen Green
2026-03-24,NOP,NYK,116,121,Trey Murphy III; Saddiq Bey; Jeremiah Fears; Derik Queen; Zion Williamson; Herbert Jones; Yves Missi; Jordan Poole; Micah Peavy; Karlo Matković,Mikal Bridges; Jalen Brunson; Karl-Anthony Towns; OG Anunoby; Josh Hart; Jordan Clarkson; Mitchell Robinson; Landry Shamet; Miles McBride; Tyler Kolek
2026-03-24,ORL,CLE,131,136,Desmond Bane; Paolo Banchero; Wendell Carter Jr.; Anthony Black; Tristan Da Silva; Jalen Suggs; Franz Wagner; Goga Bitadze; Noah Penda; Tyus Jones,Donovan Mitchell; Evan Mobley; Jaylon Tyson; Jarrett Allen; Sam Merrill; Dean Wade; Craig Porter Jr.; De'Andre Hunter; Nae'Qwan Tomlin; James Harden
2026-03-24,SAC,CHA,90,134,DeMar DeRozan; Maxime Raynaud; Nique Clifford; Russell Westbrook; Precious Achiuwa; Malik Monk; Zach LaVine; Dennis Schröder; Dylan Cardwell; Daeqwon Plowden,Kon Knueppel; Miles Bridges; LaMelo Ball; Brandon Miller; Moussa Diabaté; Sion James; Ryan Kalkbrenner; Collin Sexton; Josh Green; Grant Williams
2026-03-25,ATL,DET,130,129,Nickeil Alexander-Walker; Jalen Johnson; Dyson Daniels; Onyeka Okongwu; Zaccharie Risacher; CJ McCollum; Mouhamed Gueye; Vít Krejčí; Luke Kennard; Corey Kispert,Cade Cunningham; Duncan Robinson; Jalen Duren; Ausar Thompson; Tobias Harris; Ron Holland; Daniss Jenkins; Javonte Green; Isaiah Stewart; Caris LeVert
2026-03-25,BKN,GSW,106,109,Nic Claxton; Noah Clowney; Michael Porter Jr.; Terance Mann; Drake Powell; Egor Dёmin; Ziaire Williams; Nolan Traoré; Danny Wolf; Day'Ron Sharpe,Brandin Podziemski; Draymond Green; Moses Moody; Gui Santos; Will Richard; Stephen Curry; Pat Spencer; Jimmy Butler; Quinten Post; Gary Payton II
2026-03-25,CHI,PHI,137,157,Matas Buzelis; Tre Jones; Josh Giddey; Isaac Okoro; Nikola Vučević; Patrick Williams; Ayo Dosunmu; Jalen Smith; Kevin Huerter; Coby White,Tyrese Maxey; VJ Edgecombe; Quentin Grimes; Dominick Barlow; Kelly Oubre Jr.; Adem Bona; Andre Drummond; Joel Embiid; Paul George; Justin Edwards
2026-03-25,DAL,DEN,135,142,Cooper Flagg; Max Christie; Naji Marshall; P.J. Washington; Klay Thompson; Brandon Williams; Daniel Gafford; Ryan Nembhard; Dwight Powell; Caleb Martin,Jamal Murray; Nikola Jokić; Tim Hardaway Jr.; Bruce Brown; Cameron Johnson; Peyton Watson; Spencer Jones; Christian Braun; Aaron Gordon; Jonas Valančiūnas
2026-03-25,HOU,MIN,108,110,Amen Thompson; Kevin Durant; Jabari Smith Jr.; Alperen Sengun; Reed Sheppard; Tari Eason; Josh Okogie; Clint Capela; Aaron Holiday; Steven Adams,Julius Randle; Donte DiVincenzo; Rudy Gobert; Jaden McDaniels; Anthony Edwards; Naz Reid; Bones Hyland; Mike Conley; Jaylen Clark; Ayo Dosunmu
2026-03-25,LAL,IND,137,130,Luka Dončić; Jake LaRavia; LeBron James; Deandre Ayton; Rui Hachimura; Marcus Smart; Austin Reaves; Jaxson Hayes; Jarred Vanderbilt; Luke Kennard,Pascal Siakam; Jarace Walker; Andrew Nembhard; Jay Huff; Ben Sheppard; Aaron Nesmith; T.J. McConnell; Micah Potter; Quenton Jackson; Bennedict Mathurin
2026-03-25,MIA,CLE,120,103,Bam Adebayo; Jaime Jaquez Jr.; Andrew Wiggins; Davion Mitchell; Pelle Larsson; Norman Powell; Kel'el Ware; Simone Fontecchio; Dru Smith; Tyler Herro,Donovan Mitchell; Evan Mobley; Jaylon Tyson; Jarrett Allen; Sam Merrill; Dean Wade; Craig Porter Jr.; De'Andre Hunter; Nae'Qwan Tomlin; James Harden
2026-03-25,MIL,POR,99,130,Ryan Rollins; A.J. Green; Myles Turner; Kyle Kuzma; Bobby Portis; Gary Trent Jr.; Jericho Sims; Kevin Porter Jr.; Giannis Antetokounmpo; Ousmane Dieng,Toumani Camara; Deni Avdija; Donovan Clingan; Jerami Grant; Jrue Holiday; Shaedon Sharpe; Sidy Cissoko; Kris Murray; Caleb Love; Robert Williams
2026-03-25,OKC,BOS,109,119,Shai Gilgeous-Alexander; Cason Wallace; Chet Holmgren; Luguentz Dort; Isaiah Joe; Ajay Mitchell; Aaron Wiggins; Jaylin Williams; Isaiah Hartenstein; Alex Caruso,Derrick White; Payton Pritchard; Jaylen Brown; Sam Hauser; Neemias Queta; Baylor Scheierman; Jordan Walsh; Anfernee Simons; Luka Garza; Hugo González
2026-03-25,SAS,MEM,123,98,Julian Champagnie; De'Aaron Fox; Devin Vassell; Stephon Castle; Harrison Barnes; Keldon Johnson; Victor Wembanyama; Dylan Harper; Luke Kornet; Carter Bryant,Jaylen Wells; Cam Spencer; Cedric Coward; Jaren Jackson Jr.; Santi Aldama; GG Jackson II; Kentavious Caldwell-Pope; Jock Landale; Olivier-Maxence Prosper; Javon Small
2026-03-25,TOR,LAC,94,119,Scottie Barnes; Brandon Ingram; Immanuel Quickley; Jamal Shead; Sandro Mamukelashvili; RJ Barrett; Ja'Kobe Walter; Collin Murray-Boyles; Jakob Poeltl; Gradey Dick,Kris Dunn; Kawhi Leonard; John Collins; Brook Lopez; James Harden; Kobe Sanders; Derrick Jones Jr.; Ivica Zubac; Jordan Miller; Nicolas Batum
2026-03-25,WAS,UTA,133,110,Bub Carrington; Will Riley; Bilal Coulibaly; Tre Johnson; Kyshawn George; Justin Champagnie; Alex Sarr; CJ McCollum; Jamir Watkins; Anthony Gill,Ace Bailey; Kyle Filipowski; Keyonte George; Brice Sensabaugh; Cody Williams; Isaiah Collier; Lauri Markkanen; Svi Mykhailiuk; Jusuf Nurkić; Walter Clayton
2026-03-26,NOP,DET,108,129,Trey Murphy III; Saddiq Bey; Jeremiah Fears; Derik Queen; Zion Williamson; Herbert Jones; Yves Missi; Jordan Poole; Micah Peavy; Karlo Matković,Cade Cunningham; Duncan Robinson; Jalen Duren; Ausar Thompson; Tobias Harris; Ron Holland; Daniss Jenkins; Javonte Green; Isaiah Stewart; Caris LeVert
2026-03-26,NYK,CHA,103,114,Mikal Bridges; Jalen Brunson; Karl-Anthony Towns; OG Anunoby; Josh Hart; Jordan Clarkson; Mitchell Robinson; Landry Shamet; Miles McBride; Tyler Kolek,Kon Knueppel; Miles Bridges; LaMelo Ball; Brandon Miller; Moussa Diabaté; Sion James; Ryan Kalkbrenner; Collin Sexton; Josh Green; Grant Williams
2026-03-26,SAC,ORL,117,121,DeMar DeRozan; Maxime Raynaud; Nique Clifford; Russell Westbrook; Precious Achiuwa; Malik Monk; Zach LaVine; Dennis Schröder; Dylan Cardwell; Daeqwon Plowden,Desmond Bane; Paolo Banchero; Wendell Carter Jr.; Anthony Black; Tristan Da Silva; Jalen Suggs; Franz Wagner; Goga Bitadze; Noah Penda; Tyus Jones
2026-03-27,ATL,BOS,102,109,Nickeil Alexander-Walker; Jalen Johnson; Dyson Daniels; Onyeka Okongwu; Zaccharie Risacher; CJ McCollum; Mouhamed Gueye; Vít Krejčí; Luke Kennard; Corey Kispert,Derrick White; Payton Pritchard; Jaylen Brown; Sam Hauser; Neemias Queta; Baylor Scheierman; Jordan Walsh; Anfernee Simons; Luka Garza; Hugo González
2026-03-27,BKN,LAL,99,116,Nic Claxton; Noah Clowney; Michael Porter Jr.; Terance Mann; Drake Powell; Egor Dёmin; Ziaire Williams; Nolan Traoré; Danny Wolf; Day'Ron Sharpe,Luka Dončić; Jake LaRavia; LeBron James; Deandre Ayton; Rui Hachimura; Marcus Smart; Austin Reaves; Jaxson Hayes; Jarred Vanderbilt; Luke Kennard
2026-03-27,CHI,OKC,113,131,Matas Buzelis; Tre Jones; Josh Giddey; Isaac Okoro; Nikola Vučević; Patrick Williams; Ayo Dosunmu; Jalen Smith; Kevin Huerter; Coby White,Shai Gilgeous-Alexander; Cason Wallace; Chet Holmgren; Luguentz Dort; Isaiah Joe; Ajay Mitchell; Aaron Wiggins; Jaylin Williams; Isaiah Hartenstein; Alex Caruso
2026-03-27,DAL,POR,100,93,Cooper Flagg; Max Christie; Naji Marshall; P.J. Washington; Klay Thompson; Brandon Williams; Daniel Gafford; Ryan Nembhard; Dwight Powell; Caleb Martin,Toumani Camara; Deni Avdija; Donovan Clingan; Jerami Grant; Jrue Holiday; Shaedon Sharpe; Sidy Cissoko; Kris Murray; Caleb Love; Robert Williams
2026-03-27,HOU,MEM,119,109,Amen Thompson; Kevin Durant; Jabari Smith Jr.; Alperen Sengun; Reed Sheppard; Tari Eason; Josh Okogie; Clint Capela; Aaron Holiday; Steven Adams,Jaylen Wells; Cam Spencer; Cedric Coward; Jaren Jackson Jr.; Santi Aldama; GG Jackson II; Kentavious Caldwell-Pope; Jock Landale; Olivier-Maxence Prosper; Javon Small
2026-03-27,LAC,IND,114,113,Kris Dunn; Kawhi Leonard; John Collins; Brook Lopez; James Harden; Kobe Sanders; Derrick Jones Jr.; Ivica Zubac; Jordan Miller; Nicolas Batum,Pascal Siakam; Jarace Walker; Andrew Nembhard; Jay Huff; Ben Sheppard; Aaron Nesmith; T.J. McConnell; Micah Potter; Quenton Jackson; Bennedict Mathurin
2026-03-27,MIA,CLE,128,149,Bam Adebayo; Jaime Jaquez Jr.; Andrew Wiggins; Davion Mitchell; Pelle Larsson; Norman Powell; Kel'el Ware; Simone Fontecchio; Dru Smith; Tyler Herro,Donovan Mitchell; Evan Mobley; Jaylon Tyson; Jarrett Allen; Sam Merrill; Dean Wade; Craig Porter Jr.; De'Andre Hunter; Nae'Qwan Tomlin; James Harden
2026-03-27,NOP,TOR,106,119,Trey Murphy III; Saddiq Bey; Jeremiah Fears; Derik Queen; Zion Williamson; Herbert Jones; Yves Missi; Jordan Poole; Micah Peavy; Karlo Matković,Scottie Barnes; Brandon Ingram; Immanuel Quickley; Jamal Shead; Sandro Mamukelashvili; RJ Barrett; Ja'Kobe Walter; Collin Murray-Boyles; Jakob Poeltl; Gradey Dick
2026-03-27,UTA,DEN,129,135,Ace Bailey; Kyle Filipowski; Keyonte George; Brice Sensabaugh; Cody Williams; Isaiah Collier; Lauri Markkanen; Svi Mykhailiuk; Jusuf Nurkić; Walter Clayton,Jamal Murray; Nikola Jokić; Tim Hardaway Jr.; Bruce Brown; Cameron Johnson; Peyton Watson; Spencer Jones; Christian Braun; Aaron Gordon; Jonas Valančiūnas
2026-03-27,WAS,GSW,126,131,Bub Carrington; Will Riley; Bilal Coulibaly; Tre Johnson; Kyshawn George; Justin Champagnie; Alex Sarr; CJ McCollum; Jamir Watkins; Anthony Gill,Brandin Podziemski; Draymond Green; Moses Moody; Gui Santos; Will Richard; Stephen Curry; Pat Spencer; Jimmy Butler; Quinten Post; Gary Payton II
2026-03-28,CHI,MEM,124,125,Matas Buzelis; Tre Jones; Josh Giddey; Isaac Okoro; Nikola Vučević; Patrick Williams; Ayo Dosunmu; Jalen Smith; Kevin Huerter; Coby White,Jaylen Wells; Cam Spencer; Cedric Coward; Jaren Jackson Jr.; Santi Aldama; GG Jackson II; Kentavious Caldwell-Pope; Jock Landale; Olivier-Maxence Prosper; Javon Small
2026-03-28,DET,MIN,109,87,Cade Cunningham; Duncan Robinson; Jalen Duren; Ausar Thompson; Tobias Harris; Ron Holland; Daniss Jenkins; Javonte Green; Isaiah Stewart; Caris LeVert,Julius Randle; Donte DiVincenzo; Rudy Gobert; Jaden McDaniels; Anthony Edwards; Naz Reid; Bones Hyland; Mike Conley; Jaylen Clark; Ayo Dosunmu
2026-03-28,PHI,CHA,118,114,Tyrese Maxey; VJ Edgecombe; Quentin Grimes; Dominick Barlow; Kelly Oubre Jr.; Adem Bona; Andre Drummond; Joel Embiid; Paul George; Justin Edwards,Kon Knueppel; Miles Bridges; LaMelo Ball; Brandon Miller; Moussa Diabaté; Sion James; Ryan Kalkbrenner; Collin Sexton; Josh Green; Grant Williams
2026-03-28,SAC,ATL,113,123,DeMar DeRozan; Maxime Raynaud; Nique Clifford; Russell Westbrook; Precious Achiuwa; Malik Monk; Zach LaVine; Dennis Schröder; Dylan Cardwell; Daeqwon Plowden,Nickeil Alexander-Walker; Jalen Johnson; Dyson Daniels; Onyeka Okongwu; Zaccharie Risacher; CJ McCollum; Mouhamed Gueye; Vít Krejčí; Luke Kennard; Corey Kispert
2026-03-28,SAS,MIL,127,95,Julian Champagnie; De'Aaron Fox; Devin Vassell; Stephon Castle; Harrison Barnes; Keldon Johnson; Victor Wembanyama; Dylan Harper; Luke Kornet; Carter Bryant,Ryan Rollins; A.J. Green; Myles Turner; Kyle Kuzma; Bobby Portis; Gary Trent Jr.; Jericho Sims; Kevin Porter Jr.; Giannis Antetokounmpo; Ousmane Dieng
2026-03-28,UTA,PHX,109,134,Ace Bailey; Kyle Filipowski; Keyonte George; Brice Sensabaugh; Cody Williams; Isaiah Collier; Lauri Markkanen; Svi Mykhailiuk; Jusuf Nurkić; Walter Clayton,Collin Gillespie; Royce O'Neale; Devin Booker; Oso Ighodaro; Dillon Brooks; Jordan Goodwin; Grayson Allen; Mark Williams; Ryan Dunn; Jalen Green
2026-03-29,BOS,CHA,114,99,Derrick White; Payton Pritchard; Jaylen Brown; Sam Hauser; Neemias Queta; Baylor Scheierman; Jordan Walsh; Anfernee Simons; Luka Garza; Hugo González,Kon Knueppel; Miles Bridges; LaMelo Ball; Brandon Miller; Moussa Diabaté; Sion James; Ryan Kalkbrenner; Collin Sexton; Josh Green; Grant Williams
2026-03-29,GSW,DEN,93,116,Brandin Podziemski; Draymond Green; Moses Moody; Gui Santos; Will Richard; Stephen Curry; Pat Spencer; Jimmy Butler; Quinten Post; Gary Payton II,Jamal Murray; Nikola Jokić; Tim Hardaway Jr.; Bruce Brown; Cameron Johnson; Peyton Watson; Spencer Jones; Christian Braun; Aaron Gordon; Jonas Valančiūnas
2026-03-29,HOU,NOP,134,102,Amen Thompson; Kevin Durant; Jabari Smith Jr.; Alperen Sengun; Reed Sheppard; Tari Eason; Josh Okogie; Clint Capela; Aaron Holiday; Steven Adams,Trey Murphy III; Saddiq Bey; Jeremiah Fears; Derik Queen; Zion Williamson; Herbert Jones; Yves Missi; Jordan Poole; Micah Peavy; Karlo Matković
2026-03-29,LAC,MIL,127,113,Kris Dunn; Kawhi Leonard; John Collins; Brook Lopez; James Harden; Kobe Sanders; Derrick Jones Jr.; Ivica Zubac; Jordan Miller; Nicolas Batum,Ryan Rollins; A.J. Green; Myles Turner; Kyle Kuzma; Bobby Portis; Gary Trent Jr.; Jericho Sims; Kevin Porter Jr.; Giannis Antetokounmpo; Ousmane Dieng
2026-03-29,MIA,IND,118,135,Bam Adebayo; Jaime Jaquez Jr.; Andrew Wiggins; Davion Mitchell; Pelle Larsson; Norman Powell; Kel'el Ware; Simone Fontecchio; Dru Smith; Tyler Herro,Pascal Siakam; Jarace Walker; Andrew Nembhard; Jay Huff; Ben Sheppard; Aaron Nesmith; T.J. McConnell; Micah Potter; Quenton Jackson; Bennedict Mathurin
2026-03-29,NYK,OKC,100,111,Mikal Bridges; Jalen Brunson; Karl-Anthony Towns; OG Anunoby; Josh Hart; Jordan Clarkson; Mitchell Robinson; Landry Shamet; Miles McBride; Tyler Kolek,Shai Gilgeous-Alexander; Cason Wallace; Chet Holmgren; Luguentz Dort; Isaiah Joe; Ajay Mitchell; Aaron Wiggins; Jaylin Williams; Isaiah Hartenstein; Alex Caruso
2026-03-29,ORL,TOR,87,139,Desmond Bane; Paolo Banchero; Wendell Carter Jr.; Anthony Black; Tristan Da Silva; Jalen Suggs; Franz Wagner; Goga Bitadze; Noah Penda; Tyus Jones,Scottie Barnes; Brandon Ingram; Immanuel Quickley; Jamal Shead; Sandro Mamukelashvili; RJ Barrett; Ja'Kobe Walter; Collin Murray-Boyles; Jakob Poeltl; Gradey Dick
2026-03-29,SAC,BKN,99,116,DeMar DeRozan; Maxime Raynaud; Nique Clifford; Russell Westbrook; Precious Achiuwa; Malik Monk; Zach LaVine; Dennis Schröder; Dylan Cardwell; Daeqwon Plowden,Nic Claxton; Noah Clowney; Michael Porter Jr.; Terance Mann; Drake Powell; Egor Dёmin; Ziaire Williams; Nolan Traoré; Danny Wolf; Day'Ron Sharpe
2026-03-29,WAS,POR,88,123,Bub Carrington; Will Riley; Bilal Coulibaly; Tre Johnson; Kyshawn George; Justin Champagnie; Alex Sarr; CJ McCollum; Jamir Watkins; Anthony Gill,Toumani Camara; Deni Avdija; Donovan Clingan; Jerami Grant; Jrue Holiday; Shaedon Sharpe; Sidy Cissoko; Kris Murray; Caleb Love; Robert Williams
2026-03-30,BOS,ATL,102,112,Derrick White; Payton Pritchard; Jaylen Brown; Sam Hauser; Neemias Queta; Baylor Scheierman; Jordan Walsh; Anfernee Simons; Luka Garza; Hugo González,Nickeil Alexander-Walker; Jalen Johnson; Dyson Daniels; Onyeka Okongwu; Zaccharie Risacher; CJ McCollum; Mouhamed Gueye; Vít Krejčí; Luke Kennard; Corey Kispert
2026-03-30,CHI,SAS,114,129,Matas Buzelis; Tre Jones; Josh Giddey; Isaac Okoro; Nikola Vučević; Patrick Williams; Ayo Dosunmu; Jalen Smith; Kevin Huerter; Coby White,Julian Champagnie; De'Aaron Fox; Devin Vassell; Stephon Castle; Harrison Barnes; Keldon Johnson; Victor Wembanyama; Dylan Harper; Luke Kornet; Carter Bryant
2026-03-30,CLE,UTA,122,113,Donovan Mitchell; Evan Mobley; Jaylon Tyson; Jarrett Allen; Sam Merrill; Dean Wade; Craig Porter Jr.; De'Andre Hunter; Nae'Qwan Tomlin; James Harden,Ace Bailey; Kyle Filipowski; Keyonte George; Brice Sensabaugh; Cody Williams; Isaiah Collier; Lauri Markkanen; Svi Mykhailiuk; Jusuf Nurkić; Walter Clayton
2026-03-30,DET,OKC,110,114,Cade Cunningham; Duncan Robinson; Jalen Duren; Ausar Thompson; Tobias Harris; Ron Holland; Daniss Jenkins; Javonte Green; Isaiah Stewart; Caris LeVert,Shai Gilgeous-Alexander; Cason Wallace; Chet Holmgren; Luguentz Dort; Isaiah Joe; Ajay Mitchell; Aaron Wiggins; Jaylin Williams; Isaiah Hartenstein; Alex Caruso
2026-03-30,MIN,DAL,124,94,Julius Randle; Donte DiVincenzo; Rudy Gobert; Jaden McDaniels; Anthony Edwards; Naz Reid; Bones Hyland; Mike Conley; Jaylen Clark; Ayo Dosunmu,Cooper Flagg; Max Christie; Naji Marshall; P.J. Washington; Klay Thompson; Brandon Williams; Daniel Gafford; Ryan Nembhard; Dwight Powell; Caleb Martin
2026-03-30,PHI,MIA,109,119,Tyrese Maxey; VJ Edgecombe; Quentin Grimes; Dominick Barlow; Kelly Oubre Jr.; Adem Bona; Andre Drummond; Joel Embiid; Paul George; Justin Edwards,Bam Adebayo; Jaime Jaquez Jr.; Andrew Wiggins; Davion Mitchell; Pelle Larsson; Norman Powell; Kel'el Ware; Simone Fontecchio; Dru Smith; Tyler Herro
2026-03-30,PHX,MEM,131,105,Collin Gillespie; Royce O'Neale; Devin Booker; Oso Ighodaro; Dillon Brooks; Jordan Goodwin; Grayson Allen; Mark Williams; Ryan Dunn; Jalen Green,Jaylen Wells; Cam Spencer; Cedric Coward; Jaren Jackson Jr.; Santi Aldama; GG Jackson II; Kentavious Caldwell-Pope; Jock Landale; Olivier-Maxence Prosper; Javon Small
2026-03-30,WAS,LAL,101,120,Bub Carrington; Will Riley; Bilal Coulibaly; Tre Johnson; Kyshawn George; Justin Champagnie; Alex Sarr; CJ McCollum; Jamir Watkins; Anthony Gill,Luka Dončić; Jake LaRavia; LeBron James; Deandre Ayton; Rui Hachimura; Marcus Smart; Austin Reaves; Jaxson Hayes; Jarred Vanderbilt; Luke Kennard
2026-03-31,CHA,BKN,117,86,Kon Knueppel; Miles Bridges; LaMelo Ball; Brandon Miller; Moussa Diabaté; Sion James; Ryan Kalkbrenner; Collin Sexton; Josh Green; Grant Williams,Nic Claxton; Noah Clowney; Michael Porter Jr.; Terance Mann; Drake Powell; Egor Dёmin; Ziaire Williams; Nolan Traoré; Danny Wolf; Day'Ron Sharpe
2026-03-31,CLE,LAL,113,127,Donovan Mitchell; Evan Mobley; Jaylon Tyson; Jarrett Allen; Sam Merrill; Dean Wade; Craig Porter Jr.; De'Andre Hunter; Nae'Qwan Tomlin; James Harden,Luka Dončić; Jake LaRavia; LeBron James; Deandre Ayton; Rui Hachimura; Marcus Smart; Austin Reaves; Jaxson Hayes; Jarred Vanderbilt; Luke Kennard
2026-03-31,DAL,MIL,99,123,Cooper Flagg; Max Christie; Naji Marshall; P.J. Washington; Klay Thompson; Brandon Williams; Daniel Gafford; Ryan Nembhard; Dwight Powell; Caleb Martin,Ryan Rollins; A.J. Green; Myles Turner; Kyle Kuzma; Bobby Portis; Gary Trent Jr.; Jericho Sims; Kevin Porter Jr.; Giannis Antetokounmpo; Ousmane Dieng
2026-03-31,NYK,HOU,94,111,Mikal Bridges; Jalen Brunson; Karl-Anthony Towns; OG Anunoby; Josh Hart; Jordan Clarkson; Mitchell Robinson; Landry Shamet; Miles McBride; Tyler Kolek,Amen Thompson; Kevin Durant; Jabari Smith Jr.; Alperen Sengun; Reed Sheppard; Tari Eason; Josh Okogie; Clint Capela; Aaron Holiday; Steven Adams
2026-03-31,PHX,ORL,111,115,Collin Gillespie; Royce O'Neale; Devin Booker; Oso Ighodaro; Dillon Brooks; Jordan Goodwin; Grayson Allen; Mark Williams; Ryan Dunn; Jalen Green,Desmond Bane; Paolo Banchero; Wendell Carter Jr.; Anthony Black; Tristan Da Silva; Jalen Suggs; Franz Wagner; Goga Bitadze; Noah Penda; Tyus Jones
2026-03-31,POR,LAC,114,104,Toumani Camara; Deni Avdija; Donovan Clingan; Jerami Grant; Jrue Holiday; Shaedon Sharpe; Sidy Cissoko; Kris Murray; Caleb Love; Robert Williams,Kris Dunn; Kawhi Leonard; John Collins; Brook Lopez; James Harden; Kobe Sanders; Derrick Jones Jr.; Ivica Zubac; Jordan Miller; Nicolas Batum
2026-03-31,TOR,DET,116,127,Scottie Barnes; Brandon Ingram; Immanuel Quickley; Jamal Shead; Sandro Mamukelashvili; RJ Barrett; Ja'Kobe Walter; Collin Murray-Boyles; Jakob Poeltl; Gradey Dick,Cade Cunningham; Duncan Robinson; Jalen Duren; Ausar Thompson; Tobias Harris; Ron Holland; Daniss Jenkins; Javonte Green; Isaiah Stewart; Caris LeVert
2026-04-01,ATL,ORL,130,101,Nickeil Alexander-Walker; Jalen Johnson; Dyson Daniels; Onyeka Okongwu; Zaccharie Risacher; CJ McCollum; Mouhamed Gueye; Vít Krejčí; Luke Kennard; Corey Kispert,Desmond Bane; Paolo Banchero; Wendell Carter Jr.; Anthony Black; Tristan Da Silva; Jalen Suggs; Franz Wagner; Goga Bitadze; Noah Penda; Tyus Jones
2026-04-01,BOS,MIA,147,129,Derrick White; Payton Pritchard; Jaylen Brown; Sam Hauser; Neemias Queta; Baylor Scheierman; Jordan Walsh; Anfernee Simons; Luka Garza; Hugo González,Bam Adebayo; Jaime Jaquez Jr.; Andrew Wiggins; Davion Mitchell; Pelle Larsson; Norman Powell; Kel'el Ware; Simone Fontecchio; Dru Smith; Tyler Herro
2026-04-01,DEN,UTA,130,117,Jamal Murray; Nikola Jokić; Tim Hardaway Jr.; Bruce Brown; Cameron Johnson; Peyton Watson; Spencer Jones; Christian Braun; Aaron Gordon; Jonas Valančiūnas,Ace Bailey; Kyle Filipowski; Keyonte George; Brice Sensabaugh; Cody Williams; Isaiah Collier; Lauri Markkanen; Svi Mykhailiuk; Jusuf Nurkić; Walter Clayton
2026-04-01,IND,CHI,145,126,Pascal Siakam; Jarace Walker; Andrew Nembhard; Jay Huff; Ben Sheppard; Aaron Nesmith; T.J. McConnell; Micah Potter; Quenton Jackson; Bennedict Mathurin,Matas Buzelis; Tre Jones; Josh Giddey; Isaac Okoro; Nikola Vučević; Patrick Williams; Ayo Dosunmu; Jalen Smith; Kevin Huerter; Coby White
2026-04-01,MIL,HOU,113,119,Ryan Rollins; A.J. Green; Myles Turner; Kyle Kuzma; Bobby Portis; Gary Trent Jr.; Jericho Sims; Kevin Porter Jr.; Giannis Antetokounmpo; Ousmane Dieng,Amen Thompson; Kevin Durant; Jabari Smith Jr.; Alperen Sengun; Reed Sheppard; Tari Eason; Josh Okogie; Clint Capela; Aaron Holiday; Steven Adams
2026-04-01,NYK,MEM,130,119,Mikal Bridges; Jalen Brunson; Karl-Anthony Towns; OG Anunoby; Josh Hart; Jordan Clarkson; Mitchell Robinson; Landry Shamet; Miles McBride; Tyler Kolek,Jaylen Wells; Cam Spencer; Cedric Coward; Jaren Jackson Jr.; Santi Aldama; GG Jackson II; Kentavious Caldwell-Pope; Jock Landale; Olivier-Maxence Prosper; Javon Small
2026-04-01,PHI,WAS,153,131,Tyrese Maxey; VJ Edgecombe; Quentin Grimes; Dominick Barlow; Kelly Oubre Jr.; Adem Bona; Andre Drummond; Joel Embiid; Paul George; Justin Edwards,Bub Carrington; Will Riley; Bilal Coulibaly; Tre Johnson; Kyshawn George; Justin Champagnie; Alex Sarr; CJ McCollum; Jamir Watkins; Anthony Gill
2026-04-01,SAC,TOR,123,115,DeMar DeRozan; Maxime Raynaud; Nique Clifford; Russell Westbrook; Precious Achiuwa; Malik Monk; Zach LaVine; Dennis Schröder; Dylan Cardwell; Daeqwon Plowden,Scottie Barnes; Brandon Ingram; Immanuel Quickley; Jamal Shead; Sandro Mamukelashvili; RJ Barrett; Ja'Kobe Walter; Collin Murray-Boyles; Jakob Poeltl; Gradey Dick
2026-04-01,SAS,GSW,127,113,Julian Champagnie; De'Aaron Fox; Devin Vassell; Stephon Castle; Harrison Barnes; Keldon Johnson; Victor Wembanyama; Dylan Harper; Luke Kornet; Carter Bryant,Brandin Podziemski; Draymond Green; Moses Moody; Gui Santos; Will Richard; Stephen Curry; Pat Spencer; Jimmy Butler; Quinten Post; Gary Payton II
2026-04-02,CLE,GSW,118,111,Donovan Mitchell; Evan Mobley; Jaylon Tyson; Jarrett Allen; Sam Merrill; Dean Wade; Craig Porter Jr.; De'Andre Hunter; Nae'Qwan Tomlin; James Harden,Brandin Podziemski; Draymond Green; Moses Moody; Gui Santos; Will Richard; Stephen Curry; Pat Spencer; Jimmy Butler; Quinten Post; Gary Payton II
2026-04-02,LAL,OKC,96,139,Luka Dončić; Jake LaRavia; LeBron James; Deandre Ayton; Rui Hachimura; Marcus Smart; Austin Reaves; Jaxson Hayes; Jarred Vanderbilt; Luke Kennard,Shai Gilgeous-Alexander; Cason Wallace; Chet Holmgren; Luguentz Dort; Isaiah Joe; Ajay Mitchell; Aaron Wiggins; Jaylin Williams; Isaiah Hartenstein; Alex Caruso
2026-04-02,MIN,DET,108,113,Julius Randle; Donte DiVincenzo; Rudy Gobert; Jaden McDaniels; Anthony Edwards; Naz Reid; Bones Hyland; Mike Conley; Jaylen Clark; Ayo Dosunmu,Cade Cunningham; Duncan Robinson; Jalen Duren; Ausar Thompson; Tobias Harris; Ron Holland; Daniss Jenkins; Javonte Green; Isaiah Stewart; Caris LeVert
2026-04-02,NOP,POR,106,118,Trey Murphy III; Saddiq Bey; Jeremiah Fears; Derik Queen; Zion Williamson; Herbert Jones; Yves Missi; Jordan Poole; Micah Peavy; Karlo Matković,Toumani Camara; Deni Avdija; Donovan Clingan; Jerami Grant; Jrue Holiday; Shaedon Sharpe; Sidy Cissoko; Kris Murray; Caleb Love; Robert Williams
2026-04-02,PHX,CHA,107,127,Collin Gillespie; Royce O'Neale; Devin Booker; Oso Ighodaro; Dillon Brooks; Jordan Goodwin; Grayson Allen; Mark Williams; Ryan Dunn; Jalen Green,Kon Knueppel; Miles Bridges; LaMelo Ball; Brandon Miller; Moussa Diabaté; Sion James; Ryan Kalkbrenner; Collin Sexton; Josh Green; Grant Williams
2026-04-02,SAS,LAC,118,99,Julian Champagnie; De'Aaron Fox; Devin Vassell; Stephon Castle; Harrison Barnes; Keldon Johnson; Victor Wembanyama; Dylan Harper; Luke Kornet; Carter Bryant,Kris Dunn; Kawhi Leonard; John Collins; Brook Lopez; James Harden; Kobe Sanders; Derrick Jones Jr.; Ivica Zubac; Jordan Miller; Nicolas Batum
2026-04-03,ATL,BKN,141,107,Nickeil Alexander-Walker; Jalen Johnson; Dyson Daniels; Onyeka Okongwu; Zaccharie Risacher; CJ McCollum; Mouhamed Gueye; Vít Krejčí; Luke Kennard; Corey Kispert,Nic Claxton; Noah Clowney; Michael Porter Jr.; Terance Mann; Drake Powell; Egor Dёmin; Ziaire Williams; Nolan Traoré; Danny Wolf; Day'Ron Sharpe
2026-04-03,BOS,MIL,133,101,Derrick White; Payton Pritchard; Jaylen Brown; Sam Hauser; Neemias Queta; Baylor Scheierman; Jordan Walsh; Anfernee Simons; Luka Garza; Hugo González,Ryan Rollins; A.J. Green; Myles Turner; Kyle Kuzma; Bobby Portis; Gary Trent Jr.; Jericho Sims; Kevin Porter Jr.; Giannis Antetokounmpo; Ousmane Dieng
2026-04-03,CHI,NYK,96,136,Matas Buzelis; Tre Jones; Josh Giddey; Isaac Okoro; Nikola Vučević; Patrick Williams; Ayo Dosunmu; Jalen Smith; Kevin Huerter; Coby White,Mikal Bridges; Jalen Brunson; Karl-Anthony Towns; OG Anunoby; Josh Hart; Jordan Clarkson; Mitchell Robinson; Landry Shamet; Miles McBride; Tyler Kolek
2026-04-03,IND,CHA,108,129,Pascal Siakam; Jarace Walker; Andrew Nembhard; Jay Huff; Ben Sheppard; Aaron Nesmith; T.J. McConnell; Micah Potter; Quenton Jackson; Bennedict Mathurin,Kon Knueppel; Miles Bridges; LaMelo Ball; Brandon Miller; Moussa Diabaté; Sion James; Ryan Kalkbrenner; Collin Sexton; Josh Green; Grant Williams
2026-04-03,MIN,PHI,103,115,Julius Randle; Donte DiVincenzo; Rudy Gobert; Jaden McDaniels; Anthony Edwards; Naz Reid; Bones Hyland; Mike Conley; Jaylen Clark; Ayo Dosunmu,Tyrese Maxey; VJ Edgecombe; Quentin Grimes; Dominick Barlow; Kelly Oubre Jr.; Adem Bona; Andre Drummond; Joel Embiid; Paul George; Justin Edwards
2026-04-03,NOP,SAC,113,117,Trey Murphy III; Saddiq Bey; Jeremiah Fears; Derik Queen; Zion Williamson; Herbert Jones; Yves Missi; Jordan Poole; Micah Peavy; Karlo Matković,DeMar DeRozan; Maxime Raynaud; Nique Clifford; Russell Westbrook; Precious Achiuwa; Malik Monk; Zach LaVine; Dennis Schröder; Dylan Cardwell; Daeqwon Plowden
2026-04-03,ORL,DAL,138,127,Desmond Bane; Paolo Banchero; Wendell Carter Jr.; Anthony Black; Tristan Da Silva; Jalen Suggs; Franz Wagner; Goga Bitadze; Noah Penda; Tyus Jones,Cooper Flagg; Max Christie; Naji Marshall; P.J. Washington; Klay Thompson; Brandon Williams; Daniel Gafford; Ryan Nembhard; Dwight Powell; Caleb Martin
2026-04-03,TOR,MEM,128,96,Scottie Barnes; Brandon Ingram; Immanuel Quickley; Jamal Shead; Sandro Mamukelashvili; RJ Barrett; Ja'Kobe Walter; Collin Murray-Boyles; Jakob Poeltl; Gradey Dick,Jaylen Wells; Cam Spencer; Cedric Coward; Jaren Jackson Jr.; Santi Aldama; GG Jackson II; Kentavious Caldwell-Pope; Jock Landale; Olivier-Maxence Prosper; Javon Small
2026-04-03,UTA,HOU,106,140,Ace Bailey; Kyle Filipowski; Keyonte George; Brice Sensabaugh; Cody Williams; Isaiah Collier; Lauri Markkanen; Svi Mykhailiuk; Jusuf Nurkić; Walter Clayton,Amen Thompson; Kevin Durant; Jabari Smith Jr.; Alperen Sengun; Reed Sheppard; Tari Eason; Josh Okogie; Clint Capela; Aaron Holiday; Steven Adams
2026-04-04,DET,PHI,116,93,Cade Cunningham; Duncan Robinson; Jalen Duren; Ausar Thompson; Tobias Harris; Ron Holland; Daniss Jenkins; Javonte Green; Isaiah Stewart; Caris LeVert,Tyrese Maxey; VJ Edgecombe; Quentin Grimes; Dominick Barlow; Kelly Oubre Jr.; Adem Bona; Andre Drummond; Joel Embiid; Paul George; Justin Edwards
2026-04-04,SAS,DEN,134,136,Julian Champagnie; De'Aaron Fox; Devin Vassell; Stephon Castle; Harrison Barnes; Keldon Johnson; Victor Wembanyama; Dylan Harper; Luke Kornet; Carter Bryant,Jamal Murray; Nikola Jokić; Tim Hardaway Jr.; Bruce Brown; Cameron Johnson; Peyton Watson; Spencer Jones; Christian Braun; Aaron Gordon; Jonas Valančiūnas
2026-04-04,WAS,MIA,136,152,Bub Carrington; Will Riley; Bilal Coulibaly; Tre Johnson; Kyshawn George; Justin Champagnie; Alex Sarr; CJ McCollum; Jamir Watkins; Anthony Gill,Bam Adebayo; Jaime Jaquez Jr.; Andrew Wiggins; Davion Mitchell; Pelle Larsson; Norman Powell; Kel'el Ware; Simone Fontecchio; Dru Smith; Tyler Herro
2026-04-05,CHA,MIN,122,108,Kon Knueppel; Miles Bridges; LaMelo Ball; Brandon Miller; Moussa Diabaté; Sion James; Ryan Kalkbrenner; Collin Sexton; Josh Green; Grant Williams,Julius Randle; Donte DiVincenzo; Rudy Gobert; Jaden McDaniels; Anthony Edwards; Naz Reid; Bones Hyland; Mike Conley; Jaylen Clark; Ayo Dosunmu
2026-04-05,HOU,GSW,117,116,Amen Thompson; Kevin Durant; Jabari Smith Jr.; Alperen Sengun; Reed Sheppard; Tari Eason; Josh Okogie; Clint Capela; Aaron Holiday; Steven Adams,Brandin Podziemski; Draymond Green; Moses Moody; Gui Santos; Will Richard; Stephen Curry; Pat Spencer; Jimmy Butler; Quinten Post; Gary Payton II
2026-04-05,IND,CLE,108,117,Pascal Siakam; Jarace Walker; Andrew Nembhard; Jay Huff; Ben Sheppard; Aaron Nesmith; T.J. McConnell; Micah Potter; Quenton Jackson; Bennedict Mathurin,Donovan Mitchell; Evan Mobley; Jaylon Tyson; Jarrett Allen; Sam Merrill; Dean Wade; Craig Porter Jr.; De'Andre Hunter; Nae'Qwan Tomlin; James Harden
2026-04-05,LAC,SAC,138,109,Kris Dunn; Kawhi Leonard; John Collins; Brook Lopez; James Harden; Kobe Sanders; Derrick Jones Jr.; Ivica Zubac; Jordan Miller; Nicolas Batum,DeMar DeRozan; Maxime Raynaud; Nique Clifford; Russell Westbrook; Precious Achiuwa; Malik Monk; Zach LaVine; Dennis Schröder; Dylan Cardwell; Daeqwon Plowden
2026-04-05,LAL,DAL,128,134,Luka Dončić; Jake LaRavia; LeBron James; Deandre Ayton; Rui Hachimura; Marcus Smart; Austin Reaves; Jaxson Hayes; Jarred Vanderbilt; Luke Kennard,Cooper Flagg; Max Christie; Naji Marshall; P.J. Washington; Klay Thompson; Brandon Williams; Daniel Gafford; Ryan Nembhard; Dwight Powell; Caleb Martin
2026-04-05,MEM,MIL,115,131,Jaylen Wells; Cam Spencer; Cedric Coward; Jaren Jackson Jr.; Santi Aldama; GG Jackson II; Kentavious Caldwell-Pope; Jock Landale; Olivier-Maxence Prosper; Javon Small,Ryan Rollins; A.J. Green; Myles Turner; Kyle Kuzma; Bobby Portis; Gary Trent Jr.; Jericho Sims; Kevin Porter Jr.; Giannis Antetokounmpo; Ousmane Dieng
2026-04-05,ORL,NOP,112,108,Desmond Bane; Paolo Banchero; Wendell Carter Jr.; Anthony Black; Tristan Da Silva; Jalen Suggs; Franz Wagner; Goga Bitadze; Noah Penda; Tyus Jones,Trey Murphy III; Saddiq Bey; Jeremiah Fears; Derik Queen; Zion Williamson; Herbert Jones; Yves Missi; Jordan Poole; Micah Peavy; Karlo Matković
2026-04-05,PHX,CHI,120,110,Collin Gillespie; Royce O'Neale; Devin Booker; Oso Ighodaro; Dillon Brooks; Jordan Goodwin; Grayson Allen; Mark Williams; Ryan Dunn; Jalen Green,Matas Buzelis; Tre Jones; Josh Giddey; Isaac Okoro; Nikola Vučević; Patrick Williams; Ayo Dosunmu; Jalen Smith; Kevin Huerter; Coby White
2026-04-05,TOR,BOS,101,115,Scottie Barnes; Brandon Ingram; Immanuel Quickley; Jamal Shead; Sandro Mamukelashvili; RJ Barrett; Ja'Kobe Walter; Collin Murray-Boyles; Jakob Poeltl; Gradey Dick,Derrick White; Payton Pritchard; Jaylen Brown; Sam Hauser; Neemias Queta; Baylor Scheierman; Jordan Walsh; Anfernee Simons; Luka Garza; Hugo González
2026-04-05,UTA,OKC,111,146,Ace Bailey; Kyle Filipowski; Keyonte George; Brice Sensabaugh; Cody Williams; Isaiah Collier; Lauri Markkanen; Svi Mykhailiuk; Jusuf Nurkić; Walter Clayton,Shai Gilgeous-Alexander; Cason Wallace; Chet Holmgren; Luguentz Dort; Isaiah Joe; Ajay Mitchell; Aaron Wiggins; Jaylin Williams; Isaiah Hartenstein; Alex Caruso
2026-04-05,WAS,BKN,115,121,Bub Carrington; Will Riley; Bilal Coulibaly; Tre Johnson; Kyshawn George; Justin Champagnie; Alex Sarr; CJ McCollum; Jamir Watkins; Anthony Gill,Nic Claxton; Noah Clowney; Michael Porter Jr.; Terance Mann; Drake Powell; Egor Dёmin; Ziaire Williams; Nolan Traoré; Danny Wolf; Day'Ron Sharpe
2026-04-06,CLE,MEM,142,126,Donovan Mitchell; Evan Mobley; Jaylon Tyson; Jarrett Allen; Sam Merrill; Dean Wade; Craig Porter Jr.; De'Andre Hunter; Nae'Qwan Tomlin; James Harden,Jaylen Wells; Cam Spencer; Cedric Coward; Jaren Jackson Jr.; Santi Aldama; GG Jackson II; Kentavious Caldwell-Pope; Jock Landale; Olivier-Maxence Prosper; Javon Small
2026-04-06,DET,ORL,107,123,Cade Cunningham; Duncan Robinson; Jalen Duren; Ausar Thompson; Tobias Harris; Ron Holland; Daniss Jenkins; Javonte Green; Isaiah Stewart; Caris LeVert,Desmond Bane; Paolo Banchero; Wendell Carter Jr.; Anthony Black; Tristan Da Silva; Jalen Suggs; Franz Wagner; Goga Bitadze; Noah Penda; Tyus Jones
2026-04-06,NYK,ATL,108,105,Mikal Bridges; Jalen Brunson; Karl-Anthony Towns; OG Anunoby; Josh Hart; Jordan Clarkson; Mitchell Robinson; Landry Shamet; Miles McBride; Tyler Kolek,Nickeil Alexander-Walker; Jalen Johnson; Dyson Daniels; Onyeka Okongwu; Zaccharie Risacher; CJ McCollum; Mouhamed Gueye; Vít Krejčí; Luke Kennard; Corey Kispert
2026-04-06,PHI,SAS,102,115,Tyrese Maxey; VJ Edgecombe; Quentin Grimes; Dominick Barlow; Kelly Oubre Jr.; Adem Bona; Andre Drummond; Joel Embiid; Paul George; Justin Edwards,Julian Champagnie; De'Aaron Fox; Devin Vassell; Stephon Castle; Harrison Barnes; Keldon Johnson; Victor Wembanyama; Dylan Harper; Luke Kornet; Carter Bryant
2026-04-06,POR,DEN,132,137,Toumani Camara; Deni Avdija; Donovan Clingan; Jerami Grant; Jrue Holiday; Shaedon Sharpe; Sidy Cissoko; Kris Murray; Caleb Love; Robert Williams,Jamal Murray; Nikola Jokić; Tim Hardaway Jr.; Bruce Brown; Cameron Johnson; Peyton Watson; Spencer Jones; Christian Braun; Aaron Gordon; Jonas Valančiūnas
2026-04-07,CHA,BOS,102,113,Kon Knueppel; Miles Bridges; LaMelo Ball; Brandon Miller; Moussa Diabaté; Sion James; Ryan Kalkbrenner; Collin Sexton; Josh Green; Grant Williams,Derrick White; Payton Pritchard; Jaylen Brown; Sam Hauser; Neemias Queta; Baylor Scheierman; Jordan Walsh; Anfernee Simons; Luka Garza; Hugo González
2026-04-07,CHI,WAS,129,98,Matas Buzelis; Tre Jones; Josh Giddey; Isaac Okoro; Nikola Vučević; Patrick Williams; Ayo Dosunmu; Jalen Smith; Kevin Huerter; Coby White,Bub Carrington; Will Riley; Bilal Coulibaly; Tre Johnson; Kyshawn George; Justin Champagnie; Alex Sarr; CJ McCollum; Jamir Watkins; Anthony Gill
2026-04-07,DAL,LAC,103,116,Cooper Flagg; Max Christie; Naji Marshall; P.J. Washington; Klay Thompson; Brandon Williams; Daniel Gafford; Ryan Nembhard; Dwight Powell; Caleb Martin,Kris Dunn; Kawhi Leonard; John Collins; Brook Lopez; James Harden; Kobe Sanders; Derrick Jones Jr.; Ivica Zubac; Jordan Miller; Nicolas Batum
2026-04-07,HOU,PHX,119,105,Amen Thompson; Kevin Durant; Jabari Smith Jr.; Alperen Sengun; Reed Sheppard; Tari Eason; Josh Okogie; Clint Capela; Aaron Holiday; Steven Adams,Collin Gillespie; Royce O'Neale; Devin Booker; Oso Ighodaro; Dillon Brooks; Jordan Goodwin; Grayson Allen; Mark Williams; Ryan Dunn; Jalen Green
2026-04-07,MIA,TOR,95,121,Bam Adebayo; Jaime Jaquez Jr.; Andrew Wiggins; Davion Mitchell; Pelle Larsson; Norman Powell; Kel'el Ware; Simone Fontecchio; Dru Smith; Tyler Herro,Scottie Barnes; Brandon Ingram; Immanuel Quickley; Jamal Shead; Sandro Mamukelashvili; RJ Barrett; Ja'Kobe Walter; Collin Murray-Boyles; Jakob Poeltl; Gradey Dick
2026-04-07,MIL,BKN,90,96,Ryan Rollins; A.J. Green; Myles Turner; Kyle Kuzma; Bobby Portis; Gary Trent Jr.; Jericho Sims; Kevin Porter Jr.; Giannis Antetokounmpo; Ousmane Dieng,Nic Claxton; Noah Clowney; Michael Porter Jr.; Terance Mann; Drake Powell; Egor Dёmin; Ziaire Williams; Nolan Traoré; Danny Wolf; Day'Ron Sharpe
2026-04-07,MIN,IND,124,104,Julius Randle; Donte DiVincenzo; Rudy Gobert; Jaden McDaniels; Anthony Edwards; Naz Reid; Bones Hyland; Mike Conley; Jaylen Clark; Ayo Dosunmu,Pascal Siakam; Jarace Walker; Andrew Nembhard; Jay Huff; Ben Sheppard; Aaron Nesmith; T.J. McConnell; Micah Potter; Quenton Jackson; Bennedict Mathurin
2026-04-07,OKC,LAL,123,87,Shai Gilgeous-Alexander; Cason Wallace; Chet Holmgren; Luguentz Dort; Isaiah Joe; Ajay Mitchell; Aaron Wiggins; Jaylin Williams; Isaiah Hartenstein; Alex Caruso,Luka Dončić; Jake LaRavia; LeBron James; Deandre Ayton; Rui Hachimura; Marcus Smart; Austin Reaves; Jaxson Hayes; Jarred Vanderbilt; Luke Kennard
2026-04-07,SAC,GSW,105,110,DeMar DeRozan; Maxime Raynaud; Nique Clifford; Russell Westbrook; Precious Achiuwa; Malik Monk; Zach LaVine; Dennis Schröder; Dylan Cardwell; Daeqwon Plowden,Brandin Podziemski; Draymond Green; Moses Moody; Gui Santos; Will Richard; Stephen Curry; Pat Spencer; Jimmy Butler; Quinten Post; Gary Payton II
2026-04-07,UTA,NOP,137,156,Ace Bailey; Kyle Filipowski; Keyonte George; Brice Sensabaugh; Cody Williams; Isaiah Collier; Lauri Markkanen; Svi Mykhailiuk; Jusuf Nurkić; Walter Clayton,Trey Murphy III; Saddiq Bey; Jeremiah Fears; Derik Queen; Zion Williamson; Herbert Jones; Yves Missi; Jordan Poole; Micah Peavy; Karlo Matković
2026-04-08,ATL,CLE,116,122,Nickeil Alexander-Walker; Jalen Johnson; Dyson Daniels; Onyeka Okongwu; Zaccharie Risacher; CJ McCollum; Mouhamed Gueye; Vít Krejčí; Luke Kennard; Corey Kispert,Donovan Mitchell; Evan Mobley; Jaylon Tyson; Jarrett Allen; Sam Merrill; Dean Wade; Craig Porter Jr.; De'Andre Hunter; Nae'Qwan Tomlin; James Harden
2026-04-08,DAL,PHX,107,112,Cooper Flagg; Max Christie; Naji Marshall; P.J. Washington; Klay Thompson; Brandon Williams; Daniel Gafford; Ryan Nembhard; Dwight Powell; Caleb Martin,Collin Gillespie; Royce O'Neale; Devin Booker; Oso Ighodaro; Dillon Brooks; Jordan Goodwin; Grayson Allen; Mark Williams; Ryan Dunn; Jalen Green
2026-04-08,MEM,DEN,119,136,Jaylen Wells; Cam Spencer; Cedric Coward; Jaren Jackson Jr.; Santi Aldama; GG Jackson II; Kentavious Caldwell-Pope; Jock Landale; Olivier-Maxence Prosper; Javon Small,Jamal Murray; Nikola Jokić; Tim Hardaway Jr.; Bruce Brown; Cameron Johnson; Peyton Watson; Spencer Jones; Christian Braun; Aaron Gordon; Jonas Valančiūnas
2026-04-08,MIL,DET,111,137,Ryan Rollins; A.J. Green; Myles Turner; Kyle Kuzma; Bobby Portis; Gary Trent Jr.; Jericho Sims; Kevin Porter Jr.; Giannis Antetokounmpo; Ousmane Dieng,Cade Cunningham; Duncan Robinson; Jalen Duren; Ausar Thompson; Tobias Harris; Ron Holland; Daniss Jenkins; Javonte Green; Isaiah Stewart; Caris LeVert
2026-04-08,MIN,ORL,120,132,Julius Randle; Donte DiVincenzo; Rudy Gobert; Jaden McDaniels; Anthony Edwards; Naz Reid; Bones Hyland; Mike Conley; Jaylen Clark; Ayo Dosunmu,Desmond Bane; Paolo Banchero; Wendell Carter Jr.; Anthony Black; Tristan Da Silva; Jalen Suggs; Franz Wagner; Goga Bitadze; Noah Penda; Tyus Jones
2026-04-08,OKC,LAC,128,110,Shai Gilgeous-Alexander; Cason Wallace; Chet Holmgren; Luguentz Dort; Isaiah Joe; Ajay Mitchell; Aaron Wiggins; Jaylin Williams; Isaiah Hartenstein; Alex Caruso,Kris Dunn; Kawhi Leonard; John Collins; Brook Lopez; James Harden; Kobe Sanders; Derrick Jones Jr.; Ivica Zubac; Jordan Miller; Nicolas Batum
2026-04-08,POR,SAS,101,112,Toumani Camara; Deni Avdija; Donovan Clingan; Jerami Grant; Jrue Holiday; Shaedon Sharpe; Sidy Cissoko; Kris Murray; Caleb Love; Robert Williams,Julian Champagnie; De'Aaron Fox; Devin Vassell; Stephon Castle; Harrison Barnes; Keldon Johnson; Victor Wembanyama; Dylan Harper; Luke Kornet; Carter Bryant
2026-04-09,BOS,NYK,106,112,Derrick White; Payton Pritchard; Jaylen Brown; Sam Hauser; Neemias Queta; Baylor Scheierman; Jordan Walsh; Anfernee Simons; Luka Garza; Hugo González,Mikal Bridges; Jalen Brunson; Karl-Anthony Towns; OG Anunoby; Josh Hart; Jordan Clarkson; Mitchell Robinson; Landry Shamet; Miles McBride; Tyler Kolek
2026-04-09,CHI,WAS,119,108,Matas Buzelis; Tre Jones; Josh Giddey; Isaac Okoro; Nikola Vučević; Patrick Williams; Ayo Dosunmu; Jalen Smith; Kevin Huerter; Coby White,Bub Carrington; Will Riley; Bilal Coulibaly; Tre Johnson; Kyshawn George; Justin Champagnie; Alex Sarr; CJ McCollum; Jamir Watkins; Anthony Gill
2026-04-09,IND,BKN,123,94,Pascal Siakam; Jarace Walker; Andrew Nembhard; Jay Huff; Ben Sheppard; Aaron Nesmith; T.J. McConnell; Micah Potter; Quenton Jackson; Bennedict Mathurin,Nic Claxton; Noah Clowney; Michael Porter Jr.; Terance Mann; Drake Powell; Egor Dёmin; Ziaire Williams; Nolan Traoré; Danny Wolf; Day'Ron Sharpe
2026-04-09,LAL,GSW,119,103,Luka Dončić; Jake LaRavia; LeBron James; Deandre Ayton; Rui Hachimura; Marcus Smart; Austin Reaves; Jaxson Hayes; Jarred Vanderbilt; Luke Kennard,Brandin Podziemski; Draymond Green; Moses Moody; Gui Santos; Will Richard; Stephen Curry; Pat Spencer; Jimmy Butler; Quinten Post; Gary Payton II
2026-04-09,MIA,TOR,114,128,Bam Adebayo; Jaime Jaquez Jr.; Andrew Wiggins; Davion Mitchell; Pelle Larsson; Norman Powell; Kel'el Ware; Simone Fontecchio; Dru Smith; Tyler Herro,Scottie Barnes; Brandon Ingram; Immanuel Quickley; Jamal Shead; Sandro Mamukelashvili; RJ Barrett; Ja'Kobe Walter; Collin Murray-Boyles; Jakob Poeltl; Gradey Dick
2026-04-09,PHI,HOU,102,113,Tyrese Maxey; VJ Edgecombe; Quentin Grimes; Dominick Barlow; Kelly Oubre Jr.; Adem Bona; Andre Drummond; Joel Embiid; Paul George; Justin Edwards,Amen Thompson; Kevin Durant; Jabari Smith Jr.; Alperen Sengun; Reed Sheppard; Tari Eason; Josh Okogie; Clint Capela; Aaron Holiday; Steven Adams
2026-04-10,BKN,MIL,108,125,Nic Claxton; Noah Clowney; Michael Porter Jr.; Terance Mann; Drake Powell; Egor Dёmin; Ziaire Williams; Nolan Traoré; Danny Wolf; Day'Ron Sharpe,Ryan Rollins; A.J. Green; Myles Turner; Kyle Kuzma; Bobby Portis; Gary Trent Jr.; Jericho Sims; Kevin Porter Jr.; Giannis Antetokounmpo; Ousmane Dieng
2026-04-10,CLE,ATL,102,124,Donovan Mitchell; Evan Mobley; Jaylon Tyson; Jarrett Allen; Sam Merrill; Dean Wade; Craig Porter Jr.; De'Andre Hunter; Nae'Qwan Tomlin; James Harden,Nickeil Alexander-Walker; Jalen Johnson; Dyson Daniels; Onyeka Okongwu; Zaccharie Risacher; CJ McCollum; Mouhamed Gueye; Vít Krejčí; Luke Kennard; Corey Kispert
2026-04-10,DAL,SAS,120,139,Cooper Flagg; Max Christie; Naji Marshall; P.J. Washington; Klay Thompson; Brandon Williams; Daniel Gafford; Ryan Nembhard; Dwight Powell; Caleb Martin,Julian Champagnie; De'Aaron Fox; Devin Vassell; Stephon Castle; Harrison Barnes; Keldon Johnson; Victor Wembanyama; Dylan Harper; Luke Kornet; Carter Bryant
2026-04-10,DET,CHA,118,100,Cade Cunningham; Duncan Robinson; Jalen Duren; Ausar Thompson; Tobias Harris; Ron Holland; Daniss Jenkins; Javonte Green; Isaiah Stewart; Caris LeVert,Kon Knueppel; Miles Bridges; LaMelo Ball; Brandon Miller; Moussa Diabaté; Sion James; Ryan Kalkbrenner; Collin Sexton; Josh Green; Grant Williams
2026-04-10,GSW,SAC,118,124,Brandin Podziemski; Draymond Green; Moses Moody; Gui Santos; Will Richard; Stephen Curry; Pat Spencer; Jimmy Butler; Quinten Post; Gary Payton II,DeMar DeRozan; Maxime Raynaud; Nique Clifford; Russell Westbrook; Precious Achiuwa; Malik Monk; Zach LaVine; Dennis Schröder; Dylan Cardwell; Daeqwon Plowden
2026-04-10,LAC,POR,97,116,Kris Dunn; Kawhi Leonard; John Collins; Brook Lopez; James Harden; Kobe Sanders; Derrick Jones Jr.; Ivica Zubac; Jordan Miller; Nicolas Batum,Toumani Camara; Deni Avdija; Donovan Clingan; Jerami Grant; Jrue Holiday; Shaedon Sharpe; Sidy Cissoko; Kris Murray; Caleb Love; Robert Williams
2026-04-10,MEM,UTA,101,147,Jaylen Wells; Cam Spencer; Cedric Coward; Jaren Jackson Jr.; Santi Aldama; GG Jackson II; Kentavious Caldwell-Pope; Jock Landale; Olivier-Maxence Prosper; Javon Small,Ace Bailey; Kyle Filipowski; Keyonte George; Brice Sensabaugh; Cody Williams; Isaiah Collier; Lauri Markkanen; Svi Mykhailiuk; Jusuf Nurkić; Walter Clayton
2026-04-10,MIA,WAS,140,117,Bam Adebayo; Jaime Jaquez Jr.; Andrew Wiggins; Davion Mitchell; Pelle Larsson; Norman Powell; Kel'el Ware; Simone Fontecchio; Dru Smith; Tyler Herro,Bub Carrington; Will Riley; Bilal Coulibaly; Tre Johnson; Kyshawn George; Justin Champagnie; Alex Sarr; CJ McCollum; Jamir Watkins; Anthony Gill
2026-04-10,MIN,HOU,136,132,Julius Randle; Donte DiVincenzo; Rudy Gobert; Jaden McDaniels; Anthony Edwards; Naz Reid; Bones Hyland; Mike Conley; Jaylen Clark; Ayo Dosunmu,Amen Thompson; Kevin Durant; Jabari Smith Jr.; Alperen Sengun; Reed Sheppard; Tari Eason; Josh Okogie; Clint Capela; Aaron Holiday; Steven Adams
2026-04-10,NOP,BOS,118,144,Trey Murphy III; Saddiq Bey; Jeremiah Fears; Derik Queen; Zion Williamson; Herbert Jones; Yves Missi; Jordan Poole; Micah Peavy; Karlo Matković,Derrick White; Payton Pritchard; Jaylen Brown; Sam Hauser; Neemias Queta; Baylor Scheierman; Jordan Walsh; Anfernee Simons; Luka Garza; Hugo González
2026-04-10,OKC,DEN,107,127,Shai Gilgeous-Alexander; Cason Wallace; Chet Holmgren; Luguentz Dort; Isaiah Joe; Ajay Mitchell; Aaron Wiggins; Jaylin Williams; Isaiah Hartenstein; Alex Caruso,Jamal Murray; Nikola Jokić; Tim Hardaway Jr.; Bruce Brown; Cameron Johnson; Peyton Watson; Spencer Jones; Christian Braun; Aaron Gordon; Jonas Valančiūnas
2026-04-10,ORL,CHI,127,103,Desmond Bane; Paolo Banchero; Wendell Carter Jr.; Anthony Black; Tristan Da Silva; Jalen Suggs; Franz Wagner; Goga Bitadze; Noah Penda; Tyus Jones,Matas Buzelis; Tre Jones; Josh Giddey; Isaac Okoro; Nikola Vučević; Patrick Williams; Ayo Dosunmu; Jalen Smith; Kevin Huerter; Coby White
2026-04-10,PHI,IND,105,94,Tyrese Maxey; VJ Edgecombe; Quentin Grimes; Dominick Barlow; Kelly Oubre Jr.; Adem Bona; Andre Drummond; Joel Embiid; Paul George; Justin Edwards,Pascal Siakam; Jarace Walker; Andrew Nembhard; Jay Huff; Ben Sheppard; Aaron Nesmith; T.J. McConnell; Micah Potter; Quenton Jackson; Bennedict Mathurin
2026-04-10,PHX,LAL,73,101,Collin Gillespie; Royce O'Neale; Devin Booker; Oso Ighodaro; Dillon Brooks; Jordan Goodwin; Grayson Allen; Mark Williams; Ryan Dunn; Jalen Green,Luka Dončić; Jake LaRavia; LeBron James; Deandre Ayton; Rui Hachimura; Marcus Smart; Austin Reaves; Jaxson Hayes; Jarred Vanderbilt; Luke Kennard
2026-04-10,TOR,NYK,95,112,Scottie Barnes; Brandon Ingram; Immanuel Quickley; Jamal Shead; Sandro Mamukelashvili; RJ Barrett; Ja'Kobe Walter; Collin Murray-Boyles; Jakob Poeltl; Gradey Dick,Mikal Bridges; Jalen Brunson; Karl-Anthony Towns; OG Anunoby; Josh Hart; Jordan Clarkson; Mitchell Robinson; Landry Shamet; Miles McBride; Tyler Kolek
2026-04-12,ATL,MIA,117,143,Nickeil Alexander-Walker; Jalen Johnson; Dyson Daniels; Onyeka Okongwu; Zaccharie Risacher; CJ McCollum; Mouhamed Gueye; Vít Krejčí; Luke Kennard; Corey Kispert,Bam Adebayo; Jaime Jaquez Jr.; Andrew Wiggins; Davion Mitchell; Pelle Larsson; Norman Powell; Kel'el Ware; Simone Fontecchio; Dru Smith; Tyler Herro
2026-04-12,BKN,TOR,101,136,Nic Claxton; Noah Clowney; Michael Porter Jr.; Terance Mann; Drake Powell; Egor Dёmin; Ziaire Williams; Nolan Traoré; Danny Wolf; Day'Ron Sharpe,Scottie Barnes; Brandon Ingram; Immanuel Quickley; Jamal Shead; Sandro Mamukelashvili; RJ Barrett; Ja'Kobe Walter; Collin Murray-Boyles; Jakob Poeltl; Gradey Dick
2026-04-12,CHA,NYK,110,96,Kon Knueppel; Miles Bridges; LaMelo Ball; Brandon Miller; Moussa Diabaté; Sion James; Ryan Kalkbrenner; Collin Sexton; Josh Green; Grant Williams,Mikal Bridges; Jalen Brunson; Karl-Anthony Towns; OG Anunoby; Josh Hart; Jordan Clarkson; Mitchell Robinson; Landry Shamet; Miles McBride; Tyler Kolek
2026-04-12,CHI,DAL,128,149,Matas Buzelis; Tre Jones; Josh Giddey; Isaac Okoro; Nikola Vučević; Patrick Williams; Ayo Dosunmu; Jalen Smith; Kevin Huerter; Coby White,Cooper Flagg; Max Christie; Naji Marshall; P.J. Washington; Klay Thompson; Brandon Williams; Daniel Gafford; Ryan Nembhard; Dwight Powell; Caleb Martin
2026-04-12,DEN,SAS,128,118,Jamal Murray; Nikola Jokić; Tim Hardaway Jr.; Bruce Brown; Cameron Johnson; Peyton Watson; Spencer Jones; Christian Braun; Aaron Gordon; Jonas Valančiūnas,Julian Champagnie; De'Aaron Fox; Devin Vassell; Stephon Castle; Harrison Barnes; Keldon Johnson; Victor Wembanyama; Dylan Harper; Luke Kornet; Carter Bryant
2026-04-12,DET,IND,133,121,Cade Cunningham; Duncan Robinson; Jalen Duren; Ausar Thompson; Tobias Harris; Ron Holland; Daniss Jenkins; Javonte Green; Isaiah Stewart; Caris LeVert,Pascal Siakam; Jarace Walker; Andrew Nembhard; Jay Huff; Ben Sheppard; Aaron Nesmith; T.J. McConnell; Micah Potter; Quenton Jackson; Bennedict Mathurin
2026-04-12,GSW,LAC,110,115,Brandin Podziemski; Draymond Green; Moses Moody; Gui Santos; Will Richard; Stephen Curry; Pat Spencer; Jimmy Butler; Quinten Post; Gary Payton II,Kris Dunn; Kawhi Leonard; John Collins; Brook Lopez; James Harden; Kobe Sanders; Derrick Jones Jr.; Ivica Zubac; Jordan Miller; Nicolas Batum
2026-04-12,MEM,HOU,101,132,Jaylen Wells; Cam Spencer; Cedric Coward; Jaren Jackson Jr.; Santi Aldama; GG Jackson II; Kentavious Caldwell-Pope; Jock Landale; Olivier-Maxence Prosper; Javon Small,Amen Thompson; Kevin Durant; Jabari Smith Jr.; Alperen Sengun; Reed Sheppard; Tari Eason; Josh Okogie; Clint Capela; Aaron Holiday; Steven Adams
2026-04-12,MIL,PHI,106,126,Ryan Rollins; A.J. Green; Myles Turner; Kyle Kuzma; Bobby Portis; Gary Trent Jr.; Jericho Sims; Kevin Porter Jr.; Giannis Antetokounmpo; Ousmane Dieng,Tyrese Maxey; VJ Edgecombe; Quentin Grimes; Dominick Barlow; Kelly Oubre Jr.; Adem Bona; Andre Drummond; Joel Embiid; Paul George; Justin Edwards
2026-04-12,NOP,MIN,126,132,Trey Murphy III; Saddiq Bey; Jeremiah Fears; Derik Queen; Zion Williamson; Herbert Jones; Yves Missi; Jordan Poole; Micah Peavy; Karlo Matković,Julius Randle; Donte DiVincenzo; Rudy Gobert; Jaden McDaniels; Anthony Edwards; Naz Reid; Bones Hyland; Mike Conley; Jaylen Clark; Ayo Dosunmu
2026-04-12,ORL,BOS,108,113,Desmond Bane; Paolo Banchero; Wendell Carter Jr.; Anthony Black; Tristan Da Silva; Jalen Suggs; Franz Wagner; Goga Bitadze; Noah Penda; Tyus Jones,Derrick White; Payton Pritchard; Jaylen Brown; Sam Hauser; Neemias Queta; Baylor Scheierman; Jordan Walsh; Anfernee Simons; Luka Garza; Hugo González
2026-04-12,PHX,OKC,135,103,Collin Gillespie; Royce O'Neale; Devin Booker; Oso Ighodaro; Dillon Brooks; Jordan Goodwin; Grayson Allen; Mark Williams; Ryan Dunn; Jalen Green,Shai Gilgeous-Alexander; Cason Wallace; Chet Holmgren; Luguentz Dort; Isaiah Joe; Ajay Mitchell; Aaron Wiggins; Jaylin Williams; Isaiah Hartenstein; Alex Caruso
2026-04-12,SAC,POR,110,122,DeMar DeRozan; Maxime Raynaud; Nique Clifford; Russell Westbrook; Precious Achiuwa; Malik Monk; Zach LaVine; Dennis Schröder; Dylan Cardwell; Daeqwon Plowden,Toumani Camara; Deni Avdija; Donovan Clingan; Jerami Grant; Jrue Holiday; Shaedon Sharpe; Sidy Cissoko; Kris Murray; Caleb Love; Robert Williams
2026-04-12,UTA,LAL,107,131,Ace Bailey; Kyle Filipowski; Keyonte George; Brice Sensabaugh; Cody Williams; Isaiah Collier; Lauri Markkanen; Svi Mykhailiuk; Jusuf Nurkić; Walter Clayton,Luka Dončić; Jake LaRavia; LeBron James; Deandre Ayton; Rui Hachimura; Marcus Smart; Austin Reaves; Jaxson Hayes; Jarred Vanderbilt; Luke Kennard
2026-04-12,WAS,CLE,117,130,Bub Carrington; Will Riley; Bilal Coulibaly; Tre Johnson; Kyshawn George; Justin Champagnie; Alex Sarr; CJ McCollum; Jamir Watkins; Anthony Gill,Donovan Mitchell; Evan Mobley; Jaylon Tyson; Jarrett Allen; Sam Merrill; Dean Wade; Craig Porter Jr.; De'Andre Hunter; Nae'Qwan Tomlin; James Harden
